Species,Bag_Color,Tank,MHW,SH_Tide,SH_Temp,Rep,Well_Plate,Slot,Weigh_Boat_g,B_S_T_g,B_S_g,Shell_g,Tissue_g,Shell.mg,Tissue.mg,CI,Notes
Ostrea lurida,Yellow,2,15,Tide,15,1,1,D5,0.0172,0.0239,0.0235,0.0063,4e-4,6.3,0.4,6.349,NA
Ostrea lurida,Yellow,2,15,Tide,15,2,1,D6,0.0176,0.0264,0.026,0.0084,4e-4,8.4,0.4,4.762,NA
Ostrea lurida,Yellow,2,15,Tide,15,3,1,D7,0.0155,0.0255,0.0249,0.0094,6e-4,9.4,0.6,6.383,NA
Ostrea lurida,Yellow,2,15,Tide,15,4,1,D8,0.0185,0.0322,0.0315,0.013,7e-4,13,0.7,5.385,NA
Ostrea lurida,Yellow,2,15,Tide,15,5,1,D9,0.0166,0.027,0.0265,0.0099,5e-4,9.9,0.5,5.051,NA
Ostrea lurida,Yellow,2,15,Tide,15,6,1,D10,0.0171,0.0285,0.0273,0.0102,0.0012,10.2,1.2,11.765,NA
Ostrea lurida,Yellow,2,15,Tide,15,7,1,D11,0.0203,0.0316,0.0308,0.0105,8e-4,10.5,0.8,7.619,NA
Ostrea lurida,Yellow,2,15,Tide,15,8,1,D12,0.0196,0.0325,0.0314,0.0118,0.0011,11.8,1.1,9.322,NA
Ostrea lurida,Yellow,2,15,Tide,15,9,1,E1,0.0167,0.0319,0.0316,0.0149,3e-4,14.9,0.3,2.013,NA
Ostrea lurida,Yellow,2,15,Tide,15,10,1,E2,0.0173,0.0375,0.0361,0.0188,0.0014,18.8,1.4,7.447,NA
Ostrea lurida,Yellow,2,15,Tide,21,1,1,E3,0.0183,0.0318,0.031,0.0127,8e-4,12.7,0.8,6.299,NA
Ostrea lurida,Yellow,2,15,Tide,21,2,1,E4,0.0242,0.0446,0.0435,0.0193,0.0011,19.3,1.1,5.699,NA
Ostrea lurida,Yellow,2,15,Tide,21,3,1,E5,0.0192,0.0259,0.0254,0.0062,5e-4,6.2,0.5,8.065,NA
Ostrea lurida,Yellow,2,15,Tide,21,4,1,E6,0.0205,0.0319,0.0312,0.0107,7e-4,10.7,0.7,6.542,NA
Ostrea lurida,Yellow,2,15,Tide,21,5,1,E7,0.021,0.038,0.0372,0.0162,8e-4,16.2,0.8,4.938,NA
Ostrea lurida,Yellow,2,15,Tide,21,6,1,E8,0.0197,0.0262,0.0259,0.0062,3e-4,6.2,0.3,4.839,NA
Ostrea lurida,Yellow,2,15,Tide,21,7,1,E9,0.0172,0.0409,0.0397,0.0225,0.0012,22.5,1.2,5.333,NA
Ostrea lurida,Yellow,2,15,Tide,21,8,1,E10,0.0208,0.0424,0.0414,0.0206,0.001,20.6,1,4.854,NA
Ostrea lurida,Yellow,2,15,Tide,21,9,1,E11,0.0156,0.021,0.0207,0.0051,3e-4,5.1,0.3,5.882,NA
Ostrea lurida,Yellow,2,15,Tide,21,10,1,E12,0.0162,0.0224,0.0219,0.0057,5e-4,5.7,0.5,8.772,NA
Ostrea lurida,Yellow,2,15,No Tide,15,1,1,F1,0.0178,0.0279,0.0272,0.0094,7e-4,9.4,0.7,7.447,NA
Ostrea lurida,Yellow,2,15,No Tide,15,2,1,F2,0.0227,0.0371,0.0362,0.0135,9e-4,13.5,0.9,6.667,NA
Ostrea lurida,Yellow,2,15,No Tide,15,3,1,F3,0.0171,0.0303,0.0294,0.0123,9e-4,12.3,0.9,7.317,NA
Ostrea lurida,Yellow,2,15,No Tide,15,4,1,F4,0.0184,0.0338,0.0328,0.0144,0.001,14.4,1,6.944,NA
Ostrea lurida,Yellow,2,15,No Tide,15,5,1,F5,0.0162,0.0328,0.0318,0.0156,0.001,15.6,1,6.41,NA
Ostrea lurida,Yellow,2,15,No Tide,15,6,1,F6,0.015,0.0302,0.0295,0.0145,7e-4,14.5,0.7,4.828,NA
Ostrea lurida,Yellow,2,15,No Tide,15,7,1,F7,0.0171,0.0309,0.03,0.0129,9e-4,12.9,0.9,6.977,NA
Ostrea lurida,Yellow,2,15,No Tide,15,8,1,F8,0.0193,0.0427,0.041,0.0217,0.0017,21.7,1.7,7.834,NA
Ostrea lurida,Yellow,2,15,No Tide,15,9,1,F9,0.018,0.0435,0.0421,0.0241,0.0014,24.1,1.4,5.809,NA
Ostrea lurida,Yellow,2,15,No Tide,15,10,1,F10,0.0164,0.0315,0.0307,0.0143,8e-4,14.3,0.8,5.594,NA
Ostrea lurida,Yellow,2,15,No Tide,21,1,1,F11,0.0177,0.0367,0.0355,0.0178,0.0012,17.8,1.2,6.742,NA
Ostrea lurida,Yellow,2,15,No Tide,21,2,1,F12,0.0151,0.0275,0.0269,0.0118,6e-4,11.8,0.6,5.085,NA
Ostrea lurida,Yellow,2,15,No Tide,21,3,1,G1,0.0202,0.0425,0.0413,0.0211,0.0012,21.1,1.2,5.687,NA
Ostrea lurida,Yellow,2,15,No Tide,21,4,1,G2,0.0174,0.0254,0.0248,0.0074,6e-4,7.4,0.6,8.108,NA
Ostrea lurida,Yellow,2,15,No Tide,21,5,1,G3,0.0167,0.0294,0.0287,0.012,7e-4,12,0.7,5.833,NA
Ostrea lurida,Yellow,2,15,No Tide,21,6,1,G4,0.0184,0.034,0.0332,0.0148,8e-4,14.8,0.8,5.405,NA
Ostrea lurida,Yellow,2,15,No Tide,21,7,1,G5,0.0196,0.0326,0.0319,0.0123,7e-4,12.3,0.7,5.691,NA
Ostrea lurida,Yellow,2,15,No Tide,21,8,1,G6,0.0155,0.0221,0.0217,0.0062,4e-4,6.2,0.4,6.452,NA
Ostrea lurida,Yellow,2,15,No Tide,21,9,1,G7,0.0178,0.0235,0.0231,0.0053,4e-4,5.3,0.4,7.547,NA
Ostrea lurida,Yellow,2,15,No Tide,21,10,1,G8,0.0182,0.29,0.0287,0.0035,0.2613,3.5,261.3,7465.714,NA
Ostrea lurida,Yellow,3,15,Tide,15,1,1,G9,0.0164,0.0307,0.0299,0.0067,8e-4,6.7,0.8,11.94,NA
Ostrea lurida,Yellow,3,15,Tide,15,2,1,G10,0.0177,0.0338,0.0329,0.011,9e-4,11,0.9,8.182,NA
Ostrea lurida,Yellow,3,15,Tide,15,3,1,G11,0.0158,0.0328,0.0318,0.0141,0.001,14.1,1,7.092,NA
Ostrea lurida,Yellow,3,15,Tide,15,4,1,G12,0.0224,0.04,0.039,0.0105,0.001,10.5,1,9.524,NA
Ostrea lurida,Yellow,3,15,Tide,15,5,1,H1,0.0179,0.0245,0.0239,0.0139,6e-4,13.9,0.6,4.317,NA
Ostrea lurida,Yellow,3,15,Tide,15,6,1,H2,0.0203,0.0355,0.0346,0.0187,9e-4,18.7,0.9,4.813,NA
Ostrea lurida,Yellow,3,15,Tide,15,7,1,H3,0.0186,0.0406,0.0394,0.0053,0.0012,5.3,1.2,22.642,NA
Ostrea lurida,Yellow,3,15,Tide,15,8,1,H4,0.0151,0.0254,0.0248,0.0195,6e-4,19.5,0.6,3.077,NA
Ostrea lurida,Yellow,3,15,Tide,15,9,1,H5,0.0175,0.0279,0.0273,0.0219,6e-4,21.9,0.6,2.74,NA
Ostrea lurida,Yellow,3,15,Tide,15,10,1,H6,0.0195,0.0268,0.0262,0.0067,6e-4,6.7,0.6,8.955,NA
Ostrea lurida,Yellow,3,15,Tide,21,1,1,H7,0.0172,0.03,0.0293,0.0121,7e-4,12.1,0.7,5.785,NA
Ostrea lurida,Yellow,3,15,Tide,21,2,1,H8,0.0187,0.0316,0.031,0.0123,6e-4,12.3,0.6,4.878,NA
Ostrea lurida,Yellow,3,15,Tide,21,3,1,H9,0.0217,0.0271,0.0268,0.0051,3e-4,5.1,0.3,5.882,NA
Ostrea lurida,Yellow,3,15,Tide,21,4,1,H10,0.0163,0.0274,0.0271,0.0108,3e-4,10.8,0.3,2.778,NA
Ostrea lurida,Yellow,3,15,Tide,21,5,1,H11,0.0149,0.0343,0.0335,0.0186,8e-4,18.6,0.8,4.301,NA
Ostrea lurida,Yellow,3,15,Tide,21,6,1,H12,0.0155,0.0522,0.0504,0.0349,0.0018,34.9,1.8,5.158,NA
Ostrea lurida,Yellow,3,15,Tide,21,7,2,A1,0.0183,0.0325,0.0317,0.0134,8e-4,13.4,0.8,5.97,NA
Ostrea lurida,Yellow,3,15,Tide,21,8,2,A2,0.0187,0.0367,0.0358,0.0171,9e-4,17.1,0.9,5.263,NA
Ostrea lurida,Yellow,3,15,Tide,21,9,2,A3,0.0279,0.0404,0.0395,0.0116,9e-4,11.6,0.9,7.759,NA
Ostrea lurida,Yellow,3,15,Tide,21,10,2,A4,0.0248,0.0352,0.0345,0.0097,7e-4,9.7,0.7,7.216,NA
Ostrea lurida,Yellow,3,15,No Tide,15,1,2,A5,0.0255,0.0464,0.0452,0.0197,0.0012,19.7,1.2,6.091,NA
Ostrea lurida,Yellow,3,15,No Tide,15,2,2,A6,0.0166,0.0245,0.024,0.0074,5e-4,7.4,0.5,6.757,NA
Ostrea lurida,Yellow,3,15,No Tide,15,3,2,A7,0.0203,0.0311,0.0305,0.0102,6e-4,10.2,0.6,5.882,NA
Ostrea lurida,Yellow,3,15,No Tide,15,4,2,A8,0.0213,0.0325,0.0319,0.0106,6e-4,10.6,0.6,5.66,NA
Ostrea lurida,Yellow,3,15,No Tide,15,5,2,A9,0.0196,0.0317,0.031,0.0114,7e-4,11.4,0.7,6.14,NA
Ostrea lurida,Yellow,3,15,No Tide,15,6,2,A10,0.0248,0.0458,0.0445,0.0197,0.0013,19.7,1.3,6.599,NA
Ostrea lurida,Yellow,3,15,No Tide,15,7,2,A11,0.019,0.0224,0.0223,0.0033,1e-4,3.3,0.1,3.03,NA
Ostrea lurida,Yellow,3,15,No Tide,15,8,2,A12,0.0209,0.0306,0.0305,0.0096,1e-4,9.6,0.1,1.042,NA
Ostrea lurida,Yellow,3,15,No Tide,15,9,2,B1,0.019,0.031,0.0304,0.0114,6e-4,11.4,0.6,5.263,NA
Ostrea lurida,Yellow,3,15,No Tide,15,10,2,B2,0.0188,0.0248,0.0243,0.0055,5e-4,5.5,0.5,9.091,NA
Ostrea lurida,Yellow,3,15,No Tide,21,1,2,B3,0.0168,0.0302,0.0298,0.013,4e-4,13,0.4,3.077,NA
Ostrea lurida,Yellow,3,15,No Tide,21,2,2,B4,0.0178,0.0246,0.0243,0.0065,3e-4,6.5,0.3,4.615,NA
Ostrea lurida,Yellow,3,15,No Tide,21,3,2,B5,0.0194,0.0303,0.0296,0.0102,7e-4,10.2,0.7,6.863,NA
Ostrea lurida,Yellow,3,15,No Tide,21,4,2,B6,0.0195,0.037,0.0361,0.0166,9e-4,16.6,0.9,5.422,NA
Ostrea lurida,Yellow,3,15,No Tide,21,5,2,B7,0.0155,0.0237,0.0231,0.0076,6e-4,7.6,0.6,7.895,NA
Ostrea lurida,Yellow,3,15,No Tide,21,6,2,B8,0.0209,0.0287,0.0282,0.0073,5e-4,7.3,0.5,6.849,NA
Ostrea lurida,Yellow,3,15,No Tide,21,7,2,B9,0.0157,0.0267,0.0263,0.0106,4e-4,10.6,0.4,3.774,NA
Ostrea lurida,Yellow,3,15,No Tide,21,8,2,B10,0.0222,0.0355,0.0348,0.0126,7e-4,12.6,0.7,5.556,NA
Ostrea lurida,Yellow,3,15,No Tide,21,9,2,B11,0.0233,0.0307,0.0304,0.0071,3e-4,7.1,0.3,4.225,NA
Ostrea lurida,Yellow,3,15,No Tide,21,10,2,B12,0.0249,0.0323,0.032,0.0071,3e-4,7.1,0.3,4.225,NA
Ostrea lurida,Yellow,4,15,Tide,15,1,2,C1,0.0179,0.0451,0.0436,0.0257,0.0015,25.7,1.5,5.837,NA
Ostrea lurida,Yellow,4,15,Tide,15,2,2,C2,0.0252,0.041,0.0399,0.0147,0.0011,14.7,1.1,7.483,NA
Ostrea lurida,Yellow,4,15,Tide,15,3,2,C3,0.017,0.0224,0.0222,0.0052,2e-4,5.2,0.2,3.846,NA
Ostrea lurida,Yellow,4,15,Tide,15,4,2,C4,0.0212,0.0311,0.0303,0.0091,8e-4,9.1,0.8,8.791,NA
Ostrea lurida,Yellow,4,15,Tide,15,5,2,C5,0.0142,0.0243,0.0239,0.0097,4e-4,9.7,0.4,4.124,NA
Ostrea lurida,Yellow,4,15,Tide,15,6,2,C6,0.0209,0.0511,0.0484,0.0275,0.0027,27.5,2.7,9.818,NA
Ostrea lurida,Yellow,4,15,Tide,15,7,2,C7,0.0192,0.0445,0.0433,0.0241,0.0012,24.1,1.2,4.979,NA
Ostrea lurida,Yellow,4,15,Tide,15,8,2,C8,0.0174,0.0396,0.0383,0.0209,0.0013,20.9,1.3,6.22,NA
Ostrea lurida,Yellow,4,15,Tide,15,9,2,C9,0.019,0.0305,0.0296,0.0106,9e-4,10.6,0.9,8.491,NA
Ostrea lurida,Yellow,4,15,Tide,15,10,2,C10,0.0206,0.0343,0.0338,0.0132,5e-4,13.2,0.5,3.788,NA
Ostrea lurida,Yellow,4,15,Tide,21,1,2,C11,0.0222,0.0305,0.0302,0.008,3e-4,8,0.3,3.75,NA
Ostrea lurida,Yellow,4,15,Tide,21,2,2,C12,0.016,0.0395,0.0383,0.0223,0.0012,22.3,1.2,5.381,NA
Ostrea lurida,Yellow,4,15,Tide,21,3,2,D1,0.0163,0.0225,0.0222,0.0059,3e-4,5.9,0.3,5.085,NA
Ostrea lurida,Yellow,4,15,Tide,21,4,2,D2,0.0206,0.038,0.0373,0.0167,7e-4,16.7,0.7,4.192,NA
Ostrea lurida,Yellow,4,15,Tide,21,5,2,D3,0.0196,0.0331,0.0326,0.013,5e-4,13,0.5,3.846,NA
Ostrea lurida,Yellow,4,15,Tide,21,6,2,D4,0.0207,0.041,0.0402,0.0195,8e-4,19.5,0.8,4.103,NA
Ostrea lurida,Yellow,4,15,Tide,21,7,2,D5,0.0204,0.0293,0.0287,0.0083,6e-4,8.3,0.6,7.229,NA
Ostrea lurida,Yellow,4,15,Tide,21,8,2,D6,0.021,0.029,0.0284,0.0074,6e-4,7.4,0.6,8.108,NA
Ostrea lurida,Yellow,4,15,Tide,21,9,2,D7,0.0207,0.0344,0.0321,0.0114,0.0023,11.4,2.3,20.175,NA
Ostrea lurida,Yellow,4,15,Tide,21,10,2,D8,0.0215,0.0482,0.0469,0.0254,0.0013,25.4,1.3,5.118,NA
Ostrea lurida,Yellow,4,15,No Tide,15,1,2,D9,0.016,0.0317,0.0314,0.0154,3e-4,15.4,0.3,1.948,NA
Ostrea lurida,Yellow,4,15,No Tide,15,2,2,D10,0.019,0.0318,0.0314,0.0124,4e-4,12.4,0.4,3.226,NA
Ostrea lurida,Yellow,4,15,No Tide,15,3,2,D11,0.0181,0.0357,0.0345,0.0164,0.0012,16.4,1.2,7.317,NA
Ostrea lurida,Yellow,4,15,No Tide,15,4,2,D12,0.0169,0.0309,0.0298,0.0129,0.0011,12.9,1.1,8.527,NA
Ostrea lurida,Yellow,4,15,No Tide,15,5,2,E1,0.0174,0.0312,0.031,0.0136,2e-4,13.6,0.2,1.471,NA
Ostrea lurida,Yellow,4,15,No Tide,15,6,2,E2,0.0176,0.0378,0.0368,0.0192,0.001,19.2,1,5.208,NA
Ostrea lurida,Yellow,4,15,No Tide,15,7,2,E3,0.0226,0.0411,0.0402,0.0176,9e-4,17.6,0.9,5.114,NA
Ostrea lurida,Yellow,4,15,No Tide,15,8,2,E4,0.0257,0.0352,0.0346,0.0089,6e-4,8.9,0.6,6.742,NA
Ostrea lurida,Yellow,4,15,No Tide,15,9,2,E5,0.0175,0.0323,0.0316,0.0141,7e-4,14.1,0.7,4.965,NA
Ostrea lurida,Yellow,4,15,No Tide,15,10,2,E6,0.0144,0.0271,0.0264,0.012,7e-4,12,0.7,5.833,NA
Ostrea lurida,Yellow,4,15,No Tide,21,1,2,E7,0.0193,0.0411,0.0399,0.0206,0.0012,20.6,1.2,5.825,NA
Ostrea lurida,Yellow,4,15,No Tide,21,2,2,E8,0.0178,0.0351,0.0343,0.0165,8e-4,16.5,0.8,4.848,NA
Ostrea lurida,Yellow,4,15,No Tide,21,3,2,E9,0.0171,0.0309,0.0302,0.0131,7e-4,13.1,0.7,5.344,NA
Ostrea lurida,Yellow,4,15,No Tide,21,4,2,E10,0.0199,0.0357,0.0352,0.0153,5e-4,15.3,0.5,3.268,NA
Ostrea lurida,Yellow,4,15,No Tide,21,5,2,E11,0.0201,0.0299,0.0293,0.0092,6e-4,9.2,0.6,6.522,NA
Ostrea lurida,Yellow,4,15,No Tide,21,6,2,E12,0.0168,0.0339,0.0328,0.016,0.0011,16,1.1,6.875,NA
Ostrea lurida,Yellow,4,15,No Tide,21,7,2,F1,0.0224,0.0391,0.0382,0.0158,9e-4,15.8,0.9,5.696,NA
Ostrea lurida,Yellow,4,15,No Tide,21,8,2,F2,0.0189,0.0258,0.0254,0.0065,4e-4,6.5,0.4,6.154,NA
Ostrea lurida,Yellow,4,15,No Tide,21,9,2,F3,0.0141,0.0253,0.0251,0.011,2e-4,11,0.2,1.818,NA
Ostrea lurida,Yellow,4,15,No Tide,21,10,2,F4,0.0199,0.0321,0.0315,0.0116,6e-4,11.6,0.6,5.172,NA
Ostrea lurida,Yellow,5,15,Tide,15,1,2,F5,0.0142,0.0376,0.0362,0.022,0.0014,22,1.4,6.364,NA
Ostrea lurida,Yellow,5,15,Tide,15,2,2,F6,0.0217,0.0293,0.0287,0.007,6e-4,7,0.6,8.571,NA
Ostrea lurida,Yellow,5,15,Tide,15,3,2,F7,0.0231,0.041,0.0399,0.0168,0.0011,16.8,1.1,6.548,NA
Ostrea lurida,Yellow,5,15,Tide,15,4,2,F8,0.0214,0.039,0.038,0.0166,0.001,16.6,1,6.024,NA
Ostrea lurida,Yellow,5,15,Tide,15,5,2,F9,0.0195,0.0281,0.0274,0.0079,7e-4,7.9,0.7,8.861,NA
Ostrea lurida,Yellow,5,15,Tide,15,6,2,F10,0.0147,0.0299,0.0291,0.0144,8e-4,14.4,0.8,5.556,NA
Ostrea lurida,Yellow,5,15,Tide,15,7,2,F11,0.0191,0.0252,0.0246,0.0055,6e-4,5.5,0.6,10.909,NA
Ostrea lurida,Yellow,5,15,Tide,15,8,2,F12,0.0221,0.0372,0.0361,0.014,0.0011,14,1.1,7.857,NA
Ostrea lurida,Yellow,5,15,Tide,15,9,2,G1,0.0187,0.0244,0.0239,0.0052,5e-4,5.2,0.5,9.615,NA
Ostrea lurida,Yellow,5,15,Tide,15,10,2,G2,0.02,0.0285,0.0279,0.0079,6e-4,7.9,0.6,7.595,NA
Ostrea lurida,Yellow,5,15,Tide,21,1,2,G3,0.0177,0.0219,0.0218,0.0041,1e-4,4.1,0.1,2.439,NA
Ostrea lurida,Yellow,5,15,Tide,21,2,2,G4,0.0189,0.031,0.0307,0.0118,3e-4,11.8,0.3,2.542,NA
Ostrea lurida,Yellow,5,15,Tide,21,3,2,G5,0.0172,0.0284,0.0278,0.0106,6e-4,10.6,0.6,5.66,NA
Ostrea lurida,Yellow,5,15,Tide,21,4,2,G6,0.0171,0.0252,0.0248,0.0077,4e-4,7.7,0.4,5.195,NA
Ostrea lurida,Yellow,5,15,Tide,21,5,2,G7,0.0216,0.0276,0.0273,0.0057,3e-4,5.7,0.3,5.263,NA
Ostrea lurida,Yellow,5,15,Tide,21,6,2,G8,0.0176,0.0369,0.036,0.0184,9e-4,18.4,0.9,4.891,NA
Ostrea lurida,Yellow,5,15,Tide,21,7,2,G9,0.0215,0.0289,0.0284,0.0069,5e-4,6.9,0.5,7.246,NA
Ostrea lurida,Yellow,5,15,Tide,21,8,2,G10,0.029,0.0386,0.0381,0.0091,5e-4,9.1,0.5,5.495,NA
Ostrea lurida,Yellow,5,15,Tide,21,9,2,G11,0.0239,0.0286,0.0285,0.0046,1e-4,4.6,0.1,2.174,NA
Ostrea lurida,Yellow,5,15,Tide,21,10,2,G12,0.0204,0.0277,0.0272,0.0068,5e-4,6.8,0.5,7.353,NA
Ostrea lurida,Yellow,5,15,No Tide,15,1,2,H1,0.0169,0.0471,0.0456,0.0287,0.0015,28.7,1.5,5.226,NA
Ostrea lurida,Yellow,5,15,No Tide,15,2,2,H2,0.0263,0.0449,0.0437,0.0174,0.0012,17.4,1.2,6.897,NA
Ostrea lurida,Yellow,5,15,No Tide,15,3,2,H3,0.0189,0.036,0.035,0.0161,0.001,16.1,1,6.211,NA
Ostrea lurida,Yellow,5,15,No Tide,15,4,2,H4,0.019,0.0281,0.0276,0.0086,5e-4,8.6,0.5,5.814,NA
Ostrea lurida,Yellow,5,15,No Tide,15,5,2,H5,0.019,0.028,0.0275,0.0085,5e-4,8.5,0.5,5.882,NA
Ostrea lurida,Yellow,5,15,No Tide,15,6,2,H6,0.0223,0.0436,0.0426,0.0203,0.001,20.3,1,4.926,NA
Ostrea lurida,Yellow,5,15,No Tide,15,7,2,H7,0.0182,0.0278,0.0273,0.0091,5e-4,9.1,0.5,5.495,NA
Ostrea lurida,Yellow,5,15,No Tide,15,8,2,H8,0.0241,0.0315,0.031,0.0069,5e-4,6.9,0.5,7.246,NA
Ostrea lurida,Yellow,5,15,No Tide,15,9,2,H9,0.0209,0.0295,0.029,0.0081,5e-4,8.1,0.5,6.173,NA
Ostrea lurida,Yellow,5,15,No Tide,15,10,2,H10,0.0166,0.0359,0.0349,0.0183,0.001,18.3,1,5.464,NA
Ostrea lurida,Yellow,5,15,No Tide,21,1,2,H11,0.0156,0.0316,0.03,0.0144,0.0016,14.4,1.6,11.111,NA
Ostrea lurida,Yellow,5,15,No Tide,21,2,2,H12,0.0182,0.0381,0.0373,0.0191,8e-4,19.1,0.8,4.188,NA
Ostrea lurida,Yellow,5,15,No Tide,21,3,3,A1,0.0166,0.0326,0.0318,0.0152,8e-4,15.2,0.8,5.263,NA
Ostrea lurida,Yellow,5,15,No Tide,21,4,3,A2,0.0215,0.045,0.0437,0.0222,0.0013,22.2,1.3,5.856,NA
Ostrea lurida,Yellow,5,15,No Tide,21,5,3,A3,0.0161,0.025,0.0247,0.0086,3e-4,8.6,0.3,3.488,NA
Ostrea lurida,Yellow,5,15,No Tide,21,6,3,A4,0.0198,0.0291,0.0285,0.0087,6e-4,8.7,0.6,6.897,NA
Ostrea lurida,Yellow,5,15,No Tide,21,7,3,A5,0.0175,0.03,0.0293,0.0118,7e-4,11.8,0.7,5.932,NA
Ostrea lurida,Yellow,5,15,No Tide,21,8,3,A6,0.0189,0.0393,0.0382,0.0193,0.0011,19.3,1.1,5.699,NA
Ostrea lurida,Yellow,5,15,No Tide,21,9,3,A7,0.0196,0.0313,0.0306,0.011,7e-4,11,0.7,6.364,NA
Ostrea lurida,Yellow,5,15,No Tide,21,10,3,A8,0.0191,0.0427,0.0418,0.0227,9e-4,22.7,0.9,3.965,NA
Ostrea lurida,Yellow,6,18,Tide,15,1,3,A9,0.0226,0.0381,0.0371,0.0145,0.001,14.5,1,6.897,NA
Ostrea lurida,Yellow,6,18,Tide,15,2,3,A10,0.0172,0.0298,0.0288,0.0116,0.001,11.6,1,8.621,NA
Ostrea lurida,Yellow,6,18,Tide,15,3,3,A11,0.0166,0.0337,0.0324,0.0158,0.0013,15.8,1.3,8.228,NA
Ostrea lurida,Yellow,6,18,Tide,15,4,3,A12,0.0186,0.0271,0.0266,0.008,5e-4,8,0.5,6.25,NA
Ostrea lurida,Yellow,6,18,Tide,15,5,3,B1,0.0213,0.0481,0.0468,0.0255,0.0013,25.5,1.3,5.098,NA
Ostrea lurida,Yellow,6,18,Tide,15,6,3,B2,0.019,0.0328,0.0319,0.0129,9e-4,12.9,0.9,6.977,NA
Ostrea lurida,Yellow,6,18,Tide,15,7,3,B3,0.016,0.0357,0.0346,0.0186,0.0011,18.6,1.1,5.914,NA
Ostrea lurida,Yellow,6,18,Tide,15,8,3,B4,0.0258,0.036,0.0353,0.0095,7e-4,9.5,0.7,7.368,NA
Ostrea lurida,Yellow,6,18,Tide,15,9,3,B5,0.0171,0.0423,0.041,0.0239,0.0013,23.9,1.3,5.439,NA
Ostrea lurida,Yellow,6,18,Tide,15,10,3,B6,0.0242,0.0454,0.0444,0.0202,0.001,20.2,1,4.95,NA
Ostrea lurida,Yellow,6,18,Tide,21,1,3,B7,0.014,0.0234,0.0229,0.0089,5e-4,8.9,0.5,5.618,NA
Ostrea lurida,Yellow,6,18,Tide,21,2,3,B8,0.0175,0.0341,0.0236,0.0061,0.0105,6.1,10.5,172.131,NA
Ostrea lurida,Yellow,6,18,Tide,21,3,3,B9,0.0148,0.0186,0.0184,0.0036,2e-4,3.6,0.2,5.556,NA
Ostrea lurida,Yellow,6,18,Tide,21,4,3,B10,0.023,0.0345,0.0339,0.0109,6e-4,10.9,0.6,5.505,NA
Ostrea lurida,Yellow,6,18,Tide,21,5,3,B11,0.0192,0.0259,0.0254,0.0062,5e-4,6.2,0.5,8.065,NA
Ostrea lurida,Yellow,6,18,Tide,21,6,3,B12,0.0197,0.0298,0.0292,0.0095,6e-4,9.5,0.6,6.316,NA
Ostrea lurida,Yellow,6,18,Tide,21,7,3,C1,0.0298,0.0402,0.0395,0.0097,7e-4,9.7,0.7,7.216,NA
Ostrea lurida,Yellow,6,18,Tide,21,8,3,C2,0.018,0.0274,0.027,0.009,4e-4,9,0.4,4.444,NA
Ostrea lurida,Yellow,6,18,Tide,21,9,3,C3,0.0157,0.0316,0.0308,0.0151,8e-4,15.1,0.8,5.298,NA
Ostrea lurida,Yellow,6,18,Tide,21,10,3,C4,0.0205,0.0357,0.0347,0.0142,0.001,14.2,1,7.042,NA
Ostrea lurida,Yellow,6,18,No Tide,15,1,3,C5,0.019,0.0426,0.0412,0.0222,0.0014,22.2,1.4,6.306,NA
Ostrea lurida,Yellow,6,18,No Tide,15,2,3,C6,0.015,0.0314,0.0306,0.0156,8e-4,15.6,0.8,5.128,NA
Ostrea lurida,Yellow,6,18,No Tide,15,3,3,C7,0.0155,0.0249,0.0243,0.0088,6e-4,8.8,0.6,6.818,NA
Ostrea lurida,Yellow,6,18,No Tide,15,4,3,C8,0.0156,0.0297,0.0288,0.0132,9e-4,13.2,0.9,6.818,NA
Ostrea lurida,Yellow,6,18,No Tide,15,5,3,C9,0.0131,0.0358,0.0348,0.0217,0.001,21.7,1,4.608,NA
Ostrea lurida,Yellow,6,18,No Tide,15,6,3,C10,0.0137,0.0223,0.0217,0.008,6e-4,8,0.6,7.5,NA
Ostrea lurida,Yellow,6,18,No Tide,15,7,3,C11,0.0169,0.0263,0.0258,0.0089,5e-4,8.9,0.5,5.618,NA
Ostrea lurida,Yellow,6,18,No Tide,15,8,3,C12,0.0204,0.0351,0.0341,0.0137,0.001,13.7,1,7.299,NA
Ostrea lurida,Yellow,6,18,No Tide,15,9,3,D1,0.0165,0.0283,0.0274,0.0109,9e-4,10.9,0.9,8.257,NA
Ostrea lurida,Yellow,6,18,No Tide,15,10,3,D2,0.011,0.0363,0.0342,0.0232,0.0021,23.2,2.1,9.052,NA
Ostrea lurida,Yellow,6,18,No Tide,21,1,3,D3,0.0148,0.0414,0.0401,0.0253,0.0013,25.3,1.3,5.138,NA
Ostrea lurida,Yellow,6,18,No Tide,21,2,3,D4,0.0139,0.038,0.0379,0.024,1e-4,24,0.1,0.417,NA
Ostrea lurida,Yellow,6,18,No Tide,21,3,3,D5,0.0247,0.0386,0.037,0.0123,0.0016,12.3,1.6,13.008,NA
Ostrea lurida,Yellow,6,18,No Tide,21,4,3,D6,0.0145,0.0337,0.0325,0.018,0.0012,18,1.2,6.667,NA
Ostrea lurida,Yellow,6,18,No Tide,21,5,3,D7,0.0167,0.0265,0.0261,0.0094,4e-4,9.4,0.4,4.255,NA
Ostrea lurida,Yellow,6,18,No Tide,21,6,3,D8,0.0186,0.042,0.0411,0.0225,9e-4,22.5,0.9,4,NA
Ostrea lurida,Yellow,6,18,No Tide,21,7,3,D9,0.0177,0.0261,0.0256,0.0079,5e-4,7.9,0.5,6.329,NA
Ostrea lurida,Yellow,6,18,No Tide,21,8,3,D10,0.0256,0.0474,0.0462,0.0206,0.0012,20.6,1.2,5.825,NA
Ostrea lurida,Yellow,6,18,No Tide,21,9,3,D11,0.0148,0.0344,0.0334,0.0186,0.001,18.6,1,5.376,NA
Ostrea lurida,Yellow,6,18,No Tide,21,10,3,D12,0.0307,0.0461,0.0453,0.0146,8e-4,14.6,0.8,5.479,NA
Ostrea lurida,Yellow,7,18,Tide,15,1,3,E1,0.0258,0.0575,0.0557,0.0299,0.0018,29.9,1.8,6.02,NA
Ostrea lurida,Yellow,7,18,Tide,15,2,3,E2,0.026,0.0393,0.0386,0.0126,7e-4,12.6,0.7,5.556,NA
Ostrea lurida,Yellow,7,18,Tide,15,3,3,E3,0.0186,0.0402,0.0394,0.0208,8e-4,20.8,0.8,3.846,NA
Ostrea lurida,Yellow,7,18,Tide,15,4,3,E4,0.0167,0.0293,0.0286,0.0119,7e-4,11.9,0.7,5.882,NA
Ostrea lurida,Yellow,7,18,Tide,15,5,3,E5,0.0141,0.0276,0.0271,0.013,5e-4,13,0.5,3.846,NA
Ostrea lurida,Yellow,7,18,Tide,15,6,3,E6,0.0288,0.0459,0.0448,0.016,0.0011,16,1.1,6.875,NA
Ostrea lurida,Yellow,7,18,Tide,15,7,3,E7,0.0183,0.0257,0.0253,0.007,4e-4,7,0.4,5.714,NA
Ostrea lurida,Yellow,7,18,Tide,15,8,3,E8,0.0248,0.0324,0.0321,0.0073,3e-4,7.3,0.3,4.11,NA
Ostrea lurida,Yellow,7,18,Tide,15,9,3,E9,0.024,0.0368,0.0361,0.0121,7e-4,12.1,0.7,5.785,NA
Ostrea lurida,Yellow,7,18,Tide,15,10,3,E10,0.0253,0.0428,0.042,0.0167,8e-4,16.7,0.8,4.79,NA
Ostrea lurida,Yellow,7,18,Tide,21,1,3,E11,0.0177,0.0263,0.0259,0.0082,4e-4,8.2,0.4,4.878,NA
Ostrea lurida,Yellow,7,18,Tide,21,2,3,E12,0.0217,0.0471,0.046,0.0243,0.0011,24.3,1.1,4.527,NA
Ostrea lurida,Yellow,7,18,Tide,21,3,3,F1,0.023,0.0356,0.0351,0.0121,5e-4,12.1,0.5,4.132,NA
Ostrea lurida,Yellow,7,18,Tide,21,4,3,F2,0.0237,0.048,0.0472,0.0235,8e-4,23.5,0.8,3.404,NA
Ostrea lurida,Yellow,7,18,Tide,21,5,3,F3,0.0212,0.0316,0.0313,0.0101,3e-4,10.1,0.3,2.97,NA
Ostrea lurida,Yellow,7,18,Tide,21,6,3,F4,0.0265,0.0405,0.0398,0.0133,7e-4,13.3,0.7,5.263,NA
Ostrea lurida,Yellow,7,18,Tide,21,7,3,F5,0.0198,0.0275,0.0272,0.0074,3e-4,7.4,0.3,4.054,NA
Ostrea lurida,Yellow,7,18,Tide,21,8,3,F6,0.0297,0.0514,0.0503,0.0206,0.0011,20.6,1.1,5.34,NA
Ostrea lurida,Yellow,7,18,Tide,21,9,3,F7,0.0154,0.024,0.0235,0.0081,5e-4,8.1,0.5,6.173,NA
Ostrea lurida,Yellow,7,18,Tide,21,10,3,F8,0.0188,0.0188,0.0188,0,0,0,0,NA,empty
Ostrea lurida,Yellow,7,18,No Tide,15,1,3,F9,0.0186,0.0341,0.0331,0.0145,0.001,14.5,1,6.897,NA
Ostrea lurida,Yellow,7,18,No Tide,15,2,3,F10,0.0348,0.0444,0.0436,0.0088,8e-4,8.8,0.8,9.091,NA
Ostrea lurida,Yellow,7,18,No Tide,15,3,3,F11,0.019,0.0268,0.0263,0.0073,5e-4,7.3,0.5,6.849,NA
Ostrea lurida,Yellow,7,18,No Tide,15,4,3,F12,0.0278,0.0565,0.055,0.0272,0.0015,27.2,1.5,5.515,NA
Ostrea lurida,Yellow,7,18,No Tide,15,5,3,G1,0.0206,0.0322,0.0313,0.0107,9e-4,10.7,0.9,8.411,NA
Ostrea lurida,Yellow,7,18,No Tide,15,6,3,G2,0.0161,0.0485,0.0469,0.0308,0.0016,30.8,1.6,5.195,NA
Ostrea lurida,Yellow,7,18,No Tide,15,7,3,G3,0.0162,0.031,0.0301,0.0139,9e-4,13.9,0.9,6.475,NA
Ostrea lurida,Yellow,7,18,No Tide,15,8,3,G4,0.0152,0.0297,0.029,0.0138,7e-4,13.8,0.7,5.072,NA
Ostrea lurida,Yellow,7,18,No Tide,15,9,3,G5,0.0201,0.0293,0.0287,0.0086,6e-4,8.6,0.6,6.977,NA
Ostrea lurida,Yellow,7,18,No Tide,15,10,3,G6,0.0181,0.0319,0.0313,0.0132,6e-4,13.2,0.6,4.545,NA
Ostrea lurida,Yellow,7,18,No Tide,21,1,3,G7,0.0186,0.0313,0.0306,0.012,7e-4,12,0.7,5.833,NA
Ostrea lurida,Yellow,7,18,No Tide,21,2,3,G8,0.0142,0.0303,0.0295,0.0153,8e-4,15.3,0.8,5.229,NA
Ostrea lurida,Yellow,7,18,No Tide,21,3,3,G9,0.0148,0.0431,0.0418,0.027,0.0013,27,1.3,4.815,NA
Ostrea lurida,Yellow,7,18,No Tide,21,4,3,G10,0.021,0.0296,0.0291,0.0081,5e-4,8.1,0.5,6.173,NA
Ostrea lurida,Yellow,7,18,No Tide,21,5,3,G11,0.0197,0.0283,0.0277,0.008,6e-4,8,0.6,7.5,NA
Ostrea lurida,Yellow,7,18,No Tide,21,6,3,G12,0.0178,0.0688,0.0666,0.0488,0.0022,48.8,2.2,4.508,NA
Ostrea lurida,Yellow,7,18,No Tide,21,7,3,H1,0.0208,0.0264,0.0258,0.005,6e-4,5,0.6,12,NA
Ostrea lurida,Yellow,7,18,No Tide,21,8,3,H2,0.0266,0.0461,0.045,0.0184,0.0011,18.4,1.1,5.978,NA
Ostrea lurida,Yellow,7,18,No Tide,21,9,3,H3,0.015,0.0298,0.0289,0.0139,9e-4,13.9,0.9,6.475,NA
Ostrea lurida,Yellow,7,18,No Tide,21,10,3,H4,0.0153,0.0362,0.0351,0.0198,0.0011,19.8,1.1,5.556,NA
Ostrea lurida,Yellow,8,18,Tide,15,1,3,H5,0.0175,0.0333,0.0322,0.0147,0.0011,14.7,1.1,7.483,NA
Ostrea lurida,Yellow,8,18,Tide,15,2,3,H6,0.0146,0.0237,0.023,0.0084,7e-4,8.4,0.7,8.333,NA
Ostrea lurida,Yellow,8,18,Tide,15,3,3,H7,0.0141,0.0329,0.0319,0.0178,0.001,17.8,1,5.618,NA
Ostrea lurida,Yellow,8,18,Tide,15,4,3,H8,0.0127,0.0267,0.0257,0.013,0.001,13,1,7.692,NA
Ostrea lurida,Yellow,8,18,Tide,15,5,3,H9,0.0115,0.0325,0.0214,0.0099,0.0111,9.9,11.1,112.121,NA
Ostrea lurida,Yellow,8,18,Tide,15,6,3,H10,0.0254,0.0374,0.0364,0.011,0.001,11,1,9.091,NA
Ostrea lurida,Yellow,8,18,Tide,15,7,3,H11,0.0148,0.0349,0.0336,0.0188,0.0013,18.8,1.3,6.915,NA
Ostrea lurida,Yellow,8,18,Tide,15,8,3,H12,0.0148,0.023,0.0225,0.0077,5e-4,7.7,0.5,6.494,NA
Ostrea lurida,Yellow,8,18,Tide,15,9,4,A1,0.0136,0.022,0.0168,0.0032,0.0052,3.2,5.2,162.5,NA
Ostrea lurida,Yellow,8,18,Tide,15,10,4,A2,0.0169,0.0399,0.025,0.0081,0.0149,8.1,14.9,183.951,NA
Ostrea lurida,Yellow,8,18,Tide,21,1,4,A3,0.0179,0.0306,0.0271,0.0092,0.0035,9.2,3.5,38.043,NA
Ostrea lurida,Yellow,8,18,Tide,21,2,4,A4,0.0133,0.0274,0.0268,0.0135,6e-4,13.5,0.6,4.444,NA
Ostrea lurida,Yellow,8,18,Tide,21,3,4,A5,0.0143,0.042,0.0408,0.0265,0.0012,26.5,1.2,4.528,NA
Ostrea lurida,Yellow,8,18,Tide,21,4,4,A6,0.0273,0.0401,0.0393,0.012,8e-4,12,0.8,6.667,NA
Ostrea lurida,Yellow,8,18,Tide,21,5,4,A7,0.015,0.0197,0.0195,0.0045,2e-4,4.5,0.2,4.444,NA
Ostrea lurida,Yellow,8,18,Tide,21,6,4,A8,0.0197,0.0359,0.0349,0.0152,0.001,15.2,1,6.579,NA
Ostrea lurida,Yellow,8,18,Tide,21,7,4,A9,0.0131,0.0253,0.0246,0.0115,7e-4,11.5,0.7,6.087,NA
Ostrea lurida,Yellow,8,18,Tide,21,8,4,A10,0.0132,0.0388,0.0367,0.0235,0.0021,23.5,2.1,8.936,NA
Ostrea lurida,Yellow,8,18,Tide,21,9,4,A11,0.0255,0.0428,0.0405,0.015,0.0023,15,2.3,15.333,NA
Ostrea lurida,Yellow,8,18,Tide,21,10,4,A12,0.014,0.02,0.0196,0.0056,4e-4,5.6,0.4,7.143,NA
Ostrea lurida,Yellow,8,18,No Tide,15,1,4,B1,0.016,0.03,0.0291,0.0131,9e-4,13.1,0.9,6.87,NA
Ostrea lurida,Yellow,8,18,No Tide,15,2,4,B2,0.0136,0.0275,0.0267,0.0131,8e-4,13.1,0.8,6.107,NA
Ostrea lurida,Yellow,8,18,No Tide,15,3,4,B3,0.016,0.0373,0.036,0.02,0.0013,20,1.3,6.5,NA
Ostrea lurida,Yellow,8,18,No Tide,15,4,4,B4,0.0213,0.0335,0.0327,0.0114,8e-4,11.4,0.8,7.018,NA
Ostrea lurida,Yellow,8,18,No Tide,15,5,4,B5,0.0148,0.0364,0.0327,0.0179,0.0037,17.9,3.7,20.67,NA
Ostrea lurida,Yellow,8,18,No Tide,15,6,4,B6,0.0178,0.0322,0.029,0.0112,0.0032,11.2,3.2,28.571,NA
Ostrea lurida,Yellow,8,18,No Tide,15,7,4,B7,0.0153,0.0416,0.0403,0.025,0.0013,25,1.3,5.2,NA
Ostrea lurida,Yellow,8,18,No Tide,15,8,4,B8,0.0187,0.0404,0.0391,0.0204,0.0013,20.4,1.3,6.373,NA
Ostrea lurida,Yellow,8,18,No Tide,15,9,4,B9,0.0159,0.0343,0.0334,0.0175,9e-4,17.5,0.9,5.143,NA
Ostrea lurida,Yellow,8,18,No Tide,15,10,4,B10,0.0166,0.0383,0.0363,0.0197,0.002,19.7,2,10.152,NA
Ostrea lurida,Yellow,8,18,No Tide,21,1,4,B11,0.0131,0.0407,0.0371,0.024,0.0036,24,3.6,15,NA
Ostrea lurida,Yellow,8,18,No Tide,21,2,4,B12,0.0188,0.05,0.0467,0.0279,0.0033,27.9,3.3,11.828,NA
Ostrea lurida,Yellow,8,18,No Tide,21,3,4,C1,0.0131,0.0323,0.0275,0.0144,0.0048,14.4,4.8,33.333,NA
Ostrea lurida,Yellow,8,18,No Tide,21,4,4,C2,0.0128,0.019,0.0172,0.0044,0.0018,4.4,1.8,40.909,NA
Ostrea lurida,Yellow,8,18,No Tide,21,5,4,C3,0.0181,0.0329,0.0316,0.0135,0.0013,13.5,1.3,9.63,NA
Ostrea lurida,Yellow,8,18,No Tide,21,6,4,C4,0.0134,0.032,0.0296,0.0162,0.0024,16.2,2.4,14.815,NA
Ostrea lurida,Yellow,8,18,No Tide,21,7,4,C5,0.0184,0.0332,0.0324,0.014,8e-4,14,0.8,5.714,NA
Ostrea lurida,Yellow,8,18,No Tide,21,8,4,C6,0.0139,0.0276,0.0268,0.0129,8e-4,12.9,0.8,6.202,NA
Ostrea lurida,Yellow,8,18,No Tide,21,9,4,C7,0.0129,0.0159,0.0157,0.0028,2e-4,2.8,0.2,7.143,NA
Ostrea lurida,Yellow,8,18,No Tide,21,10,4,C8,0.0224,0.0327,0.0268,0.0044,0.0059,4.4,5.9,134.091,NA
Ostrea lurida,Yellow,9,18,Tide,15,1,4,C9,0.0123,0.0322,0.0312,0.0189,0.001,18.9,1,5.291,NA
Ostrea lurida,Yellow,9,18,Tide,15,2,4,C10,0.0137,0.0237,0.0189,0.0052,0.0048,5.2,4.8,92.308,NA
Ostrea lurida,Yellow,9,18,Tide,15,3,4,C11,0.0158,0.0232,0.0177,0.0019,0.0055,1.9,5.5,289.474,NA
Ostrea lurida,Yellow,9,18,Tide,15,4,4,C12,0.0164,0.0283,0.0261,0.0097,0.0022,9.7,2.2,22.68,NA
Ostrea lurida,Yellow,9,18,Tide,15,5,4,D1,0.016,0.0283,0.0276,0.0116,7e-4,11.6,0.7,6.034,NA
Ostrea lurida,Yellow,9,18,Tide,15,6,4,D2,0.0203,0.0409,0.0399,0.0196,0.001,19.6,1,5.102,NA
Ostrea lurida,Yellow,9,18,Tide,15,7,4,D3,0.0123,0.0414,0.0399,0.0276,0.0015,27.6,1.5,5.435,NA
Ostrea lurida,Yellow,9,18,Tide,15,8,4,D4,0.0135,0.0307,0.0276,0.0141,0.0031,14.1,3.1,21.986,NA
Ostrea lurida,Yellow,9,18,Tide,15,9,4,D5,0.0251,0.0308,0.0299,0.0048,9e-4,4.8,0.9,18.75,NA
Ostrea lurida,Yellow,9,18,Tide,15,10,4,D6,0.0138,0.0292,0.0291,0.0153,1e-4,15.3,0.1,0.654,NA
Ostrea lurida,Yellow,9,18,Tide,21,1,4,D7,0.0111,0.033,0.0319,0.0208,0.0011,20.8,1.1,5.288,NA
Ostrea lurida,Yellow,9,18,Tide,21,2,4,D8,0.0157,0.0283,0.0278,0.0121,5e-4,12.1,0.5,4.132,NA
Ostrea lurida,Yellow,9,18,Tide,21,3,4,D9,0.0159,0.024,0.0238,0.0079,2e-4,7.9,0.2,2.532,NA
Ostrea lurida,Yellow,9,18,Tide,21,4,4,D10,0.0195,0.0302,0.0296,0.0101,6e-4,10.1,0.6,5.941,NA
Ostrea lurida,Yellow,9,18,Tide,21,5,4,D11,0.0138,0.0287,0.0275,0.0137,0.0012,13.7,1.2,8.759,NA
Ostrea lurida,Yellow,9,18,Tide,21,6,4,D12,0.0129,0.0326,0.0289,0.016,0.0037,16,3.7,23.125,NA
Ostrea lurida,Yellow,9,18,Tide,21,7,4,E1,0.0174,0.0314,0.0305,0.0131,9e-4,13.1,0.9,6.87,NA
Ostrea lurida,Yellow,9,18,Tide,21,8,4,E2,0.0168,0.0247,0.0211,0.0043,0.0036,4.3,3.6,83.721,NA
Ostrea lurida,Yellow,9,18,Tide,21,9,4,E3,0.0133,0.0212,0.0135,2e-4,0.0077,0.2,7.7,3850,NA
Ostrea lurida,Yellow,9,18,Tide,21,10,4,E4,0.0221,0.0266,0.0243,0.0022,0.0023,2.2,2.3,104.545,NA
Ostrea lurida,Yellow,9,18,No Tide,15,1,4,E5,0.015,0.0285,0.0279,0.0129,6e-4,12.9,0.6,4.651,NA
Ostrea lurida,Yellow,9,18,No Tide,15,2,4,E6,0.0154,0.0223,0.022,0.0066,3e-4,6.6,0.3,4.545,NA
Ostrea lurida,Yellow,9,18,No Tide,15,3,4,E7,0.014,0.029,0.0279,0.0139,0.0011,13.9,1.1,7.914,NA
Ostrea lurida,Yellow,9,18,No Tide,15,4,4,E8,0.0136,0.0198,0.0193,0.0057,5e-4,5.7,0.5,8.772,NA
Ostrea lurida,Yellow,9,18,No Tide,15,5,4,E9,0.0156,0.0265,0.0259,0.0103,6e-4,10.3,0.6,5.825,NA
Ostrea lurida,Yellow,9,18,No Tide,15,6,4,E10,0.0137,0.0278,0.0263,0.0126,0.0015,12.6,1.5,11.905,NA
Ostrea lurida,Yellow,9,18,No Tide,15,7,4,E11,0.0185,0.0272,0.0263,0.0078,9e-4,7.8,0.9,11.538,NA
Ostrea lurida,Yellow,9,18,No Tide,15,8,4,E12,0.0204,0.0297,0.0291,0.0087,6e-4,8.7,0.6,6.897,NA
Ostrea lurida,Yellow,9,18,No Tide,15,9,4,F1,0.0166,0.0265,0.025,0.0084,0.0015,8.4,1.5,17.857,NA
Ostrea lurida,Yellow,9,18,No Tide,15,10,4,F2,0.0208,0.0407,0.0401,0.0193,6e-4,19.3,0.6,3.109,NA
Ostrea lurida,Yellow,9,18,No Tide,21,1,4,F3,0.0183,0.041,0.0397,0.0214,0.0013,21.4,1.3,6.075,NA
Ostrea lurida,Yellow,9,18,No Tide,21,2,4,F4,0.0211,0.0286,0.0282,0.0071,4e-4,7.1,0.4,5.634,NA
Ostrea lurida,Yellow,9,18,No Tide,21,3,4,F5,0.0179,0.0276,0.0271,0.0092,5e-4,9.2,0.5,5.435,NA
Ostrea lurida,Yellow,9,18,No Tide,21,4,4,F6,0.0174,0.0257,0.0253,0.0079,4e-4,7.9,0.4,5.063,NA
Ostrea lurida,Yellow,9,18,No Tide,21,5,4,F7,0.0137,0.0273,0.0267,0.013,6e-4,13,0.6,4.615,NA
Ostrea lurida,Yellow,9,18,No Tide,21,6,4,F8,0.0231,0.0329,0.0324,0.0093,5e-4,9.3,0.5,5.376,NA
Ostrea lurida,Yellow,9,18,No Tide,21,7,4,F9,0.0223,0.042,0.0411,0.0188,9e-4,18.8,0.9,4.787,NA
Ostrea lurida,Yellow,9,18,No Tide,21,8,4,F10,0.0159,0.0336,0.0328,0.0169,8e-4,16.9,0.8,4.734,NA
Ostrea lurida,Yellow,9,18,No Tide,21,9,4,F11,0.016,0.027,0.0263,0.0103,7e-4,10.3,0.7,6.796,NA
Ostrea lurida,Yellow,9,18,No Tide,21,10,4,F12,0.0225,0.0379,0.0371,0.0146,8e-4,14.6,0.8,5.479,NA
Ostrea lurida,Yellow,10,18,Tide,15,1,4,G1,0.0226,0.0489,0.0423,0.0197,0.0066,19.7,6.6,33.503,NA
Ostrea lurida,Yellow,10,18,Tide,15,2,4,G2,0.0201,0.0336,0.032,0.0119,0.0016,11.9,1.6,13.445,NA
Ostrea lurida,Yellow,10,18,Tide,15,3,4,G3,0.0168,0.0295,0.0285,0.0117,0.001,11.7,1,8.547,NA
Ostrea lurida,Yellow,10,18,Tide,15,4,4,G4,0.0223,0.03,0.0295,0.0072,5e-4,7.2,0.5,6.944,NA
Ostrea lurida,Yellow,10,18,Tide,15,5,4,G5,0.0191,0.0329,0.0328,0.0137,1e-4,13.7,0.1,0.73,NA
Ostrea lurida,Yellow,10,18,Tide,15,6,4,G6,0.019,0.0297,0.029,0.01,7e-4,10,0.7,7,NA
Ostrea lurida,Yellow,10,18,Tide,15,7,4,G7,0.0225,0.0344,0.0335,0.011,9e-4,11,0.9,8.182,NA
Ostrea lurida,Yellow,10,18,Tide,15,8,4,G8,0.0241,0.0404,0.0394,0.0153,0.001,15.3,1,6.536,NA
Ostrea lurida,Yellow,10,18,Tide,15,9,4,G9,0.0183,0.0305,0.0297,0.0114,8e-4,11.4,0.8,7.018,NA
Ostrea lurida,Yellow,10,18,Tide,15,10,4,G10,0.0185,0.0285,0.0275,0.009,0.001,9,1,11.111,NA
Ostrea lurida,Yellow,10,18,Tide,21,1,4,G11,0.0207,0.0454,0.0443,0.0236,0.0011,23.6,1.1,4.661,NA
Ostrea lurida,Yellow,10,18,Tide,21,2,4,G12,0.0187,0.0336,0.0325,0.0138,0.0011,13.8,1.1,7.971,NA
Ostrea lurida,Yellow,10,18,Tide,21,3,4,H1,0.0186,0.0349,0.0341,0.0155,8e-4,15.5,0.8,5.161,NA
Ostrea lurida,Yellow,10,18,Tide,21,4,4,H2,0.018,0.0288,0.0281,0.0101,7e-4,10.1,0.7,6.931,NA
Ostrea lurida,Yellow,10,18,Tide,21,5,4,H3,0.0267,0.0517,0.0505,0.0238,0.0012,23.8,1.2,5.042,NA
Ostrea lurida,Yellow,10,18,Tide,21,6,4,H4,0.0165,0.0371,0.0358,0.0193,0.0013,19.3,1.3,6.736,NA
Ostrea lurida,Yellow,10,18,Tide,21,7,4,H5,0.0187,0.0481,0.0468,0.0281,0.0013,28.1,1.3,4.626,NA
Ostrea lurida,Yellow,10,18,Tide,21,8,4,H6,0.0194,0.0291,0.0285,0.0091,6e-4,9.1,0.6,6.593,NA
Ostrea lurida,Yellow,10,18,Tide,21,9,4,H7,0.0152,0.0293,0.0288,0.0136,5e-4,13.6,0.5,3.676,NA
Ostrea lurida,Yellow,10,18,Tide,21,10,4,H8,0.0123,0.0289,0.0276,0.0153,0.0013,15.3,1.3,8.497,NA
Ostrea lurida,Yellow,10,18,No Tide,15,1,4,H9,0.019,0.0253,0.0246,0.0056,7e-4,5.6,0.7,12.5,NA
Ostrea lurida,Yellow,10,18,No Tide,15,2,4,H10,0.0154,0.0288,0.0277,0.0123,0.0011,12.3,1.1,8.943,NA
Ostrea lurida,Yellow,10,18,No Tide,15,3,4,H11,0.0179,0.0333,0.0324,0.0145,9e-4,14.5,0.9,6.207,NA
Ostrea lurida,Yellow,10,18,No Tide,15,4,4,H12,0.0144,0.031,0.0295,0.0151,0.0015,15.1,1.5,9.934,NA
Ostrea lurida,Yellow,10,18,No Tide,15,5,5,A1,0.0178,0.0291,0.0284,0.0106,7e-4,10.6,0.7,6.604,NA
Ostrea lurida,Yellow,10,18,No Tide,15,6,5,A2,0.0229,0.0297,0.0294,0.0065,3e-4,6.5,0.3,4.615,NA
Ostrea lurida,Yellow,10,18,No Tide,15,7,5,A3,0.0185,0.0433,0.0421,0.0236,0.0012,23.6,1.2,5.085,NA
Ostrea lurida,Yellow,10,18,No Tide,15,8,5,A4,0.0196,0.0543,0.0527,0.0331,0.0016,33.1,1.6,4.834,NA
Ostrea lurida,Yellow,10,18,No Tide,15,9,5,A5,0.0174,0.0253,0.0246,0.0072,7e-4,7.2,0.7,9.722,NA
Ostrea lurida,Yellow,10,18,No Tide,15,10,5,A6,0.0228,0.0527,0.051,0.0282,0.0017,28.2,1.7,6.028,NA
Ostrea lurida,Yellow,10,18,No Tide,21,1,5,A7,0.0189,0.0324,0.0316,0.0127,8e-4,12.7,0.8,6.299,NA
Ostrea lurida,Yellow,10,18,No Tide,21,2,5,A8,0.0189,0.0339,0.0328,0.0139,0.0011,13.9,1.1,7.914,NA
Ostrea lurida,Yellow,10,18,No Tide,21,3,5,A9,0.0187,0.0427,0.0403,0.0216,0.0024,21.6,2.4,11.111,NA
Ostrea lurida,Yellow,10,18,No Tide,21,4,5,A10,0.0189,0.0304,0.0295,0.0106,9e-4,10.6,0.9,8.491,NA
Ostrea lurida,Yellow,10,18,No Tide,21,5,5,A11,0.018,0.0426,0.0406,0.0226,0.002,22.6,2,8.85,NA
Ostrea lurida,Yellow,10,18,No Tide,21,6,5,A12,0.0183,0.0274,0.0267,0.0084,7e-4,8.4,0.7,8.333,NA
Ostrea lurida,Yellow,10,18,No Tide,21,7,5,B1,0.0192,0.0306,0.0298,0.0106,8e-4,10.6,0.8,7.547,NA
Ostrea lurida,Yellow,10,18,No Tide,21,8,5,B2,0.0174,0.0249,0.0243,0.0069,6e-4,6.9,0.6,8.696,NA
Ostrea lurida,Yellow,10,18,No Tide,21,9,5,B3,0.0186,0.0245,0.0239,0.0053,6e-4,5.3,0.6,11.321,NA
Ostrea lurida,Yellow,10,18,No Tide,21,10,5,B4,0.0198,0.0447,0.0423,0.0225,0.0024,22.5,2.4,10.667,NA
Ostrea lurida,Yellow,11,24,Tide,15,1,5,B5,0.0171,0.0423,0.0409,0.0238,0.0014,23.8,1.4,5.882,NA
Ostrea lurida,Yellow,11,24,Tide,15,2,5,B6,0.0146,0.0236,0.0229,0.0083,7e-4,8.3,0.7,8.434,NA
Ostrea lurida,Yellow,11,24,Tide,15,3,5,B7,0.0202,0.035,0.0342,0.014,8e-4,14,0.8,5.714,NA
Ostrea lurida,Yellow,11,24,Tide,15,4,5,B8,0.021,0.0388,0.0379,0.0169,9e-4,16.9,0.9,5.325,NA
Ostrea lurida,Yellow,11,24,Tide,15,5,5,B9,0.0226,0.0374,0.0365,0.0139,9e-4,13.9,0.9,6.475,NA
Ostrea lurida,Yellow,11,24,Tide,15,6,5,B10,0.0147,0.0275,0.027,0.0123,5e-4,12.3,0.5,4.065,NA
Ostrea lurida,Yellow,11,24,Tide,15,7,5,B11,0.0201,0.0357,0.0347,0.0146,0.001,14.6,1,6.849,NA
Ostrea lurida,Yellow,11,24,Tide,15,8,5,B12,0.0129,0.0316,0.0316,0.0187,0,18.7,0,0,*DEAD*
Ostrea lurida,Yellow,11,24,Tide,15,9,5,C1,0.0106,0.0303,0.0291,0.0185,0.0012,18.5,1.2,6.486,NA
Ostrea lurida,Yellow,11,24,Tide,15,10,5,C2,0.0136,0.0296,0.2871,0.2735,-0.2575,273.5,-257.5,-94.15,NA
Ostrea lurida,Yellow,11,24,Tide,21,1,5,C3,0.0129,0.0254,0.0245,0.0116,9e-4,11.6,0.9,7.759,NA
Ostrea lurida,Yellow,11,24,Tide,21,2,5,C4,0.0153,0.0391,0.0377,0.0224,0.0014,22.4,1.4,6.25,NA
Ostrea lurida,Yellow,11,24,Tide,21,3,5,C5,0.015,0.0235,0.0227,0.0077,8e-4,7.7,0.8,10.39,NA
Ostrea lurida,Yellow,11,24,Tide,21,4,5,C6,0.0192,0.0403,0.0373,0.0181,0.003,18.1,3,16.575,NA
Ostrea lurida,Yellow,11,24,Tide,21,5,5,C7,0.014,0.0342,0.0333,0.0193,9e-4,19.3,0.9,4.663,NA
Ostrea lurida,Yellow,11,24,Tide,21,6,5,C8,0.0221,0.061,0.0593,0.0372,0.0017,37.2,1.7,4.57,NA
Ostrea lurida,Yellow,11,24,Tide,21,7,5,C9,0.0134,0.021,0.0206,0.0072,4e-4,7.2,0.4,5.556,NA
Ostrea lurida,Yellow,11,24,Tide,21,8,5,C10,0.0184,0.0264,0.0253,0.0069,0.0011,6.9,1.1,15.942,NA
Ostrea lurida,Yellow,11,24,Tide,21,9,5,C11,0.0151,0.027,0.0252,0.0101,0.0018,10.1,1.8,17.822,NA
Ostrea lurida,Yellow,11,24,Tide,21,10,5,C12,0.0173,0.0246,0.0229,0.0056,0.0017,5.6,1.7,30.357,NA
Ostrea lurida,Yellow,11,24,No Tide,15,1,5,D1,0.017,0.0445,0.0419,0.0249,0.0026,24.9,2.6,10.442,NA
Ostrea lurida,Yellow,11,24,No Tide,15,2,5,D2,0.0133,0.0233,0.0224,0.0091,9e-4,9.1,0.9,9.89,NA
Ostrea lurida,Yellow,11,24,No Tide,15,3,5,D3,0.0178,0.034,0.0325,0.0147,0.0015,14.7,1.5,10.204,NA
Ostrea lurida,Yellow,11,24,No Tide,15,4,5,D4,0.0137,0.0267,0.0261,0.0124,6e-4,12.4,0.6,4.839,NA
Ostrea lurida,Yellow,11,24,No Tide,15,5,5,D5,0.0163,0.0451,0.0439,0.0276,0.0012,27.6,1.2,4.348,NA
Ostrea lurida,Yellow,11,24,No Tide,15,6,5,D6,0.0135,0.0237,0.023,0.0095,7e-4,9.5,0.7,7.368,NA
Ostrea lurida,Yellow,11,24,No Tide,15,7,5,D7,0.019,0.0328,0.0321,0.0131,7e-4,13.1,0.7,5.344,NA
Ostrea lurida,Yellow,11,24,No Tide,15,8,5,D8,0.0253,0.0396,0.0381,0.0128,0.0015,12.8,1.5,11.719,NA
Ostrea lurida,Yellow,11,24,No Tide,15,9,5,D9,0.0218,0.0374,0.0362,0.0144,0.0012,14.4,1.2,8.333,NA
Ostrea lurida,Yellow,11,24,No Tide,15,10,5,D10,0.0145,0.0248,0.0242,0.0097,6e-4,9.7,0.6,6.186,NA
Ostrea lurida,Yellow,11,24,No Tide,21,1,5,D11,0.0096,0.0248,0.0239,0.0143,9e-4,14.3,0.9,6.294,NA
Ostrea lurida,Yellow,11,24,No Tide,21,2,5,D12,0.0126,0.0431,0.0411,0.0285,0.002,28.5,2,7.018,NA
Ostrea lurida,Yellow,11,24,No Tide,21,3,5,E1,0.0217,0.0295,0.0291,0.0074,4e-4,7.4,0.4,5.405,NA
Ostrea lurida,Yellow,11,24,No Tide,21,4,5,E2,0.0141,0.0222,0.0217,0.0076,5e-4,7.6,0.5,6.579,NA
Ostrea lurida,Yellow,11,24,No Tide,21,5,5,E3,0.0218,0.0338,0.0332,0.0114,6e-4,11.4,0.6,5.263,NA
Ostrea lurida,Yellow,11,24,No Tide,21,6,5,E4,0.0162,0.0264,0.0256,0.0094,8e-4,9.4,0.8,8.511,NA
Ostrea lurida,Yellow,11,24,No Tide,21,7,5,E5,0.0154,0.0231,0.0223,0.0069,8e-4,6.9,0.8,11.594,NA
Ostrea lurida,Yellow,11,24,No Tide,21,8,5,E6,0.0165,0.0233,0.0229,0.0064,4e-4,6.4,0.4,6.25,NA
Ostrea lurida,Yellow,11,24,No Tide,21,9,5,E7,0.0149,0.0204,0.0201,0.0052,3e-4,5.2,0.3,5.769,NA
Ostrea lurida,Yellow,11,24,No Tide,21,10,5,E8,0.0218,0.0273,0.0267,0.0049,6e-4,4.9,0.6,12.245,NA
Ostrea lurida,Yellow,12,24,Tide,15,1,5,E9,0.013,0.027,0.0263,0.0133,7e-4,13.3,0.7,5.263,NA
Ostrea lurida,Yellow,12,24,Tide,15,2,5,E10,0.0352,0.0458,0.0454,0.0102,4e-4,10.2,0.4,3.922,NA
Ostrea lurida,Yellow,12,24,Tide,15,3,5,E11,0.0158,0.028,0.0273,0.0115,7e-4,11.5,0.7,6.087,NA
Ostrea lurida,Yellow,12,24,Tide,15,4,5,E12,0.0156,0.0316,0.0306,0.015,0.001,15,1,6.667,NA
Ostrea lurida,Yellow,12,24,Tide,15,5,5,F1,0.0165,0.0369,0.0357,0.0192,0.0012,19.2,1.2,6.25,NA
Ostrea lurida,Yellow,12,24,Tide,15,6,5,F2,0.0156,0.0279,0.027,0.0114,9e-4,11.4,0.9,7.895,NA
Ostrea lurida,Yellow,12,24,Tide,15,7,5,F3,0.0167,0.0299,0.029,0.0123,9e-4,12.3,0.9,7.317,NA
Ostrea lurida,Yellow,12,24,Tide,15,8,5,F4,0.0176,0.0319,0.0306,0.013,0.0013,13,1.3,10,NA
Ostrea lurida,Yellow,12,24,Tide,15,9,5,F5,0.0162,0.0402,0.0382,0.022,0.002,22,2,9.091,NA
Ostrea lurida,Yellow,12,24,Tide,15,10,5,F6,0.0142,0.0312,0.0303,0.0161,9e-4,16.1,0.9,5.59,NA
Ostrea lurida,Yellow,12,24,Tide,21,1,5,F7,0.0187,0.0382,0.0373,0.0186,9e-4,18.6,0.9,4.839,NA
Ostrea lurida,Yellow,12,24,Tide,21,2,5,F8,0.0145,0.0244,0.0239,0.0094,5e-4,9.4,0.5,5.319,NA
Ostrea lurida,Yellow,12,24,Tide,21,3,5,F9,0.0169,0.0277,0.0271,0.0102,6e-4,10.2,0.6,5.882,NA
Ostrea lurida,Yellow,12,24,Tide,21,4,5,F10,0.0169,0.023,0.0227,0.0058,3e-4,5.8,0.3,5.172,NA
Ostrea lurida,Yellow,12,24,Tide,21,5,5,F11,0.019,0.029,0.0283,0.0093,7e-4,9.3,0.7,7.527,NA
Ostrea lurida,Yellow,12,24,Tide,21,6,5,F12,0.013,0.0451,0.0391,0.0261,0.006,26.1,6,22.989,NA
Ostrea lurida,Yellow,12,24,Tide,21,7,5,G1,0.0146,0.0247,0.0241,0.0095,6e-4,9.5,0.6,6.316,NA
Ostrea lurida,Yellow,12,24,Tide,21,8,5,G2,0.0129,0.0306,0.0296,0.0167,0.001,16.7,1,5.988,NA
Ostrea lurida,Yellow,12,24,Tide,21,9,5,G3,0.0172,0.0287,0.024,0.0068,0.0047,6.8,4.7,69.118,NA
Ostrea lurida,Yellow,12,24,Tide,21,10,5,G4,0.0157,0.0415,0.028,0.0123,0.0135,12.3,13.5,109.756,NA
Ostrea lurida,Yellow,12,24,No Tide,15,1,5,G5,0.0139,0.0447,0.0394,0.0255,0.0053,25.5,5.3,20.784,NA
Ostrea lurida,Yellow,12,24,No Tide,15,2,5,G6,0.0146,0.0422,0.0401,0.0255,0.0021,25.5,2.1,8.235,NA
Ostrea lurida,Yellow,12,24,No Tide,15,3,5,G7,0.016,0.0298,0.0288,0.0128,0.001,12.8,1,7.812,NA
Ostrea lurida,Yellow,12,24,No Tide,15,4,5,G8,0.0152,0.0303,0.0298,0.0146,5e-4,14.6,0.5,3.425,NA
Ostrea lurida,Yellow,12,24,No Tide,15,5,5,G9,0.0176,0.0374,0.036,0.0184,0.0014,18.4,1.4,7.609,NA
Ostrea lurida,Yellow,12,24,No Tide,15,6,5,G10,0.0172,0.0429,0.0415,0.0243,0.0014,24.3,1.4,5.761,NA
Ostrea lurida,Yellow,12,24,No Tide,15,7,5,G11,0.0161,0.0601,0.0555,0.0394,0.0046,39.4,4.6,11.675,NA
Ostrea lurida,Yellow,12,24,No Tide,15,8,5,G12,0.0195,0.0393,0.0383,0.0188,0.001,18.8,1,5.319,NA
Ostrea lurida,Yellow,12,24,No Tide,15,9,5,H1,0.0205,0.0471,0.0457,0.0252,0.0014,25.2,1.4,5.556,NA
Ostrea lurida,Yellow,12,24,No Tide,15,10,5,H2,0.0167,0.0354,0.0338,0.0171,0.0016,17.1,1.6,9.357,NA
Ostrea lurida,Yellow,12,24,No Tide,21,1,5,H3,0.0166,0.0407,0.0266,0.01,0.0141,10,14.1,141,NA
Ostrea lurida,Yellow,12,24,No Tide,21,2,5,H4,0.0108,0.0283,0.0386,0.0278,-0.0103,27.8,-10.3,-37.05,NA
Ostrea lurida,Yellow,12,24,No Tide,21,3,5,H5,0.0126,0.0189,0.0184,0.0058,5e-4,5.8,0.5,8.621,NA
Ostrea lurida,Yellow,12,24,No Tide,21,4,5,H6,0.0178,0.0311,0.0301,0.0123,0.001,12.3,1,8.13,NA
Ostrea lurida,Yellow,12,24,No Tide,21,5,5,H7,0.0174,0.0255,0.0252,0.0078,3e-4,7.8,0.3,3.846,NA
Ostrea lurida,Yellow,12,24,No Tide,21,6,5,H8,0.0245,0.0355,0.035,0.0105,5e-4,10.5,0.5,4.762,NA
Ostrea lurida,Yellow,12,24,No Tide,21,7,5,H9,0.0183,0.0313,0.0307,0.0124,6e-4,12.4,0.6,4.839,NA
Ostrea lurida,Yellow,12,24,No Tide,21,8,5,H10,0.0166,0.037,0.0361,0.0195,9e-4,19.5,0.9,4.615,NA
Ostrea lurida,Yellow,12,24,No Tide,21,9,5,H11,0.0155,0.0278,0.0271,0.0116,7e-4,11.6,0.7,6.034,NA
Ostrea lurida,Yellow,12,24,No Tide,21,10,5,H12,0.0131,0.0187,0.0131,0,0.0056,0,5.6,NA,*DEAD*
Ostrea lurida,Yellow,13,24,Tide,15,1,5,A1,0.0159,0.0221,0.0215,0.0056,6e-4,5.6,0.6,10.714,NA
Ostrea lurida,Yellow,13,24,Tide,15,2,5,A2,0.0195,0.037,0.0361,0.0166,9e-4,16.6,0.9,5.422,NA
Ostrea lurida,Yellow,13,24,Tide,15,3,5,A3,0.0162,0.0338,0.0328,0.0166,0.001,16.6,1,6.024,NA
Ostrea lurida,Yellow,13,24,Tide,15,4,5,A4,0.0148,0.0239,0.0234,0.0086,5e-4,8.6,0.5,5.814,NA
Ostrea lurida,Yellow,13,24,Tide,15,5,5,A5,0.02,0.0336,0.033,0.013,6e-4,13,0.6,4.615,NA
Ostrea lurida,Yellow,13,24,Tide,15,6,5,A6,0.0209,0.0348,0.0339,0.013,9e-4,13,0.9,6.923,NA
Ostrea lurida,Yellow,13,24,Tide,15,7,5,A7,0.0222,0.0384,0.0375,0.0153,9e-4,15.3,0.9,5.882,NA
Ostrea lurida,Yellow,13,24,Tide,15,8,5,A8,0.0263,0.0483,0.0472,0.0209,0.0011,20.9,1.1,5.263,NA
Ostrea lurida,Yellow,13,24,Tide,15,9,5,A9,0.0178,0.0306,0.0299,0.0121,7e-4,12.1,0.7,5.785,NA
Ostrea lurida,Yellow,13,24,Tide,15,10,5,A10,0.0146,0.0223,0.022,0.0074,3e-4,7.4,0.3,4.054,NA
Ostrea lurida,Yellow,13,24,Tide,21,1,5,A11,0.0219,0.0309,0.03,0.0081,9e-4,8.1,0.9,11.111,NA
Ostrea lurida,Yellow,13,24,Tide,21,2,5,A12,0.0208,0.0293,0.0286,0.0078,7e-4,7.8,0.7,8.974,NA
Ostrea lurida,Yellow,13,24,Tide,21,3,5,B1,0.0227,0.0364,0.0355,0.0128,9e-4,12.8,0.9,7.031,NA
Ostrea lurida,Yellow,13,24,Tide,21,4,5,B2,0.0195,0.0325,0.0319,0.0124,6e-4,12.4,0.6,4.839,NA
Ostrea lurida,Yellow,13,24,Tide,21,5,5,B3,0.0189,0.0373,0.0362,0.0173,0.0011,17.3,1.1,6.358,NA
Ostrea lurida,Yellow,13,24,Tide,21,6,5,B4,0.0188,0.0277,0.0272,0.0084,5e-4,8.4,0.5,5.952,NA
Ostrea lurida,Yellow,13,24,Tide,21,7,5,B5,0.018,0.0426,0.0417,0.0237,9e-4,23.7,0.9,3.797,NA
Ostrea lurida,Yellow,13,24,Tide,21,8,5,B6,0.0181,0.0322,0.0315,0.0134,7e-4,13.4,0.7,5.224,NA
Ostrea lurida,Yellow,13,24,Tide,21,9,5,B7,0.0186,0.0305,0.0299,0.0113,6e-4,11.3,0.6,5.31,NA
Ostrea lurida,Yellow,13,24,Tide,21,10,5,B8,0.0187,0.0308,0.0302,0.0115,6e-4,11.5,0.6,5.217,NA
Ostrea lurida,Yellow,13,24,No Tide,15,1,5,B9,0.0163,0.0248,0.0245,0.0082,3e-4,8.2,0.3,3.659,NA
Ostrea lurida,Yellow,13,24,No Tide,15,2,5,B10,0.0193,0.0271,0.0266,0.0073,5e-4,7.3,0.5,6.849,NA
Ostrea lurida,Yellow,13,24,No Tide,15,3,5,B11,0.0167,0.0362,0.035,0.0183,0.0012,18.3,1.2,6.557,NA
Ostrea lurida,Yellow,13,24,No Tide,15,4,5,B12,0.0155,0.0306,0.0296,0.0141,0.001,14.1,1,7.092,NA
Ostrea lurida,Yellow,13,24,No Tide,15,5,5,C1,0.0176,0.0387,0.0372,0.0196,0.0015,19.6,1.5,7.653,NA
Ostrea lurida,Yellow,13,24,No Tide,15,6,5,C2,0.0203,0.0324,0.0313,0.011,0.0011,11,1.1,10,NA
Ostrea lurida,Yellow,13,24,No Tide,15,7,5,C3,0.0198,0.0396,0.0384,0.0186,0.0012,18.6,1.2,6.452,NA
Ostrea lurida,Yellow,13,24,No Tide,15,8,5,C4,0.019,0.0378,0.0367,0.0177,0.0011,17.7,1.1,6.215,NA
Ostrea lurida,Yellow,13,24,No Tide,15,9,5,C5,0.017,0.0323,0.0314,0.0144,9e-4,14.4,0.9,6.25,NA
Ostrea lurida,Yellow,13,24,No Tide,15,10,5,C6,0.0217,0.0553,0.0536,0.0319,0.0017,31.9,1.7,5.329,NA
Ostrea lurida,Yellow,13,24,No Tide,21,1,5,C7,0.0226,0.0388,0.0381,0.0155,7e-4,15.5,0.7,4.516,NA
Ostrea lurida,Yellow,13,24,No Tide,21,2,5,C8,0.0251,0.0428,0.042,0.0169,8e-4,16.9,0.8,4.734,NA
Ostrea lurida,Yellow,13,24,No Tide,21,3,5,C9,0.02,0.0318,0.031,0.011,8e-4,11,0.8,7.273,NA
Ostrea lurida,Yellow,13,24,No Tide,21,4,5,C10,0.0191,0.0268,0.0262,0.0071,6e-4,7.1,0.6,8.451,NA
Ostrea lurida,Yellow,13,24,No Tide,21,5,5,C11,0.0209,0.0277,0.0273,0.0064,4e-4,6.4,0.4,6.25,NA
Ostrea lurida,Yellow,13,24,No Tide,21,6,5,C12,0.0183,0.0452,0.0432,0.0249,0.002,24.9,2,8.032,NA
Ostrea lurida,Yellow,13,24,No Tide,21,7,5,D1,0.0185,0.0289,0.0284,0.0099,5e-4,9.9,0.5,5.051,NA
Ostrea lurida,Yellow,13,24,No Tide,21,8,5,D2,0.017,0.0324,0.0313,0.0143,0.0011,14.3,1.1,7.692,NA
Ostrea lurida,Yellow,13,24,No Tide,21,9,5,D3,0.0181,0.0296,0.0289,0.0108,7e-4,10.8,0.7,6.481,NA
Ostrea lurida,Yellow,13,24,No Tide,21,10,5,D4,0.0261,0.0457,0.0446,0.0185,0.0011,18.5,1.1,5.946,NA
Ostrea lurida,Yellow,14,24,Tide,15,1,5,D5,0.0181,0.0346,0.0337,0.0156,9e-4,15.6,0.9,5.769,NA
Ostrea lurida,Yellow,14,24,Tide,15,2,5,D6,0.019,0.0325,0.0316,0.0126,9e-4,12.6,0.9,7.143,NA
Ostrea lurida,Yellow,14,24,Tide,15,3,5,D7,0.0208,0.0312,0.0307,0.0099,5e-4,9.9,0.5,5.051,NA
Ostrea lurida,Yellow,14,24,Tide,15,4,5,D8,0.0163,0.0264,0.0258,0.0095,6e-4,9.5,0.6,6.316,NA
Ostrea lurida,Yellow,14,24,Tide,15,5,5,D9,0.0246,0.0472,0.0462,0.0216,0.001,21.6,1,4.63,NA
Ostrea lurida,Yellow,14,24,Tide,15,6,5,D10,0.0183,0.0273,0.0266,0.0083,7e-4,8.3,0.7,8.434,NA
Ostrea lurida,Yellow,14,24,Tide,15,7,5,D11,0.0211,0.0602,0.0579,0.0368,0.0023,36.8,2.3,6.25,NA
Ostrea lurida,Yellow,14,24,Tide,15,8,5,D12,0.0194,0.0437,0.0426,0.0232,0.0011,23.2,1.1,4.741,NA
Ostrea lurida,Yellow,14,24,Tide,15,9,5,E1,0.0193,0.0367,0.0355,0.0162,0.0012,16.2,1.2,7.407,NA
Ostrea lurida,Yellow,14,24,Tide,15,10,5,E2,0.0199,0.0323,0.0318,0.0119,5e-4,11.9,0.5,4.202,NA
Ostrea lurida,Yellow,14,24,Tide,21,1,5,E3,0.018,0.0269,0.0265,0.0085,4e-4,8.5,0.4,4.706,NA
Ostrea lurida,Yellow,14,24,Tide,21,2,5,E4,0.0191,0.0313,0.0309,0.0118,4e-4,11.8,0.4,3.39,NA
Ostrea lurida,Yellow,14,24,Tide,21,3,5,E5,0.0187,0.043,0.0418,0.0231,0.0012,23.1,1.2,5.195,NA
Ostrea lurida,Yellow,14,24,Tide,21,4,5,E6,0.0194,0.0336,0.0326,0.0132,0.001,13.2,1,7.576,NA
Ostrea lurida,Yellow,14,24,Tide,21,5,5,E7,0.0208,0.0309,0.0305,0.0097,4e-4,9.7,0.4,4.124,NA
Ostrea lurida,Yellow,14,24,Tide,21,6,5,E8,0.0201,0.0418,0.0408,0.0207,0.001,20.7,1,4.831,NA
Ostrea lurida,Yellow,14,24,Tide,21,7,5,E9,0.021,0.0323,0.0318,0.0108,5e-4,10.8,0.5,4.63,NA
Ostrea lurida,Yellow,14,24,Tide,21,8,5,E10,0.0183,0.0303,0.0296,0.0113,7e-4,11.3,0.7,6.195,NA
Ostrea lurida,Yellow,14,24,Tide,21,9,5,E11,0.0184,0.0269,0.0261,0.0077,8e-4,7.7,0.8,10.39,NA
Ostrea lurida,Yellow,14,24,Tide,21,10,5,E12,0.0195,0.0392,0.038,0.0185,0.0012,18.5,1.2,6.486,NA
Ostrea lurida,Yellow,14,24,No Tide,15,1,5,F1,0.0193,0.0345,0.0335,0.0142,0.001,14.2,1,7.042,NA
Ostrea lurida,Yellow,14,24,No Tide,15,2,5,F2,0.0166,0.0269,0.0263,0.0097,6e-4,9.7,0.6,6.186,NA
Ostrea lurida,Yellow,14,24,No Tide,15,3,5,F3,0.0233,0.0392,0.0381,0.0148,0.0011,14.8,1.1,7.432,NA
Ostrea lurida,Yellow,14,24,No Tide,15,4,5,F4,0.019,0.0324,0.0314,0.0124,0.001,12.4,1,8.065,NA
Ostrea lurida,Yellow,14,24,No Tide,15,5,5,F5,0.0272,0.0441,0.0431,0.0159,0.001,15.9,1,6.289,NA
Ostrea lurida,Yellow,14,24,No Tide,15,6,5,F6,0.0185,0.0271,0.0267,0.0082,4e-4,8.2,0.4,4.878,NA
Ostrea lurida,Yellow,14,24,No Tide,15,7,5,F7,0.0158,0.0313,0.0305,0.0147,8e-4,14.7,0.8,5.442,NA
Ostrea lurida,Yellow,14,24,No Tide,15,8,5,F8,0.0193,0.0342,0.0333,0.014,9e-4,14,0.9,6.429,NA
Ostrea lurida,Yellow,14,24,No Tide,15,9,5,F9,0.0151,0.0254,0.0247,0.0096,7e-4,9.6,0.7,7.292,NA
Ostrea lurida,Yellow,14,24,No Tide,15,10,5,F10,0.0186,0.0336,0.0328,0.0142,8e-4,14.2,0.8,5.634,NA
Ostrea lurida,Yellow,14,24,No Tide,21,1,5,F11,0.0206,0.0298,0.0292,0.0086,6e-4,8.6,0.6,6.977,NA
Ostrea lurida,Yellow,14,24,No Tide,21,2,5,F12,0.0198,0.0321,0.0316,0.0118,5e-4,11.8,0.5,4.237,NA
Ostrea lurida,Yellow,14,24,No Tide,21,3,5,G1,0.0238,0.0343,0.0335,0.0097,8e-4,9.7,0.8,8.247,NA
Ostrea lurida,Yellow,14,24,No Tide,21,4,5,G2,0.0195,0.0356,0.0345,0.015,0.0011,15,1.1,7.333,NA
Ostrea lurida,Yellow,14,24,No Tide,21,5,5,G3,0.0187,0.0317,0.0307,0.012,0.001,12,1,8.333,NA
Ostrea lurida,Yellow,14,24,No Tide,21,6,5,G4,0.0184,0.0257,0.0252,0.0068,5e-4,6.8,0.5,7.353,NA
Ostrea lurida,Yellow,14,24,No Tide,21,7,5,G5,0.0201,0.0336,0.0329,0.0128,7e-4,12.8,0.7,5.469,NA
Ostrea lurida,Yellow,14,24,No Tide,21,8,5,G6,0.0218,0.0327,0.0322,0.0104,5e-4,10.4,0.5,4.808,NA
Ostrea lurida,Yellow,14,24,No Tide,21,9,5,G7,0.0189,0.0265,0.0259,0.007,6e-4,7,0.6,8.571,NA
Ostrea lurida,Yellow,14,24,No Tide,21,10,5,G8,0.0151,0.0365,0.0353,0.0202,0.0012,20.2,1.2,5.941,NA
Ostrea lurida,Yellow,15,24,Tide,15,1,5,G9,0.0177,0.032,0.0312,0.0135,8e-4,13.5,0.8,5.926,NA
Ostrea lurida,Yellow,15,24,Tide,15,2,5,G10,0.0194,0.0314,0.0307,0.0113,7e-4,11.3,0.7,6.195,NA
Ostrea lurida,Yellow,15,24,Tide,15,3,5,G11,0.0204,0.041,0.0397,0.0193,0.0013,19.3,1.3,6.736,NA
Ostrea lurida,Yellow,15,24,Tide,15,4,5,G12,0.0199,0.0447,0.0433,0.0234,0.0014,23.4,1.4,5.983,NA
Ostrea lurida,Yellow,15,24,Tide,15,5,5,H1,0.0191,0.0391,0.0381,0.019,0.001,19,1,5.263,NA
Ostrea lurida,Yellow,15,24,Tide,15,6,5,H2,0.0182,0.0325,0.0315,0.0133,0.001,13.3,1,7.519,NA
Ostrea lurida,Yellow,15,24,Tide,15,7,5,H3,0.0194,0.0273,0.0267,0.0073,6e-4,7.3,0.6,8.219,NA
Ostrea lurida,Yellow,15,24,Tide,15,8,5,H4,0.0195,0.0497,0.0483,0.0288,0.0014,28.8,1.4,4.861,NA
Ostrea lurida,Yellow,15,24,Tide,15,9,5,H5,0.0192,0.0292,0.0281,0.0089,0.0011,8.9,1.1,12.36,NA
Ostrea lurida,Yellow,15,24,Tide,15,10,5,H6,0.0172,0.0322,0.0313,0.0141,9e-4,14.1,0.9,6.383,NA
Ostrea lurida,Yellow,15,24,Tide,21,1,5,H7,0.0165,0.0257,0.0251,0.0086,6e-4,8.6,0.6,6.977,NA
Ostrea lurida,Yellow,15,24,Tide,21,2,5,H8,0.0176,0.0335,0.0325,0.0149,0.001,14.9,1,6.711,NA
Ostrea lurida,Yellow,15,24,Tide,21,3,5,H9,0.018,0.0497,0.048,0.03,0.0017,30,1.7,5.667,NA
Ostrea lurida,Yellow,15,24,Tide,21,4,5,H10,0.0146,0.0259,0.0253,0.0107,6e-4,10.7,0.6,5.607,NA
Ostrea lurida,Yellow,15,24,Tide,21,5,5,H11,0.0198,0.0268,0.0263,0.0065,5e-4,6.5,0.5,7.692,NA
Ostrea lurida,Yellow,15,24,Tide,21,6,5,H12,0.0164,0.0279,0.0272,0.0108,7e-4,10.8,0.7,6.481,NA
Ostrea lurida,Yellow,15,24,Tide,21,7,5,A1,0.0173,0.0401,0.0387,0.0214,0.0014,21.4,1.4,6.542,NA
Ostrea lurida,Yellow,15,24,Tide,21,8,5,A2,0.019,0.0331,0.0322,0.0132,9e-4,13.2,0.9,6.818,NA
Ostrea lurida,Yellow,15,24,Tide,21,9,5,A3,0.0179,0.0352,0.0342,0.0163,0.001,16.3,1,6.135,NA
Ostrea lurida,Yellow,15,24,Tide,21,10,5,A4,0.0176,0.0476,0.0464,0.0288,0.0012,28.8,1.2,4.167,NA
Ostrea lurida,Yellow,15,24,No Tide,15,1,5,A5,0.0186,0.0309,0.0301,0.0115,8e-4,11.5,0.8,6.957,NA
Ostrea lurida,Yellow,15,24,No Tide,15,2,5,A6,0.0191,0.0263,0.0258,0.0067,5e-4,6.7,0.5,7.463,NA
Ostrea lurida,Yellow,15,24,No Tide,15,3,5,A7,0.0197,0.0316,0.0308,0.0111,8e-4,11.1,0.8,7.207,NA
Ostrea lurida,Yellow,15,24,No Tide,15,4,5,A8,0.0205,0.0298,0.0292,0.0087,6e-4,8.7,0.6,6.897,NA
Ostrea lurida,Yellow,15,24,No Tide,15,5,5,A9,0.0178,0.0278,0.0272,0.0094,6e-4,9.4,0.6,6.383,NA
Ostrea lurida,Yellow,15,24,No Tide,15,6,5,A10,0.0191,0.0251,0.0244,0.0053,7e-4,5.3,0.7,13.208,NA
Ostrea lurida,Yellow,15,24,No Tide,15,7,5,A11,0.019,0.0316,0.0308,0.0118,8e-4,11.8,0.8,6.78,NA
Ostrea lurida,Yellow,15,24,No Tide,15,8,5,A12,0.016,0.0247,0.0239,0.0079,8e-4,7.9,0.8,10.127,NA
Ostrea lurida,Yellow,15,24,No Tide,15,9,5,B1,0.0199,0.0371,0.0362,0.0163,9e-4,16.3,0.9,5.521,NA
Ostrea lurida,Yellow,15,24,No Tide,15,10,5,B2,0.0164,0.0313,0.0302,0.0138,0.0011,13.8,1.1,7.971,NA
Ostrea lurida,Yellow,15,24,No Tide,21,1,5,B3,0.0167,0.0261,0.0255,0.0088,6e-4,8.8,0.6,6.818,NA
Ostrea lurida,Yellow,15,24,No Tide,21,2,5,B4,0.0351,0.0297,0.0289,-0.0062,8e-4,-6.2,0.8,-12.903,NA
Ostrea lurida,Yellow,15,24,No Tide,21,3,5,B5,0.0182,0.0254,0.0249,0.0067,5e-4,6.7,0.5,7.463,NA
Ostrea lurida,Yellow,15,24,No Tide,21,4,5,B6,0.0185,0.0355,0.0342,0.0157,0.0013,15.7,1.3,8.28,NA
Ostrea lurida,Yellow,15,24,No Tide,21,5,5,B7,0.0195,0.0277,0.0275,0.008,2e-4,8,0.2,2.5,NA
Ostrea lurida,Yellow,15,24,No Tide,21,6,5,B8,0.0255,0.0485,0.0474,0.0219,0.0011,21.9,1.1,5.023,NA
Ostrea lurida,Yellow,15,24,No Tide,21,7,5,B9,0.02,0.0415,0.0405,0.0205,0.001,20.5,1,4.878,NA
Ostrea lurida,Yellow,15,24,No Tide,21,8,5,B10,0.0241,0.049,0.0475,0.0234,0.0015,23.4,1.5,6.41,NA
Ostrea lurida,Yellow,15,24,No Tide,21,9,5,B11,0.0179,0.0376,0.0363,0.0184,0.0013,18.4,1.3,7.065,NA
Ostrea lurida,Yellow,15,24,No Tide,21,10,5,B12,0.021,0.0349,0.034,0.013,9e-4,13,0.9,6.923,NA
Ostrea lurida,Yellow,16,21,Tide,15,1,5,C1,0.0167,0.0426,0.0409,0.0242,0.0017,24.2,1.7,7.025,NA
Ostrea lurida,Yellow,16,21,Tide,15,2,5,C2,0.02,0.0327,0.0316,0.0116,0.0011,11.6,1.1,9.483,NA
Ostrea lurida,Yellow,16,21,Tide,15,3,5,C3,0.0157,0.0254,0.0248,0.0091,6e-4,9.1,0.6,6.593,NA
Ostrea lurida,Yellow,16,21,Tide,15,4,5,C4,0.0193,0.0319,0.0311,0.0118,8e-4,11.8,0.8,6.78,NA
Ostrea lurida,Yellow,16,21,Tide,15,5,5,C5,0.0194,0.0427,0.041,0.0216,0.0017,21.6,1.7,7.87,NA
Ostrea lurida,Yellow,16,21,Tide,15,6,5,C6,0.021,0.0381,0.0368,0.0158,0.0013,15.8,1.3,8.228,NA
Ostrea lurida,Yellow,16,21,Tide,15,7,5,C7,0.0173,0.0282,0.0273,0.01,9e-4,10,0.9,9,NA
Ostrea lurida,Yellow,16,21,Tide,15,8,5,C8,0.0172,0.0268,0.0259,0.0087,9e-4,8.7,0.9,10.345,NA
Ostrea lurida,Yellow,16,21,Tide,15,9,5,C9,0.0163,0.0371,0.0357,0.0194,0.0014,19.4,1.4,7.216,NA
Ostrea lurida,Yellow,16,21,Tide,15,10,5,C10,0.0182,0.0183,0.0182,0,1e-4,0,0.1,NA,*DEAD*
Ostrea lurida,Yellow,16,21,Tide,21,1,5,C11,0.017,0.0367,0.0354,0.0184,0.0013,18.4,1.3,7.065,NA
Ostrea lurida,Yellow,16,21,Tide,21,2,5,C12,0.0176,0.0238,0.0232,0.0056,6e-4,5.6,0.6,10.714,NA
Ostrea lurida,Yellow,16,21,Tide,21,3,5,D1,0.0187,0.0308,0.0299,0.0112,9e-4,11.2,0.9,8.036,NA
Ostrea lurida,Yellow,16,21,Tide,21,4,5,D2,0.0209,0.0461,0.0445,0.0236,0.0016,23.6,1.6,6.78,NA
Ostrea lurida,Yellow,16,21,Tide,21,5,5,D3,0.0221,0.0302,0.0295,0.0074,7e-4,7.4,0.7,9.459,NA
Ostrea lurida,Yellow,16,21,Tide,21,6,5,D4,0.0203,0.0303,0.0295,0.0092,8e-4,9.2,0.8,8.696,NA
Ostrea lurida,Yellow,16,21,Tide,21,7,5,D5,0.0203,0.0327,0.0317,0.0114,0.001,11.4,1,8.772,NA
Ostrea lurida,Yellow,16,21,Tide,21,8,5,D6,0.0154,0.0256,0.0248,0.0094,8e-4,9.4,0.8,8.511,NA
Ostrea lurida,Yellow,16,21,Tide,21,9,5,D7,0.0151,0.0323,0.0312,0.0161,0.0011,16.1,1.1,6.832,NA
Ostrea lurida,Yellow,16,21,Tide,21,10,5,D8,0.0173,0.029,0.028,0.0107,0.001,10.7,1,9.346,NA
Ostrea lurida,Yellow,16,21,No Tide,15,1,5,D9,0.0197,0.0382,0.0369,0.0172,0.0013,17.2,1.3,7.558,NA
Ostrea lurida,Yellow,16,21,No Tide,15,2,5,D10,0.0186,0.033,0.0321,0.0135,9e-4,13.5,0.9,6.667,NA
Ostrea lurida,Yellow,16,21,No Tide,15,3,5,D11,0.0195,0.0311,0.0302,0.0107,9e-4,10.7,0.9,8.411,NA
Ostrea lurida,Yellow,16,21,No Tide,15,4,5,D12,0.0212,0.0376,0.0366,0.0154,0.001,15.4,1,6.494,NA
Ostrea lurida,Yellow,16,21,No Tide,15,5,5,E1,0.0184,0.0419,0.0409,0.0225,0.001,22.5,1,4.444,NA
Ostrea lurida,Yellow,16,21,No Tide,15,6,5,E2,0.0223,0.0455,0.0437,0.0214,0.0018,21.4,1.8,8.411,NA
Ostrea lurida,Yellow,16,21,No Tide,15,7,5,E3,0.0174,0.0361,0.0348,0.0174,0.0013,17.4,1.3,7.471,NA
Ostrea lurida,Yellow,16,21,No Tide,15,8,5,E4,0.0219,0.032,0.0313,0.0094,7e-4,9.4,0.7,7.447,NA
Ostrea lurida,Yellow,16,21,No Tide,15,9,5,E5,0.0173,0.0296,0.0289,0.0116,7e-4,11.6,0.7,6.034,NA
Ostrea lurida,Yellow,16,21,No Tide,15,10,5,E6,0.0218,0.0297,0.0291,0.0073,6e-4,7.3,0.6,8.219,NA
Ostrea lurida,Yellow,16,21,No Tide,21,1,5,E7,0.0256,0.0507,0.0481,0.0225,0.0026,22.5,2.6,11.556,NA
Ostrea lurida,Yellow,16,21,No Tide,21,2,5,E8,0.0169,0.0374,0.0368,0.0199,6e-4,19.9,0.6,3.015,NA
Ostrea lurida,Yellow,16,21,No Tide,21,3,5,E9,0.0213,0.0433,0.0422,0.0209,0.0011,20.9,1.1,5.263,NA
Ostrea lurida,Yellow,16,21,No Tide,21,4,5,E10,0.0177,0.0435,0.042,0.0243,0.0015,24.3,1.5,6.173,NA
Ostrea lurida,Yellow,16,21,No Tide,21,5,5,E11,0.0198,0.054,0.0517,0.0319,0.0023,31.9,2.3,7.21,NA
Ostrea lurida,Yellow,16,21,No Tide,21,6,5,E12,0.0158,0.0327,0.0318,0.016,9e-4,16,0.9,5.625,NA
Ostrea lurida,Yellow,16,21,No Tide,21,7,5,F1,0.0159,0.0301,0.0291,0.0132,0.001,13.2,1,7.576,NA
Ostrea lurida,Yellow,16,21,No Tide,21,8,5,F2,0.0161,0.0282,0.0275,0.0114,7e-4,11.4,0.7,6.14,NA
Ostrea lurida,Yellow,16,21,No Tide,21,9,5,F3,0.0177,0.0312,0.0307,0.013,5e-4,13,0.5,3.846,NA
Ostrea lurida,Yellow,16,21,No Tide,21,10,5,F4,0.0188,0.0336,0.0325,0.0137,0.0011,13.7,1.1,8.029,NA
Ostrea lurida,Yellow,17,21,Tide,15,1,5,F5,0.0269,0.0422,0.0411,0.0142,0.0011,14.2,1.1,7.746,NA
Ostrea lurida,Yellow,17,21,Tide,15,2,5,F6,0.0183,0.032,0.0311,0.0128,9e-4,12.8,0.9,7.031,NA
Ostrea lurida,Yellow,17,21,Tide,15,3,5,F7,0.019,0.0328,0.0315,0.0125,0.0013,12.5,1.3,10.4,NA
Ostrea lurida,Yellow,17,21,Tide,15,4,5,F8,0.0179,0.0229,0.0227,0.0048,2e-4,4.8,0.2,4.167,NA
Ostrea lurida,Yellow,17,21,Tide,15,5,5,F9,0.0207,0.0408,0.0395,0.0188,0.0013,18.8,1.3,6.915,NA
Ostrea lurida,Yellow,17,21,Tide,15,6,5,F10,0.0169,0.0258,0.025,0.0081,8e-4,8.1,0.8,9.877,NA
Ostrea lurida,Yellow,17,21,Tide,15,7,5,F11,0.0174,0.022,0.0211,0.0037,9e-4,3.7,0.9,24.324,NA
Ostrea lurida,Yellow,17,21,Tide,15,8,5,F12,0.0197,0.03,0.0292,0.0095,8e-4,9.5,0.8,8.421,NA
Ostrea lurida,Yellow,17,21,Tide,15,9,5,G1,0.0179,0.0286,0.0278,0.0099,8e-4,9.9,0.8,8.081,NA
Ostrea lurida,Yellow,17,21,Tide,15,10,5,G2,0.0177,0.0177,0.0177,0,0,0,0,NA,*DEAD*
Ostrea lurida,Yellow,17,21,Tide,21,1,5,G3,0.0196,0.031,0.03,0.0104,0.001,10.4,1,9.615,NA
Ostrea lurida,Yellow,17,21,Tide,21,2,5,G4,0.0162,0.0252,0.0245,0.0083,7e-4,8.3,0.7,8.434,NA
Ostrea lurida,Yellow,17,21,Tide,21,3,5,G5,0.0167,0.0283,0.0276,0.0109,7e-4,10.9,0.7,6.422,NA
Ostrea lurida,Yellow,17,21,Tide,21,4,5,G6,0.0187,0.0376,0.0364,0.0177,0.0012,17.7,1.2,6.78,NA
Ostrea lurida,Yellow,17,21,Tide,21,5,5,G7,0.0191,0.0528,0.051,0.0319,0.0018,31.9,1.8,5.643,NA
Ostrea lurida,Yellow,17,21,Tide,21,6,5,G8,0.0156,0.0292,0.0283,0.0127,9e-4,12.7,0.9,7.087,NA
Ostrea lurida,Yellow,17,21,Tide,21,7,5,G9,0.0208,0.0467,0.045,0.0242,0.0017,24.2,1.7,7.025,NA
Ostrea lurida,Yellow,17,21,Tide,21,8,5,G10,0.0172,0.0329,0.032,0.0148,9e-4,14.8,0.9,6.081,NA
Ostrea lurida,Yellow,17,21,Tide,21,9,5,G11,0.0186,0.0301,0.0292,0.0106,9e-4,10.6,0.9,8.491,NA
Ostrea lurida,Yellow,17,21,Tide,21,10,5,G12,0.0177,0.0273,0.0265,0.0088,8e-4,8.8,0.8,9.091,NA
Ostrea lurida,Yellow,17,21,No Tide,15,1,5,H1,0.0167,0.0276,0.0267,0.01,9e-4,10,0.9,9,NA
Ostrea lurida,Yellow,17,21,No Tide,15,2,5,H2,0.021,0.0311,0.0302,0.0092,9e-4,9.2,0.9,9.783,NA
Ostrea lurida,Yellow,17,21,No Tide,15,3,5,H3,0.016,0.0309,0.0299,0.0139,0.001,13.9,1,7.194,NA
Ostrea lurida,Yellow,17,21,No Tide,15,4,5,H4,0.0214,0.0319,0.0315,0.0101,4e-4,10.1,0.4,3.96,NA
Ostrea lurida,Yellow,17,21,No Tide,15,5,5,H5,0.0142,0.0275,0.0268,0.0126,7e-4,12.6,0.7,5.556,NA
Ostrea lurida,Yellow,17,21,No Tide,15,6,5,H6,0.0182,0.0287,0.0279,0.0097,8e-4,9.7,0.8,8.247,NA
Ostrea lurida,Yellow,17,21,No Tide,15,7,5,H7,0.0223,0.0397,0.0388,0.0165,9e-4,16.5,0.9,5.455,NA
Ostrea lurida,Yellow,17,21,No Tide,15,8,5,H8,0.0183,0.0387,0.0373,0.019,0.0014,19,1.4,7.368,NA
Ostrea lurida,Yellow,17,21,No Tide,15,9,5,H9,0.0165,0.0373,0.0357,0.0192,0.0016,19.2,1.6,8.333,NA
Ostrea lurida,Yellow,17,21,No Tide,15,10,5,H10,0.0187,0.0294,0.0286,0.0099,8e-4,9.9,0.8,8.081,NA
Ostrea lurida,Yellow,17,21,No Tide,21,1,5,H11,0.0201,0.0262,0.0256,0.0055,6e-4,5.5,0.6,10.909,NA
Ostrea lurida,Yellow,17,21,No Tide,21,2,5,H12,0.0186,0.0352,0.0338,0.0152,0.0014,15.2,1.4,9.211,NA
Ostrea lurida,Yellow,17,21,No Tide,21,3,6,A1,0.0165,0.0269,0.0261,0.0096,8e-4,9.6,0.8,8.333,NA
Ostrea lurida,Yellow,17,21,No Tide,21,4,6,A2,0.0218,0.0411,0.0404,0.0186,7e-4,18.6,0.7,3.763,NA
Ostrea lurida,Yellow,17,21,No Tide,21,5,6,A3,0.0184,0.0259,0.0252,0.0068,7e-4,6.8,0.7,10.294,NA
Ostrea lurida,Yellow,17,21,No Tide,21,6,6,A4,0.0205,0.0338,0.0329,0.0124,9e-4,12.4,0.9,7.258,NA
Ostrea lurida,Yellow,17,21,No Tide,21,7,6,A5,0.0201,0.045,0.0436,0.0235,0.0014,23.5,1.4,5.957,NA
Ostrea lurida,Yellow,17,21,No Tide,21,8,6,A6,0.0172,0.0373,0.0355,0.0183,0.0018,18.3,1.8,9.836,NA
Ostrea lurida,Yellow,17,21,No Tide,21,9,6,A7,0.016,0.0352,0.0339,0.0179,0.0013,17.9,1.3,7.263,NA
Ostrea lurida,Yellow,17,21,No Tide,21,10,6,A8,0.0166,0.0335,0.0324,0.0158,0.0011,15.8,1.1,6.962,NA
Ostrea lurida,Yellow,18,21,Tide,15,1,6,A9,0.0262,0.0384,0.0376,0.0114,8e-4,11.4,0.8,7.018,NA
Ostrea lurida,Yellow,18,21,Tide,15,2,6,A10,0.0192,0.0306,0.0298,0.0106,8e-4,10.6,0.8,7.547,NA
Ostrea lurida,Yellow,18,21,Tide,15,3,6,A11,0.0197,0.0362,0.035,0.0153,0.0012,15.3,1.2,7.843,NA
Ostrea lurida,Yellow,18,21,Tide,15,4,6,A12,0.0226,0.0461,0.045,0.0224,0.0011,22.4,1.1,4.911,NA
Ostrea lurida,Yellow,18,21,Tide,15,5,6,B1,0.0176,0.0371,0.0359,0.0183,0.0012,18.3,1.2,6.557,NA
Ostrea lurida,Yellow,18,21,Tide,15,6,6,B2,0.0187,0.035,0.0339,0.0152,0.0011,15.2,1.1,7.237,NA
Ostrea lurida,Yellow,18,21,Tide,15,7,6,B3,0.0181,0.0318,0.0309,0.0128,9e-4,12.8,0.9,7.031,NA
Ostrea lurida,Yellow,18,21,Tide,15,8,6,B4,0.0185,0.0314,0.0307,0.0122,7e-4,12.2,0.7,5.738,NA
Ostrea lurida,Yellow,18,21,Tide,15,9,6,B5,0.0223,0.0436,0.0411,0.0188,0.0025,18.8,2.5,13.298,NA
Ostrea lurida,Yellow,18,21,Tide,15,10,6,B6,0.019,0.0386,0.0374,0.0184,0.0012,18.4,1.2,6.522,NA
Ostrea lurida,Yellow,18,21,Tide,21,1,6,B7,0.0194,0.0281,0.0272,0.0078,9e-4,7.8,0.9,11.538,NA
Ostrea lurida,Yellow,18,21,Tide,21,2,6,B8,0.019,0.0351,0.034,0.015,0.0011,15,1.1,7.333,NA
Ostrea lurida,Yellow,18,21,Tide,21,3,6,B9,0.0157,0.0294,0.0287,0.013,7e-4,13,0.7,5.385,NA
Ostrea lurida,Yellow,18,21,Tide,21,4,6,B10,0.0171,0.0289,0.0281,0.011,8e-4,11,0.8,7.273,NA
Ostrea lurida,Yellow,18,21,Tide,21,5,6,B11,0.0164,0.0261,0.0252,0.0088,9e-4,8.8,0.9,10.227,NA
Ostrea lurida,Yellow,18,21,Tide,21,6,6,B12,0.0224,0.0477,0.0459,0.0235,0.0018,23.5,1.8,7.66,NA
Ostrea lurida,Yellow,18,21,Tide,21,7,6,C1,0.0165,0.0299,0.0289,0.0124,0.001,12.4,1,8.065,NA
Ostrea lurida,Yellow,18,21,Tide,21,8,6,C2,0.02,0.0303,0.0295,0.0095,8e-4,9.5,0.8,8.421,NA
Ostrea lurida,Yellow,18,21,Tide,21,9,6,C3,0.0189,0.0264,0.026,0.0071,4e-4,7.1,0.4,5.634,NA
Ostrea lurida,Yellow,18,21,Tide,21,10,6,C4,0.0177,0.0391,0.038,0.0203,0.0011,20.3,1.1,5.419,NA
Ostrea lurida,Yellow,18,21,No Tide,15,1,6,C5,0.0286,0.0389,0.0382,0.0096,7e-4,9.6,0.7,7.292,NA
Ostrea lurida,Yellow,18,21,No Tide,15,2,6,C6,0.019,0.0301,0.0294,0.0104,7e-4,10.4,0.7,6.731,NA
Ostrea lurida,Yellow,18,21,No Tide,15,3,6,C7,0.0173,0.0406,0.0388,0.0215,0.0018,21.5,1.8,8.372,NA
Ostrea lurida,Yellow,18,21,No Tide,15,4,6,C8,0.0162,0.0339,0.0329,0.0167,0.001,16.7,1,5.988,NA
Ostrea lurida,Yellow,18,21,No Tide,15,5,6,C9,0.0147,0.0203,0.0199,0.0052,4e-4,5.2,0.4,7.692,NA
Ostrea lurida,Yellow,18,21,No Tide,15,6,6,C10,0.016,0.0318,0.0309,0.0149,9e-4,14.9,0.9,6.04,NA
Ostrea lurida,Yellow,18,21,No Tide,15,7,6,C11,0.0171,0.0287,0.0276,0.0105,0.0011,10.5,1.1,10.476,NA
Ostrea lurida,Yellow,18,21,No Tide,15,8,6,C12,0.0194,0.0511,0.049,0.0296,0.0021,29.6,2.1,7.095,NA
Ostrea lurida,Yellow,18,21,No Tide,15,9,6,D1,0.0209,0.0533,0.0507,0.0298,0.0026,29.8,2.6,8.725,NA
Ostrea lurida,Yellow,18,21,No Tide,15,10,6,D2,0.0206,0.051,0.0481,0.0275,0.0029,27.5,2.9,10.545,NA
Ostrea lurida,Yellow,18,21,No Tide,21,1,6,D3,0.0172,0.0236,0.023,0.0058,6e-4,5.8,0.6,10.345,NA
Ostrea lurida,Yellow,18,21,No Tide,21,2,6,D4,0.0196,0.0285,0.0281,0.0085,4e-4,8.5,0.4,4.706,NA
Ostrea lurida,Yellow,18,21,No Tide,21,3,6,D5,0.0175,0.0328,0.0319,0.0144,9e-4,14.4,0.9,6.25,NA
Ostrea lurida,Yellow,18,21,No Tide,21,4,6,D6,0.0188,0.0526,0.0507,0.0319,0.0019,31.9,1.9,5.956,NA
Ostrea lurida,Yellow,18,21,No Tide,21,5,6,D7,0.0193,0.0311,0.03,0.0107,0.0011,10.7,1.1,10.28,NA
Ostrea lurida,Yellow,18,21,No Tide,21,6,6,D8,0.0173,0.0361,0.0348,0.0175,0.0013,17.5,1.3,7.429,NA
Ostrea lurida,Yellow,18,21,No Tide,21,7,6,D9,0.018,0.0301,0.0297,0.0117,4e-4,11.7,0.4,3.419,NA
Ostrea lurida,Yellow,18,21,No Tide,21,8,6,D10,0.0182,0.0318,0.031,0.0128,8e-4,12.8,0.8,6.25,NA
Ostrea lurida,Yellow,18,21,No Tide,21,9,6,D11,0.02,0.0386,0.0377,0.0177,9e-4,17.7,0.9,5.085,NA
Ostrea lurida,Yellow,18,21,No Tide,21,10,6,D12,0.021,0.021,0.0209,1e-4,1e-4,0.1,0.1,100,*DEAD*
Ostrea lurida,Yellow,19,21,Tide,15,1,6,E1,0.0185,0.026,0.0256,0.0071,4e-4,7.1,0.4,5.634,NA
Ostrea lurida,Yellow,19,21,Tide,15,2,6,E2,0.0193,0.0296,0.0287,0.0094,9e-4,9.4,0.9,9.574,NA
Ostrea lurida,Yellow,19,21,Tide,15,3,6,E3,0.0159,0.0237,0.0231,0.0072,6e-4,7.2,0.6,8.333,NA
Ostrea lurida,Yellow,19,21,Tide,15,4,6,E4,0.0206,0.0396,0.0386,0.018,0.001,18,1,5.556,NA
Ostrea lurida,Yellow,19,21,Tide,15,5,6,E5,0.0187,0.0291,0.0284,0.0097,7e-4,9.7,0.7,7.216,NA
Ostrea lurida,Yellow,19,21,Tide,15,6,6,E6,0.0174,0.0336,0.0321,0.0147,0.0015,14.7,1.5,10.204,NA
Ostrea lurida,Yellow,19,21,Tide,15,7,6,E7,0.0173,0.0338,0.0325,0.0152,0.0013,15.2,1.3,8.553,NA
Ostrea lurida,Yellow,19,21,Tide,15,8,6,E8,0.0172,0.0263,0.0256,0.0084,7e-4,8.4,0.7,8.333,NA
Ostrea lurida,Yellow,19,21,Tide,15,9,6,E9,0.0165,0.0257,0.025,0.0085,7e-4,8.5,0.7,8.235,NA
Ostrea lurida,Yellow,19,21,Tide,15,10,6,E10,0.0202,0.0425,0.0411,0.0209,0.0014,20.9,1.4,6.699,NA
Ostrea lurida,Yellow,19,21,Tide,21,1,6,E11,0.0158,0.0298,0.029,0.0132,8e-4,13.2,0.8,6.061,NA
Ostrea lurida,Yellow,19,21,Tide,21,2,6,E12,0.0173,0.0328,0.032,0.0147,8e-4,14.7,0.8,5.442,NA
Ostrea lurida,Yellow,19,21,Tide,21,3,6,F1,0.0268,0.0367,0.0361,0.0093,6e-4,9.3,0.6,6.452,NA
Ostrea lurida,Yellow,19,21,Tide,21,4,6,F2,0.0302,0.0485,0.0474,0.0172,0.0011,17.2,1.1,6.395,NA
Ostrea lurida,Yellow,19,21,Tide,21,5,6,F3,0.0181,0.0326,0.0318,0.0137,8e-4,13.7,0.8,5.839,NA
Ostrea lurida,Yellow,19,21,Tide,21,6,6,F4,0.0289,0.0514,0.0499,0.021,0.0015,21,1.5,7.143,NA
Ostrea lurida,Yellow,19,21,Tide,21,7,6,F5,0.0303,0.0656,0.0634,0.0331,0.0022,33.1,2.2,6.647,NA
Ostrea lurida,Yellow,19,21,Tide,21,8,6,F6,0.0201,0.0306,0.03,0.0099,6e-4,9.9,0.6,6.061,NA
Ostrea lurida,Yellow,19,21,Tide,21,9,6,F7,0.0164,0.0266,0.026,0.0096,6e-4,9.6,0.6,6.25,NA
Ostrea lurida,Yellow,19,21,Tide,21,10,6,F8,0.0179,0.0305,0.0299,0.012,6e-4,12,0.6,5,NA
Ostrea lurida,Yellow,19,21,No Tide,15,1,6,F9,0.016,0.0315,0.0303,0.0143,0.0012,14.3,1.2,8.392,NA
Ostrea lurida,Yellow,19,21,No Tide,15,2,6,F10,0.0186,0.0268,0.0262,0.0076,6e-4,7.6,0.6,7.895,NA
Ostrea lurida,Yellow,19,21,No Tide,15,3,6,F11,0.0174,0.0301,0.0293,0.0119,8e-4,11.9,0.8,6.723,NA
Ostrea lurida,Yellow,19,21,No Tide,15,4,6,F12,0.0203,0.032,0.0306,0.0103,0.0014,10.3,1.4,13.592,NA
Ostrea lurida,Yellow,19,21,No Tide,15,5,6,G1,0.0201,0.0293,0.0287,0.0086,6e-4,8.6,0.6,6.977,NA
Ostrea lurida,Yellow,19,21,No Tide,15,6,6,G2,0.0195,0.0508,0.0489,0.0294,0.0019,29.4,1.9,6.463,NA
Ostrea lurida,Yellow,19,21,No Tide,15,7,6,G3,0.0191,0.0331,0.0322,0.0131,9e-4,13.1,0.9,6.87,NA
Ostrea lurida,Yellow,19,21,No Tide,15,8,6,G4,0.0193,0.0263,0.0258,0.0065,5e-4,6.5,0.5,7.692,NA
Ostrea lurida,Yellow,19,21,No Tide,15,9,6,G5,0.0198,0.0392,0.0377,0.0179,0.0015,17.9,1.5,8.38,NA
Ostrea lurida,Yellow,19,21,No Tide,15,10,6,G6,0.0149,0.0309,0.0298,0.0149,0.0011,14.9,1.1,7.383,NA
Ostrea lurida,Yellow,19,21,No Tide,21,1,6,G7,0.0187,0.0246,0.0241,0.0054,5e-4,5.4,0.5,9.259,NA
Ostrea lurida,Yellow,19,21,No Tide,21,2,6,G8,0.0185,0.0315,0.0306,0.0121,9e-4,12.1,0.9,7.438,NA
Ostrea lurida,Yellow,19,21,No Tide,21,3,6,G9,0.0186,0.0381,0.0373,0.0187,8e-4,18.7,0.8,4.278,NA
Ostrea lurida,Yellow,19,21,No Tide,21,4,6,G10,0.0192,0.0306,0.0299,0.0107,7e-4,10.7,0.7,6.542,NA
Ostrea lurida,Yellow,19,21,No Tide,21,5,6,G11,0.0161,0.0391,0.0371,0.021,0.002,21,2,9.524,NA
Ostrea lurida,Yellow,19,21,No Tide,21,6,6,G12,0.0143,0.0323,0.0313,0.017,0.001,17,1,5.882,NA
Ostrea lurida,Yellow,19,21,No Tide,21,7,6,H1,0.017,0.0231,0.0228,0.0058,3e-4,5.8,0.3,5.172,NA
Ostrea lurida,Yellow,19,21,No Tide,21,8,6,H2,0.0155,0.0267,0.0256,0.0101,0.0011,10.1,1.1,10.891,NA
Ostrea lurida,Yellow,19,21,No Tide,21,9,6,H3,0.0185,0.03,0.0291,0.0106,9e-4,10.6,0.9,8.491,NA
Ostrea lurida,Yellow,19,21,No Tide,21,10,6,H4,0.0197,0.0467,0.0433,0.0236,0.0034,23.6,3.4,14.407,NA
Ostrea lurida,Yellow,20,21,Tide,15,1,6,H5,0.0189,0.0302,0.0294,0.0105,8e-4,10.5,0.8,7.619,NA
Ostrea lurida,Yellow,20,21,Tide,15,2,6,H6,0.02,0.0301,0.0293,0.0093,8e-4,9.3,0.8,8.602,NA
Ostrea lurida,Yellow,20,21,Tide,15,3,6,H7,0.0192,0.0284,0.0275,0.0083,9e-4,8.3,0.9,10.843,NA
Ostrea lurida,Yellow,20,21,Tide,15,4,6,H8,0.0196,0.0398,0.0385,0.0189,0.0013,18.9,1.3,6.878,NA
Ostrea lurida,Yellow,20,21,Tide,15,5,6,H9,0.0162,0.039,0.0379,0.0217,0.0011,21.7,1.1,5.069,NA
Ostrea lurida,Yellow,20,21,Tide,15,6,6,H10,0.0197,0.0246,0.0336,0.0139,-0.009,13.9,-9,-64.748,NA
Ostrea lurida,Yellow,20,21,Tide,15,7,6,H11,0.0226,0.0422,0.0414,0.0188,8e-4,18.8,0.8,4.255,NA
Ostrea lurida,Yellow,20,21,Tide,15,8,6,H12,0.02,0.055,0.0531,0.0331,0.0019,33.1,1.9,5.74,NA
Ostrea lurida,Yellow,20,21,Tide,15,9,7,A1,0.0155,0.0264,0.0255,0.01,9e-4,10,0.9,9,NA
Ostrea lurida,Yellow,20,21,Tide,15,10,7,A2,0.0235,0.0364,0.0354,0.0119,0.001,11.9,1,8.403,NA
Ostrea lurida,Yellow,20,21,Tide,21,1,7,A3,0.0212,0.0299,0.0293,0.0081,6e-4,8.1,0.6,7.407,NA
Ostrea lurida,Yellow,20,21,Tide,21,2,7,A4,0.0188,0.0321,0.0311,0.0123,0.001,12.3,1,8.13,NA
Ostrea lurida,Yellow,20,21,Tide,21,3,7,A5,0.0206,0.0306,0.0297,0.0091,9e-4,9.1,0.9,9.89,NA
Ostrea lurida,Yellow,20,21,Tide,21,4,7,A6,0.0236,0.0448,0.0436,0.02,0.0012,20,1.2,6,NA
Ostrea lurida,Yellow,20,21,Tide,21,5,7,A7,0.0204,0.038,0.037,0.0166,0.001,16.6,1,6.024,NA
Ostrea lurida,Yellow,20,21,Tide,21,6,7,A8,0.0188,0.0382,0.0372,0.0184,0.001,18.4,1,5.435,NA
Ostrea lurida,Yellow,20,21,Tide,21,7,7,A9,0.0177,0.0327,0.0319,0.0142,8e-4,14.2,0.8,5.634,NA
Ostrea lurida,Yellow,20,21,Tide,21,8,7,A10,0.017,0.0323,0.0315,0.0145,8e-4,14.5,0.8,5.517,NA
Ostrea lurida,Yellow,20,21,Tide,21,9,7,A11,0.0197,0.0391,0.0376,0.0179,0.0015,17.9,1.5,8.38,NA
Ostrea lurida,Yellow,20,21,Tide,21,10,7,A12,0.0196,0.0393,0.0383,0.0187,0.001,18.7,1,5.348,NA
Ostrea lurida,Yellow,20,21,No Tide,15,1,7,B1,0.0182,0.0333,0.0325,0.0143,8e-4,14.3,0.8,5.594,NA
Ostrea lurida,Yellow,20,21,No Tide,15,2,7,B2,0.0197,0.0354,0.0345,0.0148,9e-4,14.8,0.9,6.081,NA
Ostrea lurida,Yellow,20,21,No Tide,15,3,7,B3,0.0205,0.0408,0.0393,0.0188,0.0015,18.8,1.5,7.979,NA
Ostrea lurida,Yellow,20,21,No Tide,15,4,7,B4,0.0255,0.0343,0.0339,0.0084,4e-4,8.4,0.4,4.762,NA
Ostrea lurida,Yellow,20,21,No Tide,15,5,7,B5,0.0174,0.028,0.0272,0.0098,8e-4,9.8,0.8,8.163,NA
Ostrea lurida,Yellow,20,21,No Tide,15,6,7,B6,0.0215,0.0376,0.0365,0.015,0.0011,15,1.1,7.333,NA
Ostrea lurida,Yellow,20,21,No Tide,15,7,7,B7,0.0182,0.0358,0.0346,0.0164,0.0012,16.4,1.2,7.317,NA
Ostrea lurida,Yellow,20,21,No Tide,15,8,7,B8,0.0238,0.0403,0.0394,0.0156,9e-4,15.6,0.9,5.769,NA
Ostrea lurida,Yellow,20,21,No Tide,15,9,7,B9,0.0178,0.0253,0.0248,0.007,5e-4,7,0.5,7.143,NA
Ostrea lurida,Yellow,20,21,No Tide,15,10,7,B10,0.0196,0.0557,0.0536,0.034,0.0021,34,2.1,6.176,NA
Ostrea lurida,Yellow,20,21,No Tide,21,1,7,B11,0.0163,0.0396,0.0383,0.022,0.0013,22,1.3,5.909,NA
Ostrea lurida,Yellow,20,21,No Tide,21,2,7,B12,0.0175,0.028,0.0273,0.0098,7e-4,9.8,0.7,7.143,NA
Ostrea lurida,Yellow,20,21,No Tide,21,3,7,C1,0.0176,0.0333,0.032,0.0144,0.0013,14.4,1.3,9.028,NA
Ostrea lurida,Yellow,20,21,No Tide,21,4,7,C2,0.0185,0.0265,0.0262,0.0077,3e-4,7.7,0.3,3.896,NA
Ostrea lurida,Yellow,20,21,No Tide,21,5,7,C3,0.0183,0.0304,0.0295,0.0112,9e-4,11.2,0.9,8.036,NA
Ostrea lurida,Yellow,20,21,No Tide,21,6,7,C4,0.0194,0.0279,0.0274,0.008,5e-4,8,0.5,6.25,NA
Ostrea lurida,Yellow,20,21,No Tide,21,7,7,C5,0.0242,0.0446,0.0436,0.0194,0.001,19.4,1,5.155,NA
Ostrea lurida,Yellow,20,21,No Tide,21,8,7,C6,0.021,0.0363,0.0354,0.0144,9e-4,14.4,0.9,6.25,NA
Ostrea lurida,Yellow,20,21,No Tide,21,9,7,C7,0.0156,0.0415,0.0404,0.0248,0.0011,24.8,1.1,4.435,NA
Ostrea lurida,Yellow,20,21,No Tide,21,10,7,C8,0.0165,0.0254,0.0247,0.0082,7e-4,8.2,0.7,8.537,NA
