Species,SH_Temp,SH_Tide,MHW,Tank,Oyster_Numb,Mortality,D_A
O_lurida,15,No Tide,15,1,1,0,Alive
O_lurida,15,No Tide,15,1,2,0,Alive
O_lurida,15,No Tide,15,1,3,0,Alive
O_lurida,15,No Tide,15,1,4,0,Alive
O_lurida,15,No Tide,15,1,5,0,Alive
O_lurida,15,No Tide,15,1,6,0,Alive
O_lurida,15,No Tide,15,1,7,0,Alive
O_lurida,15,No Tide,15,1,8,0,Alive
O_lurida,15,No Tide,15,1,9,0,Alive
O_lurida,15,No Tide,15,1,10,0,Alive
O_lurida,15,No Tide,15,1,11,0,Alive
O_lurida,15,No Tide,15,1,12,0,Alive
O_lurida,15,No Tide,15,1,13,0,Alive
O_lurida,15,No Tide,15,1,14,0,Alive
O_lurida,15,No Tide,15,1,15,0,Alive
O_lurida,15,No Tide,15,1,16,0,Alive
O_lurida,15,No Tide,15,1,17,0,Alive
O_lurida,15,No Tide,15,1,18,0,Alive
O_lurida,15,No Tide,15,1,19,0,Alive
O_lurida,15,No Tide,15,1,20,0,Alive
O_lurida,15,Tide,15,1,1,0,Alive
O_lurida,15,Tide,15,1,2,0,Alive
O_lurida,15,Tide,15,1,3,0,Alive
O_lurida,15,Tide,15,1,4,0,Alive
O_lurida,15,Tide,15,1,5,0,Alive
O_lurida,15,Tide,15,1,6,0,Alive
O_lurida,15,Tide,15,1,7,0,Alive
O_lurida,15,Tide,15,1,8,0,Alive
O_lurida,15,Tide,15,1,9,0,Alive
O_lurida,15,Tide,15,1,10,0,Alive
O_lurida,15,Tide,15,1,11,0,Alive
O_lurida,15,Tide,15,1,12,0,Alive
O_lurida,15,Tide,15,1,13,0,Alive
O_lurida,15,Tide,15,1,14,0,Alive
O_lurida,15,Tide,15,1,15,0,Alive
O_lurida,15,Tide,15,1,16,0,Alive
O_lurida,15,Tide,15,1,17,0,Alive
O_lurida,15,Tide,15,1,18,0,Alive
O_lurida,15,Tide,15,1,19,0,Alive
O_lurida,15,Tide,15,1,20,0,Alive
O_lurida,21,Tide,15,1,1,0,Alive
O_lurida,21,Tide,15,1,2,0,Alive
O_lurida,21,Tide,15,1,3,0,Alive
O_lurida,21,Tide,15,1,4,0,Alive
O_lurida,21,Tide,15,1,5,0,Alive
O_lurida,21,Tide,15,1,6,0,Alive
O_lurida,21,Tide,15,1,7,0,Alive
O_lurida,21,Tide,15,1,8,0,Alive
O_lurida,21,Tide,15,1,9,0,Alive
O_lurida,21,Tide,15,1,10,0,Alive
O_lurida,21,Tide,15,1,11,0,Alive
O_lurida,21,Tide,15,1,12,0,Alive
O_lurida,21,Tide,15,1,13,0,Alive
O_lurida,21,Tide,15,1,14,0,Alive
O_lurida,21,Tide,15,1,15,0,Alive
O_lurida,21,Tide,15,1,16,0,Alive
O_lurida,21,Tide,15,1,17,0,Alive
O_lurida,21,Tide,15,1,18,0,Alive
O_lurida,21,Tide,15,1,19,0,Alive
O_lurida,21,Tide,15,1,20,0,Alive
O_lurida,21,No Tide,15,1,1,0,Alive
O_lurida,21,No Tide,15,1,2,0,Alive
O_lurida,21,No Tide,15,1,3,0,Alive
O_lurida,21,No Tide,15,1,4,0,Alive
O_lurida,21,No Tide,15,1,5,0,Alive
O_lurida,21,No Tide,15,1,6,0,Alive
O_lurida,21,No Tide,15,1,7,0,Alive
O_lurida,21,No Tide,15,1,8,0,Alive
O_lurida,21,No Tide,15,1,9,0,Alive
O_lurida,21,No Tide,15,1,10,0,Alive
O_lurida,21,No Tide,15,1,11,0,Alive
O_lurida,21,No Tide,15,1,12,0,Alive
O_lurida,21,No Tide,15,1,13,0,Alive
O_lurida,21,No Tide,15,1,14,0,Alive
O_lurida,21,No Tide,15,1,15,0,Alive
O_lurida,21,No Tide,15,1,16,0,Alive
O_lurida,21,No Tide,15,1,17,0,Alive
O_lurida,21,No Tide,15,1,18,0,Alive
O_lurida,21,No Tide,15,1,19,0,Alive
O_lurida,21,No Tide,15,1,20,0,Alive
O_lurida,15,No Tide,15,2,1,0,Alive
O_lurida,15,No Tide,15,2,2,0,Alive
O_lurida,15,No Tide,15,2,3,0,Alive
O_lurida,15,No Tide,15,2,4,0,Alive
O_lurida,15,No Tide,15,2,5,0,Alive
O_lurida,15,No Tide,15,2,6,0,Alive
O_lurida,15,No Tide,15,2,7,0,Alive
O_lurida,15,No Tide,15,2,8,0,Alive
O_lurida,15,No Tide,15,2,9,0,Alive
O_lurida,15,No Tide,15,2,10,0,Alive
O_lurida,15,No Tide,15,2,11,0,Alive
O_lurida,15,No Tide,15,2,12,0,Alive
O_lurida,15,No Tide,15,2,13,0,Alive
O_lurida,15,No Tide,15,2,14,0,Alive
O_lurida,15,No Tide,15,2,15,0,Alive
O_lurida,15,No Tide,15,2,16,0,Alive
O_lurida,15,No Tide,15,2,17,0,Alive
O_lurida,15,No Tide,15,2,18,0,Alive
O_lurida,15,No Tide,15,2,19,0,Alive
O_lurida,15,No Tide,15,2,20,0,Alive
O_lurida,15,Tide,15,2,1,0,Alive
O_lurida,15,Tide,15,2,2,0,Alive
O_lurida,15,Tide,15,2,3,0,Alive
O_lurida,15,Tide,15,2,4,0,Alive
O_lurida,15,Tide,15,2,5,0,Alive
O_lurida,15,Tide,15,2,6,0,Alive
O_lurida,15,Tide,15,2,7,0,Alive
O_lurida,15,Tide,15,2,8,0,Alive
O_lurida,15,Tide,15,2,9,0,Alive
O_lurida,15,Tide,15,2,10,0,Alive
O_lurida,15,Tide,15,2,11,0,Alive
O_lurida,15,Tide,15,2,12,0,Alive
O_lurida,15,Tide,15,2,13,0,Alive
O_lurida,15,Tide,15,2,14,0,Alive
O_lurida,15,Tide,15,2,15,0,Alive
O_lurida,15,Tide,15,2,16,0,Alive
O_lurida,15,Tide,15,2,17,0,Alive
O_lurida,15,Tide,15,2,18,0,Alive
O_lurida,15,Tide,15,2,19,0,Alive
O_lurida,15,Tide,15,2,20,0,Alive
O_lurida,21,Tide,15,2,1,0,Alive
O_lurida,21,Tide,15,2,2,0,Alive
O_lurida,21,Tide,15,2,3,0,Alive
O_lurida,21,Tide,15,2,4,0,Alive
O_lurida,21,Tide,15,2,5,0,Alive
O_lurida,21,Tide,15,2,6,0,Alive
O_lurida,21,Tide,15,2,7,0,Alive
O_lurida,21,Tide,15,2,8,0,Alive
O_lurida,21,Tide,15,2,9,0,Alive
O_lurida,21,Tide,15,2,10,0,Alive
O_lurida,21,Tide,15,2,11,0,Alive
O_lurida,21,Tide,15,2,12,0,Alive
O_lurida,21,Tide,15,2,13,0,Alive
O_lurida,21,Tide,15,2,14,0,Alive
O_lurida,21,Tide,15,2,15,0,Alive
O_lurida,21,Tide,15,2,16,0,Alive
O_lurida,21,Tide,15,2,17,0,Alive
O_lurida,21,Tide,15,2,18,0,Alive
O_lurida,21,Tide,15,2,19,0,Alive
O_lurida,21,Tide,15,2,20,0,Alive
O_lurida,21,No Tide,15,2,1,0,Alive
O_lurida,21,No Tide,15,2,2,0,Alive
O_lurida,21,No Tide,15,2,3,0,Alive
O_lurida,21,No Tide,15,2,4,0,Alive
O_lurida,21,No Tide,15,2,5,0,Alive
O_lurida,21,No Tide,15,2,6,0,Alive
O_lurida,21,No Tide,15,2,7,0,Alive
O_lurida,21,No Tide,15,2,8,0,Alive
O_lurida,21,No Tide,15,2,9,0,Alive
O_lurida,21,No Tide,15,2,10,0,Alive
O_lurida,21,No Tide,15,2,11,0,Alive
O_lurida,21,No Tide,15,2,12,0,Alive
O_lurida,21,No Tide,15,2,13,0,Alive
O_lurida,21,No Tide,15,2,14,0,Alive
O_lurida,21,No Tide,15,2,15,0,Alive
O_lurida,21,No Tide,15,2,16,0,Alive
O_lurida,21,No Tide,15,2,17,0,Alive
O_lurida,21,No Tide,15,2,18,0,Alive
O_lurida,21,No Tide,15,2,19,0,Alive
O_lurida,21,No Tide,15,2,20,0,Alive
O_lurida,15,No Tide,15,3,1,0,Alive
O_lurida,15,No Tide,15,3,2,0,Alive
O_lurida,15,No Tide,15,3,3,0,Alive
O_lurida,15,No Tide,15,3,4,0,Alive
O_lurida,15,No Tide,15,3,5,0,Alive
O_lurida,15,No Tide,15,3,6,0,Alive
O_lurida,15,No Tide,15,3,7,0,Alive
O_lurida,15,No Tide,15,3,8,0,Alive
O_lurida,15,No Tide,15,3,9,0,Alive
O_lurida,15,No Tide,15,3,10,0,Alive
O_lurida,15,No Tide,15,3,11,0,Alive
O_lurida,15,No Tide,15,3,12,0,Alive
O_lurida,15,No Tide,15,3,13,0,Alive
O_lurida,15,No Tide,15,3,14,0,Alive
O_lurida,15,No Tide,15,3,15,0,Alive
O_lurida,15,No Tide,15,3,16,0,Alive
O_lurida,15,No Tide,15,3,17,0,Alive
O_lurida,15,No Tide,15,3,18,0,Alive
O_lurida,15,No Tide,15,3,19,0,Alive
O_lurida,15,No Tide,15,3,20,0,Alive
O_lurida,15,Tide,15,3,1,0,Alive
O_lurida,15,Tide,15,3,2,0,Alive
O_lurida,15,Tide,15,3,3,0,Alive
O_lurida,15,Tide,15,3,4,0,Alive
O_lurida,15,Tide,15,3,5,0,Alive
O_lurida,15,Tide,15,3,6,0,Alive
O_lurida,15,Tide,15,3,7,0,Alive
O_lurida,15,Tide,15,3,8,0,Alive
O_lurida,15,Tide,15,3,9,0,Alive
O_lurida,15,Tide,15,3,10,0,Alive
O_lurida,15,Tide,15,3,11,0,Alive
O_lurida,15,Tide,15,3,12,0,Alive
O_lurida,15,Tide,15,3,13,0,Alive
O_lurida,15,Tide,15,3,14,0,Alive
O_lurida,15,Tide,15,3,15,0,Alive
O_lurida,15,Tide,15,3,16,0,Alive
O_lurida,15,Tide,15,3,17,0,Alive
O_lurida,15,Tide,15,3,18,0,Alive
O_lurida,15,Tide,15,3,19,0,Alive
O_lurida,15,Tide,15,3,20,0,Alive
O_lurida,21,Tide,15,3,1,0,Alive
O_lurida,21,Tide,15,3,2,0,Alive
O_lurida,21,Tide,15,3,3,0,Alive
O_lurida,21,Tide,15,3,4,0,Alive
O_lurida,21,Tide,15,3,5,0,Alive
O_lurida,21,Tide,15,3,6,0,Alive
O_lurida,21,Tide,15,3,7,0,Alive
O_lurida,21,Tide,15,3,8,0,Alive
O_lurida,21,Tide,15,3,9,0,Alive
O_lurida,21,Tide,15,3,10,0,Alive
O_lurida,21,Tide,15,3,11,0,Alive
O_lurida,21,Tide,15,3,12,0,Alive
O_lurida,21,Tide,15,3,13,0,Alive
O_lurida,21,Tide,15,3,14,0,Alive
O_lurida,21,Tide,15,3,15,0,Alive
O_lurida,21,Tide,15,3,16,0,Alive
O_lurida,21,Tide,15,3,17,0,Alive
O_lurida,21,Tide,15,3,18,0,Alive
O_lurida,21,Tide,15,3,19,0,Alive
O_lurida,21,Tide,15,3,20,0,Alive
O_lurida,21,No Tide,15,3,1,0,Alive
O_lurida,21,No Tide,15,3,2,0,Alive
O_lurida,21,No Tide,15,3,3,0,Alive
O_lurida,21,No Tide,15,3,4,0,Alive
O_lurida,21,No Tide,15,3,5,0,Alive
O_lurida,21,No Tide,15,3,6,0,Alive
O_lurida,21,No Tide,15,3,7,0,Alive
O_lurida,21,No Tide,15,3,8,0,Alive
O_lurida,21,No Tide,15,3,9,0,Alive
O_lurida,21,No Tide,15,3,10,0,Alive
O_lurida,21,No Tide,15,3,11,0,Alive
O_lurida,21,No Tide,15,3,12,0,Alive
O_lurida,21,No Tide,15,3,13,0,Alive
O_lurida,21,No Tide,15,3,14,0,Alive
O_lurida,21,No Tide,15,3,15,0,Alive
O_lurida,21,No Tide,15,3,16,0,Alive
O_lurida,21,No Tide,15,3,17,0,Alive
O_lurida,21,No Tide,15,3,18,0,Alive
O_lurida,21,No Tide,15,3,19,0,Alive
O_lurida,21,No Tide,15,3,20,0,Alive
O_lurida,15,No Tide,15,4,1,0,Alive
O_lurida,15,No Tide,15,4,2,0,Alive
O_lurida,15,No Tide,15,4,3,0,Alive
O_lurida,15,No Tide,15,4,4,0,Alive
O_lurida,15,No Tide,15,4,5,0,Alive
O_lurida,15,No Tide,15,4,6,0,Alive
O_lurida,15,No Tide,15,4,7,0,Alive
O_lurida,15,No Tide,15,4,8,0,Alive
O_lurida,15,No Tide,15,4,9,0,Alive
O_lurida,15,No Tide,15,4,10,0,Alive
O_lurida,15,No Tide,15,4,11,0,Alive
O_lurida,15,No Tide,15,4,12,0,Alive
O_lurida,15,No Tide,15,4,13,0,Alive
O_lurida,15,No Tide,15,4,14,0,Alive
O_lurida,15,No Tide,15,4,15,0,Alive
O_lurida,15,No Tide,15,4,16,0,Alive
O_lurida,15,No Tide,15,4,17,0,Alive
O_lurida,15,No Tide,15,4,18,0,Alive
O_lurida,15,No Tide,15,4,19,0,Alive
O_lurida,15,No Tide,15,4,20,0,Alive
O_lurida,15,Tide,15,4,1,0,Alive
O_lurida,15,Tide,15,4,2,0,Alive
O_lurida,15,Tide,15,4,3,0,Alive
O_lurida,15,Tide,15,4,4,0,Alive
O_lurida,15,Tide,15,4,5,0,Alive
O_lurida,15,Tide,15,4,6,0,Alive
O_lurida,15,Tide,15,4,7,0,Alive
O_lurida,15,Tide,15,4,8,0,Alive
O_lurida,15,Tide,15,4,9,0,Alive
O_lurida,15,Tide,15,4,10,0,Alive
O_lurida,15,Tide,15,4,11,0,Alive
O_lurida,15,Tide,15,4,12,0,Alive
O_lurida,15,Tide,15,4,13,0,Alive
O_lurida,15,Tide,15,4,14,0,Alive
O_lurida,15,Tide,15,4,15,0,Alive
O_lurida,15,Tide,15,4,16,0,Alive
O_lurida,15,Tide,15,4,17,0,Alive
O_lurida,15,Tide,15,4,18,0,Alive
O_lurida,15,Tide,15,4,19,0,Alive
O_lurida,15,Tide,15,4,20,0,Alive
O_lurida,21,Tide,15,4,1,0,Alive
O_lurida,21,Tide,15,4,2,0,Alive
O_lurida,21,Tide,15,4,3,0,Alive
O_lurida,21,Tide,15,4,4,0,Alive
O_lurida,21,Tide,15,4,5,0,Alive
O_lurida,21,Tide,15,4,6,0,Alive
O_lurida,21,Tide,15,4,7,0,Alive
O_lurida,21,Tide,15,4,8,0,Alive
O_lurida,21,Tide,15,4,9,0,Alive
O_lurida,21,Tide,15,4,10,0,Alive
O_lurida,21,Tide,15,4,11,0,Alive
O_lurida,21,Tide,15,4,12,0,Alive
O_lurida,21,Tide,15,4,13,0,Alive
O_lurida,21,Tide,15,4,14,0,Alive
O_lurida,21,Tide,15,4,15,0,Alive
O_lurida,21,Tide,15,4,16,0,Alive
O_lurida,21,Tide,15,4,17,0,Alive
O_lurida,21,Tide,15,4,18,0,Alive
O_lurida,21,Tide,15,4,19,0,Alive
O_lurida,21,Tide,15,4,20,0,Alive
O_lurida,21,No Tide,15,4,1,0,Alive
O_lurida,21,No Tide,15,4,2,0,Alive
O_lurida,21,No Tide,15,4,3,0,Alive
O_lurida,21,No Tide,15,4,4,0,Alive
O_lurida,21,No Tide,15,4,5,0,Alive
O_lurida,21,No Tide,15,4,6,0,Alive
O_lurida,21,No Tide,15,4,7,0,Alive
O_lurida,21,No Tide,15,4,8,0,Alive
O_lurida,21,No Tide,15,4,9,0,Alive
O_lurida,21,No Tide,15,4,10,0,Alive
O_lurida,21,No Tide,15,4,11,0,Alive
O_lurida,21,No Tide,15,4,12,0,Alive
O_lurida,21,No Tide,15,4,13,0,Alive
O_lurida,21,No Tide,15,4,14,0,Alive
O_lurida,21,No Tide,15,4,15,0,Alive
O_lurida,21,No Tide,15,4,16,0,Alive
O_lurida,21,No Tide,15,4,17,0,Alive
O_lurida,21,No Tide,15,4,18,0,Alive
O_lurida,21,No Tide,15,4,19,0,Alive
O_lurida,21,No Tide,15,4,20,0,Alive
O_lurida,15,No Tide,15,5,1,0,Alive
O_lurida,15,No Tide,15,5,2,0,Alive
O_lurida,15,No Tide,15,5,3,0,Alive
O_lurida,15,No Tide,15,5,4,0,Alive
O_lurida,15,No Tide,15,5,5,0,Alive
O_lurida,15,No Tide,15,5,6,0,Alive
O_lurida,15,No Tide,15,5,7,0,Alive
O_lurida,15,No Tide,15,5,8,0,Alive
O_lurida,15,No Tide,15,5,9,0,Alive
O_lurida,15,No Tide,15,5,10,0,Alive
O_lurida,15,No Tide,15,5,11,0,Alive
O_lurida,15,No Tide,15,5,12,0,Alive
O_lurida,15,No Tide,15,5,13,0,Alive
O_lurida,15,No Tide,15,5,14,0,Alive
O_lurida,15,No Tide,15,5,15,0,Alive
O_lurida,15,No Tide,15,5,16,0,Alive
O_lurida,15,No Tide,15,5,17,0,Alive
O_lurida,15,No Tide,15,5,18,0,Alive
O_lurida,15,No Tide,15,5,19,0,Alive
O_lurida,15,No Tide,15,5,20,0,Alive
O_lurida,15,Tide,15,5,1,0,Alive
O_lurida,15,Tide,15,5,2,0,Alive
O_lurida,15,Tide,15,5,3,0,Alive
O_lurida,15,Tide,15,5,4,0,Alive
O_lurida,15,Tide,15,5,5,0,Alive
O_lurida,15,Tide,15,5,6,0,Alive
O_lurida,15,Tide,15,5,7,0,Alive
O_lurida,15,Tide,15,5,8,0,Alive
O_lurida,15,Tide,15,5,9,0,Alive
O_lurida,15,Tide,15,5,10,0,Alive
O_lurida,15,Tide,15,5,11,0,Alive
O_lurida,15,Tide,15,5,12,0,Alive
O_lurida,15,Tide,15,5,13,0,Alive
O_lurida,15,Tide,15,5,14,0,Alive
O_lurida,15,Tide,15,5,15,0,Alive
O_lurida,15,Tide,15,5,16,0,Alive
O_lurida,15,Tide,15,5,17,0,Alive
O_lurida,15,Tide,15,5,18,0,Alive
O_lurida,15,Tide,15,5,19,0,Alive
O_lurida,15,Tide,15,5,20,0,Alive
O_lurida,21,Tide,15,5,1,0,Alive
O_lurida,21,Tide,15,5,2,0,Alive
O_lurida,21,Tide,15,5,3,0,Alive
O_lurida,21,Tide,15,5,4,0,Alive
O_lurida,21,Tide,15,5,5,0,Alive
O_lurida,21,Tide,15,5,6,0,Alive
O_lurida,21,Tide,15,5,7,0,Alive
O_lurida,21,Tide,15,5,8,0,Alive
O_lurida,21,Tide,15,5,9,0,Alive
O_lurida,21,Tide,15,5,10,0,Alive
O_lurida,21,Tide,15,5,11,0,Alive
O_lurida,21,Tide,15,5,12,0,Alive
O_lurida,21,Tide,15,5,13,0,Alive
O_lurida,21,Tide,15,5,14,0,Alive
O_lurida,21,Tide,15,5,15,0,Alive
O_lurida,21,Tide,15,5,16,0,Alive
O_lurida,21,Tide,15,5,17,0,Alive
O_lurida,21,Tide,15,5,18,0,Alive
O_lurida,21,Tide,15,5,19,0,Alive
O_lurida,21,Tide,15,5,20,0,Alive
O_lurida,21,No Tide,15,5,1,0,Alive
O_lurida,21,No Tide,15,5,2,0,Alive
O_lurida,21,No Tide,15,5,3,0,Alive
O_lurida,21,No Tide,15,5,4,0,Alive
O_lurida,21,No Tide,15,5,5,0,Alive
O_lurida,21,No Tide,15,5,6,0,Alive
O_lurida,21,No Tide,15,5,7,0,Alive
O_lurida,21,No Tide,15,5,8,0,Alive
O_lurida,21,No Tide,15,5,9,0,Alive
O_lurida,21,No Tide,15,5,10,0,Alive
O_lurida,21,No Tide,15,5,11,0,Alive
O_lurida,21,No Tide,15,5,12,0,Alive
O_lurida,21,No Tide,15,5,13,0,Alive
O_lurida,21,No Tide,15,5,14,0,Alive
O_lurida,21,No Tide,15,5,15,0,Alive
O_lurida,21,No Tide,15,5,16,0,Alive
O_lurida,21,No Tide,15,5,17,0,Alive
O_lurida,21,No Tide,15,5,18,0,Alive
O_lurida,21,No Tide,15,5,19,0,Alive
O_lurida,21,No Tide,15,5,20,0,Alive
O_lurida,15,No Tide,18,6,1,0,Alive
O_lurida,15,No Tide,18,6,2,0,Alive
O_lurida,15,No Tide,18,6,3,0,Alive
O_lurida,15,No Tide,18,6,4,0,Alive
O_lurida,15,No Tide,18,6,5,0,Alive
O_lurida,15,No Tide,18,6,6,0,Alive
O_lurida,15,No Tide,18,6,7,0,Alive
O_lurida,15,No Tide,18,6,8,0,Alive
O_lurida,15,No Tide,18,6,9,0,Alive
O_lurida,15,No Tide,18,6,10,0,Alive
O_lurida,15,No Tide,18,6,11,0,Alive
O_lurida,15,No Tide,18,6,12,0,Alive
O_lurida,15,No Tide,18,6,13,0,Alive
O_lurida,15,No Tide,18,6,14,0,Alive
O_lurida,15,No Tide,18,6,15,0,Alive
O_lurida,15,No Tide,18,6,16,0,Alive
O_lurida,15,No Tide,18,6,17,0,Alive
O_lurida,15,No Tide,18,6,18,0,Alive
O_lurida,15,No Tide,18,6,19,0,Alive
O_lurida,15,No Tide,18,6,20,0,Alive
O_lurida,15,Tide,18,6,1,1,Dead
O_lurida,15,Tide,18,6,2,0,Alive
O_lurida,15,Tide,18,6,3,0,Alive
O_lurida,15,Tide,18,6,4,0,Alive
O_lurida,15,Tide,18,6,5,0,Alive
O_lurida,15,Tide,18,6,6,0,Alive
O_lurida,15,Tide,18,6,7,0,Alive
O_lurida,15,Tide,18,6,8,0,Alive
O_lurida,15,Tide,18,6,9,0,Alive
O_lurida,15,Tide,18,6,10,0,Alive
O_lurida,15,Tide,18,6,11,0,Alive
O_lurida,15,Tide,18,6,12,0,Alive
O_lurida,15,Tide,18,6,13,0,Alive
O_lurida,15,Tide,18,6,14,0,Alive
O_lurida,15,Tide,18,6,15,0,Alive
O_lurida,15,Tide,18,6,16,0,Alive
O_lurida,15,Tide,18,6,17,0,Alive
O_lurida,15,Tide,18,6,18,0,Alive
O_lurida,15,Tide,18,6,19,0,Alive
O_lurida,15,Tide,18,6,20,0,Alive
O_lurida,21,Tide,18,6,1,0,Alive
O_lurida,21,Tide,18,6,2,0,Alive
O_lurida,21,Tide,18,6,3,0,Alive
O_lurida,21,Tide,18,6,4,0,Alive
O_lurida,21,Tide,18,6,5,0,Alive
O_lurida,21,Tide,18,6,6,0,Alive
O_lurida,21,Tide,18,6,7,0,Alive
O_lurida,21,Tide,18,6,8,0,Alive
O_lurida,21,Tide,18,6,9,0,Alive
O_lurida,21,Tide,18,6,10,0,Alive
O_lurida,21,Tide,18,6,11,0,Alive
O_lurida,21,Tide,18,6,12,0,Alive
O_lurida,21,Tide,18,6,13,0,Alive
O_lurida,21,Tide,18,6,14,0,Alive
O_lurida,21,Tide,18,6,15,0,Alive
O_lurida,21,Tide,18,6,16,0,Alive
O_lurida,21,Tide,18,6,17,0,Alive
O_lurida,21,Tide,18,6,18,0,Alive
O_lurida,21,Tide,18,6,19,0,Alive
O_lurida,21,Tide,18,6,20,0,Alive
O_lurida,21,No Tide,18,6,1,0,Alive
O_lurida,21,No Tide,18,6,2,0,Alive
O_lurida,21,No Tide,18,6,3,0,Alive
O_lurida,21,No Tide,18,6,4,0,Alive
O_lurida,21,No Tide,18,6,5,0,Alive
O_lurida,21,No Tide,18,6,6,0,Alive
O_lurida,21,No Tide,18,6,7,0,Alive
O_lurida,21,No Tide,18,6,8,0,Alive
O_lurida,21,No Tide,18,6,9,0,Alive
O_lurida,21,No Tide,18,6,10,0,Alive
O_lurida,21,No Tide,18,6,11,0,Alive
O_lurida,21,No Tide,18,6,12,0,Alive
O_lurida,21,No Tide,18,6,13,0,Alive
O_lurida,21,No Tide,18,6,14,0,Alive
O_lurida,21,No Tide,18,6,15,0,Alive
O_lurida,21,No Tide,18,6,16,0,Alive
O_lurida,21,No Tide,18,6,17,0,Alive
O_lurida,21,No Tide,18,6,18,0,Alive
O_lurida,21,No Tide,18,6,19,0,Alive
O_lurida,21,No Tide,18,6,20,0,Alive
O_lurida,15,No Tide,18,7,1,0,Alive
O_lurida,15,No Tide,18,7,2,0,Alive
O_lurida,15,No Tide,18,7,3,0,Alive
O_lurida,15,No Tide,18,7,4,0,Alive
O_lurida,15,No Tide,18,7,5,0,Alive
O_lurida,15,No Tide,18,7,6,0,Alive
O_lurida,15,No Tide,18,7,7,0,Alive
O_lurida,15,No Tide,18,7,8,0,Alive
O_lurida,15,No Tide,18,7,9,0,Alive
O_lurida,15,No Tide,18,7,10,0,Alive
O_lurida,15,No Tide,18,7,11,0,Alive
O_lurida,15,No Tide,18,7,12,0,Alive
O_lurida,15,No Tide,18,7,13,0,Alive
O_lurida,15,No Tide,18,7,14,0,Alive
O_lurida,15,No Tide,18,7,15,0,Alive
O_lurida,15,No Tide,18,7,16,0,Alive
O_lurida,15,No Tide,18,7,17,0,Alive
O_lurida,15,No Tide,18,7,18,0,Alive
O_lurida,15,No Tide,18,7,19,0,Alive
O_lurida,15,No Tide,18,7,20,0,Alive
O_lurida,15,Tide,18,7,1,0,Alive
O_lurida,15,Tide,18,7,2,0,Alive
O_lurida,15,Tide,18,7,3,0,Alive
O_lurida,15,Tide,18,7,4,0,Alive
O_lurida,15,Tide,18,7,5,0,Alive
O_lurida,15,Tide,18,7,6,0,Alive
O_lurida,15,Tide,18,7,7,0,Alive
O_lurida,15,Tide,18,7,8,0,Alive
O_lurida,15,Tide,18,7,9,0,Alive
O_lurida,15,Tide,18,7,10,0,Alive
O_lurida,15,Tide,18,7,11,0,Alive
O_lurida,15,Tide,18,7,12,0,Alive
O_lurida,15,Tide,18,7,13,0,Alive
O_lurida,15,Tide,18,7,14,0,Alive
O_lurida,15,Tide,18,7,15,0,Alive
O_lurida,15,Tide,18,7,16,0,Alive
O_lurida,15,Tide,18,7,17,0,Alive
O_lurida,15,Tide,18,7,18,0,Alive
O_lurida,15,Tide,18,7,19,0,Alive
O_lurida,15,Tide,18,7,20,0,Alive
O_lurida,21,Tide,18,7,1,1,Dead
O_lurida,21,Tide,18,7,2,0,Alive
O_lurida,21,Tide,18,7,3,0,Alive
O_lurida,21,Tide,18,7,4,0,Alive
O_lurida,21,Tide,18,7,5,0,Alive
O_lurida,21,Tide,18,7,6,0,Alive
O_lurida,21,Tide,18,7,7,0,Alive
O_lurida,21,Tide,18,7,8,0,Alive
O_lurida,21,Tide,18,7,9,0,Alive
O_lurida,21,Tide,18,7,10,0,Alive
O_lurida,21,Tide,18,7,11,0,Alive
O_lurida,21,Tide,18,7,12,0,Alive
O_lurida,21,Tide,18,7,13,0,Alive
O_lurida,21,Tide,18,7,14,0,Alive
O_lurida,21,Tide,18,7,15,0,Alive
O_lurida,21,Tide,18,7,16,0,Alive
O_lurida,21,Tide,18,7,17,0,Alive
O_lurida,21,Tide,18,7,18,0,Alive
O_lurida,21,Tide,18,7,19,0,Alive
O_lurida,21,Tide,18,7,20,0,Alive
O_lurida,21,No Tide,18,7,1,0,Alive
O_lurida,21,No Tide,18,7,2,0,Alive
O_lurida,21,No Tide,18,7,3,0,Alive
O_lurida,21,No Tide,18,7,4,0,Alive
O_lurida,21,No Tide,18,7,5,0,Alive
O_lurida,21,No Tide,18,7,6,0,Alive
O_lurida,21,No Tide,18,7,7,0,Alive
O_lurida,21,No Tide,18,7,8,0,Alive
O_lurida,21,No Tide,18,7,9,0,Alive
O_lurida,21,No Tide,18,7,10,0,Alive
O_lurida,21,No Tide,18,7,11,0,Alive
O_lurida,21,No Tide,18,7,12,0,Alive
O_lurida,21,No Tide,18,7,13,0,Alive
O_lurida,21,No Tide,18,7,14,0,Alive
O_lurida,21,No Tide,18,7,15,0,Alive
O_lurida,21,No Tide,18,7,16,0,Alive
O_lurida,21,No Tide,18,7,17,0,Alive
O_lurida,21,No Tide,18,7,18,0,Alive
O_lurida,21,No Tide,18,7,19,0,Alive
O_lurida,21,No Tide,18,7,20,0,Alive
O_lurida,15,No Tide,18,8,1,0,Alive
O_lurida,15,No Tide,18,8,2,0,Alive
O_lurida,15,No Tide,18,8,3,0,Alive
O_lurida,15,No Tide,18,8,4,0,Alive
O_lurida,15,No Tide,18,8,5,0,Alive
O_lurida,15,No Tide,18,8,6,0,Alive
O_lurida,15,No Tide,18,8,7,0,Alive
O_lurida,15,No Tide,18,8,8,0,Alive
O_lurida,15,No Tide,18,8,9,0,Alive
O_lurida,15,No Tide,18,8,10,0,Alive
O_lurida,15,No Tide,18,8,11,0,Alive
O_lurida,15,No Tide,18,8,12,0,Alive
O_lurida,15,No Tide,18,8,13,0,Alive
O_lurida,15,No Tide,18,8,14,0,Alive
O_lurida,15,No Tide,18,8,15,0,Alive
O_lurida,15,No Tide,18,8,16,0,Alive
O_lurida,15,No Tide,18,8,17,0,Alive
O_lurida,15,No Tide,18,8,18,0,Alive
O_lurida,15,No Tide,18,8,19,0,Alive
O_lurida,15,No Tide,18,8,20,0,Alive
O_lurida,15,Tide,18,8,1,0,Alive
O_lurida,15,Tide,18,8,2,0,Alive
O_lurida,15,Tide,18,8,3,0,Alive
O_lurida,15,Tide,18,8,4,0,Alive
O_lurida,15,Tide,18,8,5,0,Alive
O_lurida,15,Tide,18,8,6,0,Alive
O_lurida,15,Tide,18,8,7,0,Alive
O_lurida,15,Tide,18,8,8,0,Alive
O_lurida,15,Tide,18,8,9,0,Alive
O_lurida,15,Tide,18,8,10,0,Alive
O_lurida,15,Tide,18,8,11,0,Alive
O_lurida,15,Tide,18,8,12,0,Alive
O_lurida,15,Tide,18,8,13,0,Alive
O_lurida,15,Tide,18,8,14,0,Alive
O_lurida,15,Tide,18,8,15,0,Alive
O_lurida,15,Tide,18,8,16,0,Alive
O_lurida,15,Tide,18,8,17,0,Alive
O_lurida,15,Tide,18,8,18,0,Alive
O_lurida,15,Tide,18,8,19,0,Alive
O_lurida,15,Tide,18,8,20,0,Alive
O_lurida,21,Tide,18,8,1,0,Alive
O_lurida,21,Tide,18,8,2,0,Alive
O_lurida,21,Tide,18,8,3,0,Alive
O_lurida,21,Tide,18,8,4,0,Alive
O_lurida,21,Tide,18,8,5,0,Alive
O_lurida,21,Tide,18,8,6,0,Alive
O_lurida,21,Tide,18,8,7,0,Alive
O_lurida,21,Tide,18,8,8,0,Alive
O_lurida,21,Tide,18,8,9,0,Alive
O_lurida,21,Tide,18,8,10,0,Alive
O_lurida,21,Tide,18,8,11,0,Alive
O_lurida,21,Tide,18,8,12,0,Alive
O_lurida,21,Tide,18,8,13,0,Alive
O_lurida,21,Tide,18,8,14,0,Alive
O_lurida,21,Tide,18,8,15,0,Alive
O_lurida,21,Tide,18,8,16,0,Alive
O_lurida,21,Tide,18,8,17,0,Alive
O_lurida,21,Tide,18,8,18,0,Alive
O_lurida,21,Tide,18,8,19,0,Alive
O_lurida,21,Tide,18,8,20,0,Alive
O_lurida,21,No Tide,18,8,1,0,Alive
O_lurida,21,No Tide,18,8,2,0,Alive
O_lurida,21,No Tide,18,8,3,0,Alive
O_lurida,21,No Tide,18,8,4,0,Alive
O_lurida,21,No Tide,18,8,5,0,Alive
O_lurida,21,No Tide,18,8,6,0,Alive
O_lurida,21,No Tide,18,8,7,0,Alive
O_lurida,21,No Tide,18,8,8,0,Alive
O_lurida,21,No Tide,18,8,9,0,Alive
O_lurida,21,No Tide,18,8,10,0,Alive
O_lurida,21,No Tide,18,8,11,0,Alive
O_lurida,21,No Tide,18,8,12,0,Alive
O_lurida,21,No Tide,18,8,13,0,Alive
O_lurida,21,No Tide,18,8,14,0,Alive
O_lurida,21,No Tide,18,8,15,0,Alive
O_lurida,21,No Tide,18,8,16,0,Alive
O_lurida,21,No Tide,18,8,17,0,Alive
O_lurida,21,No Tide,18,8,18,0,Alive
O_lurida,21,No Tide,18,8,19,0,Alive
O_lurida,21,No Tide,18,8,20,0,Alive
O_lurida,15,No Tide,18,9,1,0,Alive
O_lurida,15,No Tide,18,9,2,0,Alive
O_lurida,15,No Tide,18,9,3,0,Alive
O_lurida,15,No Tide,18,9,4,0,Alive
O_lurida,15,No Tide,18,9,5,0,Alive
O_lurida,15,No Tide,18,9,6,0,Alive
O_lurida,15,No Tide,18,9,7,0,Alive
O_lurida,15,No Tide,18,9,8,0,Alive
O_lurida,15,No Tide,18,9,9,0,Alive
O_lurida,15,No Tide,18,9,10,0,Alive
O_lurida,15,No Tide,18,9,11,0,Alive
O_lurida,15,No Tide,18,9,12,0,Alive
O_lurida,15,No Tide,18,9,13,0,Alive
O_lurida,15,No Tide,18,9,14,0,Alive
O_lurida,15,No Tide,18,9,15,0,Alive
O_lurida,15,No Tide,18,9,16,0,Alive
O_lurida,15,No Tide,18,9,17,0,Alive
O_lurida,15,No Tide,18,9,18,0,Alive
O_lurida,15,No Tide,18,9,19,0,Alive
O_lurida,15,No Tide,18,9,20,0,Alive
O_lurida,15,Tide,18,9,1,1,Dead
O_lurida,15,Tide,18,9,2,0,Alive
O_lurida,15,Tide,18,9,3,0,Alive
O_lurida,15,Tide,18,9,4,0,Alive
O_lurida,15,Tide,18,9,5,0,Alive
O_lurida,15,Tide,18,9,6,0,Alive
O_lurida,15,Tide,18,9,7,0,Alive
O_lurida,15,Tide,18,9,8,0,Alive
O_lurida,15,Tide,18,9,9,0,Alive
O_lurida,15,Tide,18,9,10,0,Alive
O_lurida,15,Tide,18,9,11,0,Alive
O_lurida,15,Tide,18,9,12,0,Alive
O_lurida,15,Tide,18,9,13,0,Alive
O_lurida,15,Tide,18,9,14,0,Alive
O_lurida,15,Tide,18,9,15,0,Alive
O_lurida,15,Tide,18,9,16,0,Alive
O_lurida,15,Tide,18,9,17,0,Alive
O_lurida,15,Tide,18,9,18,0,Alive
O_lurida,15,Tide,18,9,19,0,Alive
O_lurida,15,Tide,18,9,20,0,Alive
O_lurida,21,Tide,18,9,1,1,Dead
O_lurida,21,Tide,18,9,2,0,Alive
O_lurida,21,Tide,18,9,3,0,Alive
O_lurida,21,Tide,18,9,4,0,Alive
O_lurida,21,Tide,18,9,5,0,Alive
O_lurida,21,Tide,18,9,6,0,Alive
O_lurida,21,Tide,18,9,7,0,Alive
O_lurida,21,Tide,18,9,8,0,Alive
O_lurida,21,Tide,18,9,9,0,Alive
O_lurida,21,Tide,18,9,10,0,Alive
O_lurida,21,Tide,18,9,11,0,Alive
O_lurida,21,Tide,18,9,12,0,Alive
O_lurida,21,Tide,18,9,13,0,Alive
O_lurida,21,Tide,18,9,14,0,Alive
O_lurida,21,Tide,18,9,15,0,Alive
O_lurida,21,Tide,18,9,16,0,Alive
O_lurida,21,Tide,18,9,17,0,Alive
O_lurida,21,Tide,18,9,18,0,Alive
O_lurida,21,Tide,18,9,19,0,Alive
O_lurida,21,Tide,18,9,20,0,Alive
O_lurida,21,No Tide,18,9,1,0,Alive
O_lurida,21,No Tide,18,9,2,0,Alive
O_lurida,21,No Tide,18,9,3,0,Alive
O_lurida,21,No Tide,18,9,4,0,Alive
O_lurida,21,No Tide,18,9,5,0,Alive
O_lurida,21,No Tide,18,9,6,0,Alive
O_lurida,21,No Tide,18,9,7,0,Alive
O_lurida,21,No Tide,18,9,8,0,Alive
O_lurida,21,No Tide,18,9,9,0,Alive
O_lurida,21,No Tide,18,9,10,0,Alive
O_lurida,21,No Tide,18,9,11,0,Alive
O_lurida,21,No Tide,18,9,12,0,Alive
O_lurida,21,No Tide,18,9,13,0,Alive
O_lurida,21,No Tide,18,9,14,0,Alive
O_lurida,21,No Tide,18,9,15,0,Alive
O_lurida,21,No Tide,18,9,16,0,Alive
O_lurida,21,No Tide,18,9,17,0,Alive
O_lurida,21,No Tide,18,9,18,0,Alive
O_lurida,21,No Tide,18,9,19,0,Alive
O_lurida,21,No Tide,18,9,20,0,Alive
O_lurida,15,No Tide,18,10,1,0,Alive
O_lurida,15,No Tide,18,10,2,0,Alive
O_lurida,15,No Tide,18,10,3,0,Alive
O_lurida,15,No Tide,18,10,4,0,Alive
O_lurida,15,No Tide,18,10,5,0,Alive
O_lurida,15,No Tide,18,10,6,0,Alive
O_lurida,15,No Tide,18,10,7,0,Alive
O_lurida,15,No Tide,18,10,8,0,Alive
O_lurida,15,No Tide,18,10,9,0,Alive
O_lurida,15,No Tide,18,10,10,0,Alive
O_lurida,15,No Tide,18,10,11,0,Alive
O_lurida,15,No Tide,18,10,12,0,Alive
O_lurida,15,No Tide,18,10,13,0,Alive
O_lurida,15,No Tide,18,10,14,0,Alive
O_lurida,15,No Tide,18,10,15,0,Alive
O_lurida,15,No Tide,18,10,16,0,Alive
O_lurida,15,No Tide,18,10,17,0,Alive
O_lurida,15,No Tide,18,10,18,0,Alive
O_lurida,15,No Tide,18,10,19,0,Alive
O_lurida,15,No Tide,18,10,20,0,Alive
O_lurida,15,Tide,18,10,1,0,Alive
O_lurida,15,Tide,18,10,2,0,Alive
O_lurida,15,Tide,18,10,3,0,Alive
O_lurida,15,Tide,18,10,4,0,Alive
O_lurida,15,Tide,18,10,5,0,Alive
O_lurida,15,Tide,18,10,6,0,Alive
O_lurida,15,Tide,18,10,7,0,Alive
O_lurida,15,Tide,18,10,8,0,Alive
O_lurida,15,Tide,18,10,9,0,Alive
O_lurida,15,Tide,18,10,10,0,Alive
O_lurida,15,Tide,18,10,11,0,Alive
O_lurida,15,Tide,18,10,12,0,Alive
O_lurida,15,Tide,18,10,13,0,Alive
O_lurida,15,Tide,18,10,14,0,Alive
O_lurida,15,Tide,18,10,15,0,Alive
O_lurida,15,Tide,18,10,16,0,Alive
O_lurida,15,Tide,18,10,17,0,Alive
O_lurida,15,Tide,18,10,18,0,Alive
O_lurida,15,Tide,18,10,19,0,Alive
O_lurida,15,Tide,18,10,20,0,Alive
O_lurida,21,Tide,18,10,1,1,Dead
O_lurida,21,Tide,18,10,2,0,Alive
O_lurida,21,Tide,18,10,3,0,Alive
O_lurida,21,Tide,18,10,4,0,Alive
O_lurida,21,Tide,18,10,5,0,Alive
O_lurida,21,Tide,18,10,6,0,Alive
O_lurida,21,Tide,18,10,7,0,Alive
O_lurida,21,Tide,18,10,8,0,Alive
O_lurida,21,Tide,18,10,9,0,Alive
O_lurida,21,Tide,18,10,10,0,Alive
O_lurida,21,Tide,18,10,11,0,Alive
O_lurida,21,Tide,18,10,12,0,Alive
O_lurida,21,Tide,18,10,13,0,Alive
O_lurida,21,Tide,18,10,14,0,Alive
O_lurida,21,Tide,18,10,15,0,Alive
O_lurida,21,Tide,18,10,16,0,Alive
O_lurida,21,Tide,18,10,17,0,Alive
O_lurida,21,Tide,18,10,18,0,Alive
O_lurida,21,Tide,18,10,19,0,Alive
O_lurida,21,Tide,18,10,20,0,Alive
O_lurida,21,No Tide,18,10,1,0,Alive
O_lurida,21,No Tide,18,10,2,0,Alive
O_lurida,21,No Tide,18,10,3,0,Alive
O_lurida,21,No Tide,18,10,4,0,Alive
O_lurida,21,No Tide,18,10,5,0,Alive
O_lurida,21,No Tide,18,10,6,0,Alive
O_lurida,21,No Tide,18,10,7,0,Alive
O_lurida,21,No Tide,18,10,8,0,Alive
O_lurida,21,No Tide,18,10,9,0,Alive
O_lurida,21,No Tide,18,10,10,0,Alive
O_lurida,21,No Tide,18,10,11,0,Alive
O_lurida,21,No Tide,18,10,12,0,Alive
O_lurida,21,No Tide,18,10,13,0,Alive
O_lurida,21,No Tide,18,10,14,0,Alive
O_lurida,21,No Tide,18,10,15,0,Alive
O_lurida,21,No Tide,18,10,16,0,Alive
O_lurida,21,No Tide,18,10,17,0,Alive
O_lurida,21,No Tide,18,10,18,0,Alive
O_lurida,21,No Tide,18,10,19,0,Alive
O_lurida,21,No Tide,18,10,20,0,Alive
O_lurida,15,No Tide,24,11,1,0,Alive
O_lurida,15,No Tide,24,11,2,0,Alive
O_lurida,15,No Tide,24,11,3,0,Alive
O_lurida,15,No Tide,24,11,4,0,Alive
O_lurida,15,No Tide,24,11,5,0,Alive
O_lurida,15,No Tide,24,11,6,0,Alive
O_lurida,15,No Tide,24,11,7,0,Alive
O_lurida,15,No Tide,24,11,8,0,Alive
O_lurida,15,No Tide,24,11,9,0,Alive
O_lurida,15,No Tide,24,11,10,0,Alive
O_lurida,15,No Tide,24,11,11,0,Alive
O_lurida,15,No Tide,24,11,12,0,Alive
O_lurida,15,No Tide,24,11,13,0,Alive
O_lurida,15,No Tide,24,11,14,0,Alive
O_lurida,15,No Tide,24,11,15,0,Alive
O_lurida,15,No Tide,24,11,16,0,Alive
O_lurida,15,No Tide,24,11,17,0,Alive
O_lurida,15,No Tide,24,11,18,0,Alive
O_lurida,15,No Tide,24,11,19,0,Alive
O_lurida,15,No Tide,24,11,20,0,Alive
O_lurida,15,Tide,24,11,1,1,Dead
O_lurida,15,Tide,24,11,2,1,Dead
O_lurida,15,Tide,24,11,3,0,Alive
O_lurida,15,Tide,24,11,4,0,Alive
O_lurida,15,Tide,24,11,5,0,Alive
O_lurida,15,Tide,24,11,6,0,Alive
O_lurida,15,Tide,24,11,7,0,Alive
O_lurida,15,Tide,24,11,8,0,Alive
O_lurida,15,Tide,24,11,9,0,Alive
O_lurida,15,Tide,24,11,10,0,Alive
O_lurida,15,Tide,24,11,11,0,Alive
O_lurida,15,Tide,24,11,12,0,Alive
O_lurida,15,Tide,24,11,13,0,Alive
O_lurida,15,Tide,24,11,14,0,Alive
O_lurida,15,Tide,24,11,15,0,Alive
O_lurida,15,Tide,24,11,16,0,Alive
O_lurida,15,Tide,24,11,17,0,Alive
O_lurida,15,Tide,24,11,18,0,Alive
O_lurida,15,Tide,24,11,19,0,Alive
O_lurida,15,Tide,24,11,20,0,Alive
O_lurida,21,Tide,24,11,1,1,Dead
O_lurida,21,Tide,24,11,2,0,Alive
O_lurida,21,Tide,24,11,3,0,Alive
O_lurida,21,Tide,24,11,4,0,Alive
O_lurida,21,Tide,24,11,5,0,Alive
O_lurida,21,Tide,24,11,6,0,Alive
O_lurida,21,Tide,24,11,7,0,Alive
O_lurida,21,Tide,24,11,8,0,Alive
O_lurida,21,Tide,24,11,9,0,Alive
O_lurida,21,Tide,24,11,10,0,Alive
O_lurida,21,Tide,24,11,11,0,Alive
O_lurida,21,Tide,24,11,12,0,Alive
O_lurida,21,Tide,24,11,13,0,Alive
O_lurida,21,Tide,24,11,14,0,Alive
O_lurida,21,Tide,24,11,15,0,Alive
O_lurida,21,Tide,24,11,16,0,Alive
O_lurida,21,Tide,24,11,17,0,Alive
O_lurida,21,Tide,24,11,18,0,Alive
O_lurida,21,Tide,24,11,19,0,Alive
O_lurida,21,Tide,24,11,20,0,Alive
O_lurida,21,No Tide,24,11,1,0,Alive
O_lurida,21,No Tide,24,11,2,0,Alive
O_lurida,21,No Tide,24,11,3,0,Alive
O_lurida,21,No Tide,24,11,4,0,Alive
O_lurida,21,No Tide,24,11,5,0,Alive
O_lurida,21,No Tide,24,11,6,0,Alive
O_lurida,21,No Tide,24,11,7,0,Alive
O_lurida,21,No Tide,24,11,8,0,Alive
O_lurida,21,No Tide,24,11,9,0,Alive
O_lurida,21,No Tide,24,11,10,0,Alive
O_lurida,21,No Tide,24,11,11,0,Alive
O_lurida,21,No Tide,24,11,12,0,Alive
O_lurida,21,No Tide,24,11,13,0,Alive
O_lurida,21,No Tide,24,11,14,0,Alive
O_lurida,21,No Tide,24,11,15,0,Alive
O_lurida,21,No Tide,24,11,16,0,Alive
O_lurida,21,No Tide,24,11,17,0,Alive
O_lurida,21,No Tide,24,11,18,0,Alive
O_lurida,21,No Tide,24,11,19,0,Alive
O_lurida,21,No Tide,24,11,20,0,Alive
O_lurida,15,No Tide,24,12,1,0,Alive
O_lurida,15,No Tide,24,12,2,0,Alive
O_lurida,15,No Tide,24,12,3,0,Alive
O_lurida,15,No Tide,24,12,4,0,Alive
O_lurida,15,No Tide,24,12,5,0,Alive
O_lurida,15,No Tide,24,12,6,0,Alive
O_lurida,15,No Tide,24,12,7,0,Alive
O_lurida,15,No Tide,24,12,8,0,Alive
O_lurida,15,No Tide,24,12,9,0,Alive
O_lurida,15,No Tide,24,12,10,0,Alive
O_lurida,15,No Tide,24,12,11,0,Alive
O_lurida,15,No Tide,24,12,12,0,Alive
O_lurida,15,No Tide,24,12,13,0,Alive
O_lurida,15,No Tide,24,12,14,0,Alive
O_lurida,15,No Tide,24,12,15,0,Alive
O_lurida,15,No Tide,24,12,16,0,Alive
O_lurida,15,No Tide,24,12,17,0,Alive
O_lurida,15,No Tide,24,12,18,0,Alive
O_lurida,15,No Tide,24,12,19,0,Alive
O_lurida,15,No Tide,24,12,20,0,Alive
O_lurida,15,Tide,24,12,1,0,Alive
O_lurida,15,Tide,24,12,2,0,Alive
O_lurida,15,Tide,24,12,3,0,Alive
O_lurida,15,Tide,24,12,4,0,Alive
O_lurida,15,Tide,24,12,5,0,Alive
O_lurida,15,Tide,24,12,6,0,Alive
O_lurida,15,Tide,24,12,7,0,Alive
O_lurida,15,Tide,24,12,8,0,Alive
O_lurida,15,Tide,24,12,9,0,Alive
O_lurida,15,Tide,24,12,10,0,Alive
O_lurida,15,Tide,24,12,11,0,Alive
O_lurida,15,Tide,24,12,12,0,Alive
O_lurida,15,Tide,24,12,13,0,Alive
O_lurida,15,Tide,24,12,14,0,Alive
O_lurida,15,Tide,24,12,15,0,Alive
O_lurida,15,Tide,24,12,16,0,Alive
O_lurida,15,Tide,24,12,17,0,Alive
O_lurida,15,Tide,24,12,18,0,Alive
O_lurida,15,Tide,24,12,19,0,Alive
O_lurida,15,Tide,24,12,20,0,Alive
O_lurida,21,Tide,24,12,1,0,Alive
O_lurida,21,Tide,24,12,2,0,Alive
O_lurida,21,Tide,24,12,3,0,Alive
O_lurida,21,Tide,24,12,4,0,Alive
O_lurida,21,Tide,24,12,5,0,Alive
O_lurida,21,Tide,24,12,6,0,Alive
O_lurida,21,Tide,24,12,7,0,Alive
O_lurida,21,Tide,24,12,8,0,Alive
O_lurida,21,Tide,24,12,9,0,Alive
O_lurida,21,Tide,24,12,10,0,Alive
O_lurida,21,Tide,24,12,11,0,Alive
O_lurida,21,Tide,24,12,12,0,Alive
O_lurida,21,Tide,24,12,13,0,Alive
O_lurida,21,Tide,24,12,14,0,Alive
O_lurida,21,Tide,24,12,15,0,Alive
O_lurida,21,Tide,24,12,16,0,Alive
O_lurida,21,Tide,24,12,17,0,Alive
O_lurida,21,Tide,24,12,18,0,Alive
O_lurida,21,Tide,24,12,19,0,Alive
O_lurida,21,Tide,24,12,20,0,Alive
O_lurida,21,No Tide,24,12,1,1,Dead
O_lurida,21,No Tide,24,12,2,1,Dead
O_lurida,21,No Tide,24,12,3,0,Alive
O_lurida,21,No Tide,24,12,4,0,Alive
O_lurida,21,No Tide,24,12,5,0,Alive
O_lurida,21,No Tide,24,12,6,0,Alive
O_lurida,21,No Tide,24,12,7,0,Alive
O_lurida,21,No Tide,24,12,8,0,Alive
O_lurida,21,No Tide,24,12,9,0,Alive
O_lurida,21,No Tide,24,12,10,0,Alive
O_lurida,21,No Tide,24,12,11,0,Alive
O_lurida,21,No Tide,24,12,12,0,Alive
O_lurida,21,No Tide,24,12,13,0,Alive
O_lurida,21,No Tide,24,12,14,0,Alive
O_lurida,21,No Tide,24,12,15,0,Alive
O_lurida,21,No Tide,24,12,16,0,Alive
O_lurida,21,No Tide,24,12,17,0,Alive
O_lurida,21,No Tide,24,12,18,0,Alive
O_lurida,21,No Tide,24,12,19,0,Alive
O_lurida,21,No Tide,24,12,20,0,Alive
O_lurida,15,No Tide,24,13,1,1,Dead
O_lurida,15,No Tide,24,13,2,0,Alive
O_lurida,15,No Tide,24,13,3,0,Alive
O_lurida,15,No Tide,24,13,4,0,Alive
O_lurida,15,No Tide,24,13,5,0,Alive
O_lurida,15,No Tide,24,13,6,0,Alive
O_lurida,15,No Tide,24,13,7,0,Alive
O_lurida,15,No Tide,24,13,8,0,Alive
O_lurida,15,No Tide,24,13,9,0,Alive
O_lurida,15,No Tide,24,13,10,0,Alive
O_lurida,15,No Tide,24,13,11,0,Alive
O_lurida,15,No Tide,24,13,12,0,Alive
O_lurida,15,No Tide,24,13,13,0,Alive
O_lurida,15,No Tide,24,13,14,0,Alive
O_lurida,15,No Tide,24,13,15,0,Alive
O_lurida,15,No Tide,24,13,16,0,Alive
O_lurida,15,No Tide,24,13,17,0,Alive
O_lurida,15,No Tide,24,13,18,0,Alive
O_lurida,15,No Tide,24,13,19,0,Alive
O_lurida,15,No Tide,24,13,20,0,Alive
O_lurida,15,Tide,24,13,1,0,Alive
O_lurida,15,Tide,24,13,2,0,Alive
O_lurida,15,Tide,24,13,3,0,Alive
O_lurida,15,Tide,24,13,4,0,Alive
O_lurida,15,Tide,24,13,5,0,Alive
O_lurida,15,Tide,24,13,6,0,Alive
O_lurida,15,Tide,24,13,7,0,Alive
O_lurida,15,Tide,24,13,8,0,Alive
O_lurida,15,Tide,24,13,9,0,Alive
O_lurida,15,Tide,24,13,10,0,Alive
O_lurida,15,Tide,24,13,11,0,Alive
O_lurida,15,Tide,24,13,12,0,Alive
O_lurida,15,Tide,24,13,13,0,Alive
O_lurida,15,Tide,24,13,14,0,Alive
O_lurida,15,Tide,24,13,15,0,Alive
O_lurida,15,Tide,24,13,16,0,Alive
O_lurida,15,Tide,24,13,17,0,Alive
O_lurida,15,Tide,24,13,18,0,Alive
O_lurida,15,Tide,24,13,19,0,Alive
O_lurida,15,Tide,24,13,20,0,Alive
O_lurida,21,Tide,24,13,1,0,Alive
O_lurida,21,Tide,24,13,2,0,Alive
O_lurida,21,Tide,24,13,3,0,Alive
O_lurida,21,Tide,24,13,4,0,Alive
O_lurida,21,Tide,24,13,5,0,Alive
O_lurida,21,Tide,24,13,6,0,Alive
O_lurida,21,Tide,24,13,7,0,Alive
O_lurida,21,Tide,24,13,8,0,Alive
O_lurida,21,Tide,24,13,9,0,Alive
O_lurida,21,Tide,24,13,10,0,Alive
O_lurida,21,Tide,24,13,11,0,Alive
O_lurida,21,Tide,24,13,12,0,Alive
O_lurida,21,Tide,24,13,13,0,Alive
O_lurida,21,Tide,24,13,14,0,Alive
O_lurida,21,Tide,24,13,15,0,Alive
O_lurida,21,Tide,24,13,16,0,Alive
O_lurida,21,Tide,24,13,17,0,Alive
O_lurida,21,Tide,24,13,18,0,Alive
O_lurida,21,Tide,24,13,19,0,Alive
O_lurida,21,Tide,24,13,20,0,Alive
O_lurida,21,No Tide,24,13,1,0,Alive
O_lurida,21,No Tide,24,13,2,0,Alive
O_lurida,21,No Tide,24,13,3,0,Alive
O_lurida,21,No Tide,24,13,4,0,Alive
O_lurida,21,No Tide,24,13,5,0,Alive
O_lurida,21,No Tide,24,13,6,0,Alive
O_lurida,21,No Tide,24,13,7,0,Alive
O_lurida,21,No Tide,24,13,8,0,Alive
O_lurida,21,No Tide,24,13,9,0,Alive
O_lurida,21,No Tide,24,13,10,0,Alive
O_lurida,21,No Tide,24,13,11,0,Alive
O_lurida,21,No Tide,24,13,12,0,Alive
O_lurida,21,No Tide,24,13,13,0,Alive
O_lurida,21,No Tide,24,13,14,0,Alive
O_lurida,21,No Tide,24,13,15,0,Alive
O_lurida,21,No Tide,24,13,16,0,Alive
O_lurida,21,No Tide,24,13,17,0,Alive
O_lurida,21,No Tide,24,13,18,0,Alive
O_lurida,21,No Tide,24,13,19,0,Alive
O_lurida,21,No Tide,24,13,20,0,Alive
O_lurida,15,No Tide,24,14,1,0,Alive
O_lurida,15,No Tide,24,14,2,0,Alive
O_lurida,15,No Tide,24,14,3,0,Alive
O_lurida,15,No Tide,24,14,4,0,Alive
O_lurida,15,No Tide,24,14,5,0,Alive
O_lurida,15,No Tide,24,14,6,0,Alive
O_lurida,15,No Tide,24,14,7,0,Alive
O_lurida,15,No Tide,24,14,8,0,Alive
O_lurida,15,No Tide,24,14,9,0,Alive
O_lurida,15,No Tide,24,14,10,0,Alive
O_lurida,15,No Tide,24,14,11,0,Alive
O_lurida,15,No Tide,24,14,12,0,Alive
O_lurida,15,No Tide,24,14,13,0,Alive
O_lurida,15,No Tide,24,14,14,0,Alive
O_lurida,15,No Tide,24,14,15,0,Alive
O_lurida,15,No Tide,24,14,16,0,Alive
O_lurida,15,No Tide,24,14,17,0,Alive
O_lurida,15,No Tide,24,14,18,0,Alive
O_lurida,15,No Tide,24,14,19,0,Alive
O_lurida,15,No Tide,24,14,20,0,Alive
O_lurida,15,Tide,24,14,1,0,Alive
O_lurida,15,Tide,24,14,2,0,Alive
O_lurida,15,Tide,24,14,3,0,Alive
O_lurida,15,Tide,24,14,4,0,Alive
O_lurida,15,Tide,24,14,5,0,Alive
O_lurida,15,Tide,24,14,6,0,Alive
O_lurida,15,Tide,24,14,7,0,Alive
O_lurida,15,Tide,24,14,8,0,Alive
O_lurida,15,Tide,24,14,9,0,Alive
O_lurida,15,Tide,24,14,10,0,Alive
O_lurida,15,Tide,24,14,11,0,Alive
O_lurida,15,Tide,24,14,12,0,Alive
O_lurida,15,Tide,24,14,13,0,Alive
O_lurida,15,Tide,24,14,14,0,Alive
O_lurida,15,Tide,24,14,15,0,Alive
O_lurida,15,Tide,24,14,16,0,Alive
O_lurida,15,Tide,24,14,17,0,Alive
O_lurida,15,Tide,24,14,18,0,Alive
O_lurida,15,Tide,24,14,19,0,Alive
O_lurida,15,Tide,24,14,20,0,Alive
O_lurida,21,Tide,24,14,1,0,Alive
O_lurida,21,Tide,24,14,2,0,Alive
O_lurida,21,Tide,24,14,3,0,Alive
O_lurida,21,Tide,24,14,4,0,Alive
O_lurida,21,Tide,24,14,5,0,Alive
O_lurida,21,Tide,24,14,6,0,Alive
O_lurida,21,Tide,24,14,7,0,Alive
O_lurida,21,Tide,24,14,8,0,Alive
O_lurida,21,Tide,24,14,9,0,Alive
O_lurida,21,Tide,24,14,10,0,Alive
O_lurida,21,Tide,24,14,11,0,Alive
O_lurida,21,Tide,24,14,12,0,Alive
O_lurida,21,Tide,24,14,13,0,Alive
O_lurida,21,Tide,24,14,14,0,Alive
O_lurida,21,Tide,24,14,15,0,Alive
O_lurida,21,Tide,24,14,16,0,Alive
O_lurida,21,Tide,24,14,17,0,Alive
O_lurida,21,Tide,24,14,18,0,Alive
O_lurida,21,Tide,24,14,19,0,Alive
O_lurida,21,Tide,24,14,20,0,Alive
O_lurida,21,No Tide,24,14,1,0,Alive
O_lurida,21,No Tide,24,14,2,0,Alive
O_lurida,21,No Tide,24,14,3,0,Alive
O_lurida,21,No Tide,24,14,4,0,Alive
O_lurida,21,No Tide,24,14,5,0,Alive
O_lurida,21,No Tide,24,14,6,0,Alive
O_lurida,21,No Tide,24,14,7,0,Alive
O_lurida,21,No Tide,24,14,8,0,Alive
O_lurida,21,No Tide,24,14,9,0,Alive
O_lurida,21,No Tide,24,14,10,0,Alive
O_lurida,21,No Tide,24,14,11,0,Alive
O_lurida,21,No Tide,24,14,12,0,Alive
O_lurida,21,No Tide,24,14,13,0,Alive
O_lurida,21,No Tide,24,14,14,0,Alive
O_lurida,21,No Tide,24,14,15,0,Alive
O_lurida,21,No Tide,24,14,16,0,Alive
O_lurida,21,No Tide,24,14,17,0,Alive
O_lurida,21,No Tide,24,14,18,0,Alive
O_lurida,21,No Tide,24,14,19,0,Alive
O_lurida,21,No Tide,24,14,20,0,Alive
O_lurida,15,No Tide,24,15,1,0,Alive
O_lurida,15,No Tide,24,15,2,0,Alive
O_lurida,15,No Tide,24,15,3,0,Alive
O_lurida,15,No Tide,24,15,4,0,Alive
O_lurida,15,No Tide,24,15,5,0,Alive
O_lurida,15,No Tide,24,15,6,0,Alive
O_lurida,15,No Tide,24,15,7,0,Alive
O_lurida,15,No Tide,24,15,8,0,Alive
O_lurida,15,No Tide,24,15,9,0,Alive
O_lurida,15,No Tide,24,15,10,0,Alive
O_lurida,15,No Tide,24,15,11,0,Alive
O_lurida,15,No Tide,24,15,12,0,Alive
O_lurida,15,No Tide,24,15,13,0,Alive
O_lurida,15,No Tide,24,15,14,0,Alive
O_lurida,15,No Tide,24,15,15,0,Alive
O_lurida,15,No Tide,24,15,16,0,Alive
O_lurida,15,No Tide,24,15,17,0,Alive
O_lurida,15,No Tide,24,15,18,0,Alive
O_lurida,15,No Tide,24,15,19,0,Alive
O_lurida,15,No Tide,24,15,20,0,Alive
O_lurida,15,Tide,24,15,1,0,Alive
O_lurida,15,Tide,24,15,2,0,Alive
O_lurida,15,Tide,24,15,3,0,Alive
O_lurida,15,Tide,24,15,4,0,Alive
O_lurida,15,Tide,24,15,5,0,Alive
O_lurida,15,Tide,24,15,6,0,Alive
O_lurida,15,Tide,24,15,7,0,Alive
O_lurida,15,Tide,24,15,8,0,Alive
O_lurida,15,Tide,24,15,9,0,Alive
O_lurida,15,Tide,24,15,10,0,Alive
O_lurida,15,Tide,24,15,11,0,Alive
O_lurida,15,Tide,24,15,12,0,Alive
O_lurida,15,Tide,24,15,13,0,Alive
O_lurida,15,Tide,24,15,14,0,Alive
O_lurida,15,Tide,24,15,15,0,Alive
O_lurida,15,Tide,24,15,16,0,Alive
O_lurida,15,Tide,24,15,17,0,Alive
O_lurida,15,Tide,24,15,18,0,Alive
O_lurida,15,Tide,24,15,19,0,Alive
O_lurida,15,Tide,24,15,20,0,Alive
O_lurida,21,Tide,24,15,1,0,Alive
O_lurida,21,Tide,24,15,2,0,Alive
O_lurida,21,Tide,24,15,3,0,Alive
O_lurida,21,Tide,24,15,4,0,Alive
O_lurida,21,Tide,24,15,5,0,Alive
O_lurida,21,Tide,24,15,6,0,Alive
O_lurida,21,Tide,24,15,7,0,Alive
O_lurida,21,Tide,24,15,8,0,Alive
O_lurida,21,Tide,24,15,9,0,Alive
O_lurida,21,Tide,24,15,10,0,Alive
O_lurida,21,Tide,24,15,11,0,Alive
O_lurida,21,Tide,24,15,12,0,Alive
O_lurida,21,Tide,24,15,13,0,Alive
O_lurida,21,Tide,24,15,14,0,Alive
O_lurida,21,Tide,24,15,15,0,Alive
O_lurida,21,Tide,24,15,16,0,Alive
O_lurida,21,Tide,24,15,17,0,Alive
O_lurida,21,Tide,24,15,18,0,Alive
O_lurida,21,Tide,24,15,19,0,Alive
O_lurida,21,Tide,24,15,20,0,Alive
O_lurida,21,No Tide,24,15,1,0,Alive
O_lurida,21,No Tide,24,15,2,0,Alive
O_lurida,21,No Tide,24,15,3,0,Alive
O_lurida,21,No Tide,24,15,4,0,Alive
O_lurida,21,No Tide,24,15,5,0,Alive
O_lurida,21,No Tide,24,15,6,0,Alive
O_lurida,21,No Tide,24,15,7,0,Alive
O_lurida,21,No Tide,24,15,8,0,Alive
O_lurida,21,No Tide,24,15,9,0,Alive
O_lurida,21,No Tide,24,15,10,0,Alive
O_lurida,21,No Tide,24,15,11,0,Alive
O_lurida,21,No Tide,24,15,12,0,Alive
O_lurida,21,No Tide,24,15,13,0,Alive
O_lurida,21,No Tide,24,15,14,0,Alive
O_lurida,21,No Tide,24,15,15,0,Alive
O_lurida,21,No Tide,24,15,16,0,Alive
O_lurida,21,No Tide,24,15,17,0,Alive
O_lurida,21,No Tide,24,15,18,0,Alive
O_lurida,21,No Tide,24,15,19,0,Alive
O_lurida,21,No Tide,24,15,20,0,Alive
O_lurida,15,No Tide,21,16,1,0,Alive
O_lurida,15,No Tide,21,16,2,0,Alive
O_lurida,15,No Tide,21,16,3,0,Alive
O_lurida,15,No Tide,21,16,4,0,Alive
O_lurida,15,No Tide,21,16,5,0,Alive
O_lurida,15,No Tide,21,16,6,0,Alive
O_lurida,15,No Tide,21,16,7,0,Alive
O_lurida,15,No Tide,21,16,8,0,Alive
O_lurida,15,No Tide,21,16,9,0,Alive
O_lurida,15,No Tide,21,16,10,0,Alive
O_lurida,15,No Tide,21,16,11,0,Alive
O_lurida,15,No Tide,21,16,12,0,Alive
O_lurida,15,No Tide,21,16,13,0,Alive
O_lurida,15,No Tide,21,16,14,0,Alive
O_lurida,15,No Tide,21,16,15,0,Alive
O_lurida,15,No Tide,21,16,16,0,Alive
O_lurida,15,No Tide,21,16,17,0,Alive
O_lurida,15,No Tide,21,16,18,0,Alive
O_lurida,15,No Tide,21,16,19,0,Alive
O_lurida,15,No Tide,21,16,20,0,Alive
O_lurida,15,Tide,21,16,1,1,Dead
O_lurida,15,Tide,21,16,2,0,Alive
O_lurida,15,Tide,21,16,3,0,Alive
O_lurida,15,Tide,21,16,4,0,Alive
O_lurida,15,Tide,21,16,5,0,Alive
O_lurida,15,Tide,21,16,6,0,Alive
O_lurida,15,Tide,21,16,7,0,Alive
O_lurida,15,Tide,21,16,8,0,Alive
O_lurida,15,Tide,21,16,9,0,Alive
O_lurida,15,Tide,21,16,10,0,Alive
O_lurida,15,Tide,21,16,11,0,Alive
O_lurida,15,Tide,21,16,12,0,Alive
O_lurida,15,Tide,21,16,13,0,Alive
O_lurida,15,Tide,21,16,14,0,Alive
O_lurida,15,Tide,21,16,15,0,Alive
O_lurida,15,Tide,21,16,16,0,Alive
O_lurida,15,Tide,21,16,17,0,Alive
O_lurida,15,Tide,21,16,18,0,Alive
O_lurida,15,Tide,21,16,19,0,Alive
O_lurida,15,Tide,21,16,20,0,Alive
O_lurida,21,Tide,21,16,1,0,Alive
O_lurida,21,Tide,21,16,2,0,Alive
O_lurida,21,Tide,21,16,3,0,Alive
O_lurida,21,Tide,21,16,4,0,Alive
O_lurida,21,Tide,21,16,5,0,Alive
O_lurida,21,Tide,21,16,6,0,Alive
O_lurida,21,Tide,21,16,7,0,Alive
O_lurida,21,Tide,21,16,8,0,Alive
O_lurida,21,Tide,21,16,9,0,Alive
O_lurida,21,Tide,21,16,10,0,Alive
O_lurida,21,Tide,21,16,11,0,Alive
O_lurida,21,Tide,21,16,12,0,Alive
O_lurida,21,Tide,21,16,13,0,Alive
O_lurida,21,Tide,21,16,14,0,Alive
O_lurida,21,Tide,21,16,15,0,Alive
O_lurida,21,Tide,21,16,16,0,Alive
O_lurida,21,Tide,21,16,17,0,Alive
O_lurida,21,Tide,21,16,18,0,Alive
O_lurida,21,Tide,21,16,19,0,Alive
O_lurida,21,Tide,21,16,20,0,Alive
O_lurida,21,No Tide,21,16,1,0,Alive
O_lurida,21,No Tide,21,16,2,0,Alive
O_lurida,21,No Tide,21,16,3,0,Alive
O_lurida,21,No Tide,21,16,4,0,Alive
O_lurida,21,No Tide,21,16,5,0,Alive
O_lurida,21,No Tide,21,16,6,0,Alive
O_lurida,21,No Tide,21,16,7,0,Alive
O_lurida,21,No Tide,21,16,8,0,Alive
O_lurida,21,No Tide,21,16,9,0,Alive
O_lurida,21,No Tide,21,16,10,0,Alive
O_lurida,21,No Tide,21,16,11,0,Alive
O_lurida,21,No Tide,21,16,12,0,Alive
O_lurida,21,No Tide,21,16,13,0,Alive
O_lurida,21,No Tide,21,16,14,0,Alive
O_lurida,21,No Tide,21,16,15,0,Alive
O_lurida,21,No Tide,21,16,16,0,Alive
O_lurida,21,No Tide,21,16,17,0,Alive
O_lurida,21,No Tide,21,16,18,0,Alive
O_lurida,21,No Tide,21,16,19,0,Alive
O_lurida,21,No Tide,21,16,20,0,Alive
O_lurida,15,No Tide,21,17,1,0,Alive
O_lurida,15,No Tide,21,17,2,0,Alive
O_lurida,15,No Tide,21,17,3,0,Alive
O_lurida,15,No Tide,21,17,4,0,Alive
O_lurida,15,No Tide,21,17,5,0,Alive
O_lurida,15,No Tide,21,17,6,0,Alive
O_lurida,15,No Tide,21,17,7,0,Alive
O_lurida,15,No Tide,21,17,8,0,Alive
O_lurida,15,No Tide,21,17,9,0,Alive
O_lurida,15,No Tide,21,17,10,0,Alive
O_lurida,15,No Tide,21,17,11,0,Alive
O_lurida,15,No Tide,21,17,12,0,Alive
O_lurida,15,No Tide,21,17,13,0,Alive
O_lurida,15,No Tide,21,17,14,0,Alive
O_lurida,15,No Tide,21,17,15,0,Alive
O_lurida,15,No Tide,21,17,16,0,Alive
O_lurida,15,No Tide,21,17,17,0,Alive
O_lurida,15,No Tide,21,17,18,0,Alive
O_lurida,15,No Tide,21,17,19,0,Alive
O_lurida,15,No Tide,21,17,20,0,Alive
O_lurida,15,Tide,21,17,1,1,Dead
O_lurida,15,Tide,21,17,2,0,Alive
O_lurida,15,Tide,21,17,3,0,Alive
O_lurida,15,Tide,21,17,4,0,Alive
O_lurida,15,Tide,21,17,5,0,Alive
O_lurida,15,Tide,21,17,6,0,Alive
O_lurida,15,Tide,21,17,7,0,Alive
O_lurida,15,Tide,21,17,8,0,Alive
O_lurida,15,Tide,21,17,9,0,Alive
O_lurida,15,Tide,21,17,10,0,Alive
O_lurida,15,Tide,21,17,11,0,Alive
O_lurida,15,Tide,21,17,12,0,Alive
O_lurida,15,Tide,21,17,13,0,Alive
O_lurida,15,Tide,21,17,14,0,Alive
O_lurida,15,Tide,21,17,15,0,Alive
O_lurida,15,Tide,21,17,16,0,Alive
O_lurida,15,Tide,21,17,17,0,Alive
O_lurida,15,Tide,21,17,18,0,Alive
O_lurida,15,Tide,21,17,19,0,Alive
O_lurida,15,Tide,21,17,20,0,Alive
O_lurida,21,Tide,21,17,1,0,Alive
O_lurida,21,Tide,21,17,2,0,Alive
O_lurida,21,Tide,21,17,3,0,Alive
O_lurida,21,Tide,21,17,4,0,Alive
O_lurida,21,Tide,21,17,5,0,Alive
O_lurida,21,Tide,21,17,6,0,Alive
O_lurida,21,Tide,21,17,7,0,Alive
O_lurida,21,Tide,21,17,8,0,Alive
O_lurida,21,Tide,21,17,9,0,Alive
O_lurida,21,Tide,21,17,10,0,Alive
O_lurida,21,Tide,21,17,11,0,Alive
O_lurida,21,Tide,21,17,12,0,Alive
O_lurida,21,Tide,21,17,13,0,Alive
O_lurida,21,Tide,21,17,14,0,Alive
O_lurida,21,Tide,21,17,15,0,Alive
O_lurida,21,Tide,21,17,16,0,Alive
O_lurida,21,Tide,21,17,17,0,Alive
O_lurida,21,Tide,21,17,18,0,Alive
O_lurida,21,Tide,21,17,19,0,Alive
O_lurida,21,Tide,21,17,20,0,Alive
O_lurida,21,No Tide,21,17,1,0,Alive
O_lurida,21,No Tide,21,17,2,0,Alive
O_lurida,21,No Tide,21,17,3,0,Alive
O_lurida,21,No Tide,21,17,4,0,Alive
O_lurida,21,No Tide,21,17,5,0,Alive
O_lurida,21,No Tide,21,17,6,0,Alive
O_lurida,21,No Tide,21,17,7,0,Alive
O_lurida,21,No Tide,21,17,8,0,Alive
O_lurida,21,No Tide,21,17,9,0,Alive
O_lurida,21,No Tide,21,17,10,0,Alive
O_lurida,21,No Tide,21,17,11,0,Alive
O_lurida,21,No Tide,21,17,12,0,Alive
O_lurida,21,No Tide,21,17,13,0,Alive
O_lurida,21,No Tide,21,17,14,0,Alive
O_lurida,21,No Tide,21,17,15,0,Alive
O_lurida,21,No Tide,21,17,16,0,Alive
O_lurida,21,No Tide,21,17,17,0,Alive
O_lurida,21,No Tide,21,17,18,0,Alive
O_lurida,21,No Tide,21,17,19,0,Alive
O_lurida,21,No Tide,21,17,20,0,Alive
O_lurida,15,No Tide,21,18,1,0,Alive
O_lurida,15,No Tide,21,18,2,0,Alive
O_lurida,15,No Tide,21,18,3,0,Alive
O_lurida,15,No Tide,21,18,4,0,Alive
O_lurida,15,No Tide,21,18,5,0,Alive
O_lurida,15,No Tide,21,18,6,0,Alive
O_lurida,15,No Tide,21,18,7,0,Alive
O_lurida,15,No Tide,21,18,8,0,Alive
O_lurida,15,No Tide,21,18,9,0,Alive
O_lurida,15,No Tide,21,18,10,0,Alive
O_lurida,15,No Tide,21,18,11,0,Alive
O_lurida,15,No Tide,21,18,12,0,Alive
O_lurida,15,No Tide,21,18,13,0,Alive
O_lurida,15,No Tide,21,18,14,0,Alive
O_lurida,15,No Tide,21,18,15,0,Alive
O_lurida,15,No Tide,21,18,16,0,Alive
O_lurida,15,No Tide,21,18,17,0,Alive
O_lurida,15,No Tide,21,18,18,0,Alive
O_lurida,15,No Tide,21,18,19,0,Alive
O_lurida,15,No Tide,21,18,20,0,Alive
O_lurida,15,Tide,21,18,1,1,Dead
O_lurida,15,Tide,21,18,2,0,Alive
O_lurida,15,Tide,21,18,3,0,Alive
O_lurida,15,Tide,21,18,4,0,Alive
O_lurida,15,Tide,21,18,5,0,Alive
O_lurida,15,Tide,21,18,6,0,Alive
O_lurida,15,Tide,21,18,7,0,Alive
O_lurida,15,Tide,21,18,8,0,Alive
O_lurida,15,Tide,21,18,9,0,Alive
O_lurida,15,Tide,21,18,10,0,Alive
O_lurida,15,Tide,21,18,11,0,Alive
O_lurida,15,Tide,21,18,12,0,Alive
O_lurida,15,Tide,21,18,13,0,Alive
O_lurida,15,Tide,21,18,14,0,Alive
O_lurida,15,Tide,21,18,15,0,Alive
O_lurida,15,Tide,21,18,16,0,Alive
O_lurida,15,Tide,21,18,17,0,Alive
O_lurida,15,Tide,21,18,18,0,Alive
O_lurida,15,Tide,21,18,19,0,Alive
O_lurida,15,Tide,21,18,20,0,Alive
O_lurida,21,Tide,21,18,1,0,Alive
O_lurida,21,Tide,21,18,2,0,Alive
O_lurida,21,Tide,21,18,3,0,Alive
O_lurida,21,Tide,21,18,4,0,Alive
O_lurida,21,Tide,21,18,5,0,Alive
O_lurida,21,Tide,21,18,6,0,Alive
O_lurida,21,Tide,21,18,7,0,Alive
O_lurida,21,Tide,21,18,8,0,Alive
O_lurida,21,Tide,21,18,9,0,Alive
O_lurida,21,Tide,21,18,10,0,Alive
O_lurida,21,Tide,21,18,11,0,Alive
O_lurida,21,Tide,21,18,12,0,Alive
O_lurida,21,Tide,21,18,13,0,Alive
O_lurida,21,Tide,21,18,14,0,Alive
O_lurida,21,Tide,21,18,15,0,Alive
O_lurida,21,Tide,21,18,16,0,Alive
O_lurida,21,Tide,21,18,17,0,Alive
O_lurida,21,Tide,21,18,18,0,Alive
O_lurida,21,Tide,21,18,19,0,Alive
O_lurida,21,Tide,21,18,20,0,Alive
O_lurida,21,No Tide,21,18,1,1,Dead
O_lurida,21,No Tide,21,18,2,0,Alive
O_lurida,21,No Tide,21,18,3,0,Alive
O_lurida,21,No Tide,21,18,4,0,Alive
O_lurida,21,No Tide,21,18,5,0,Alive
O_lurida,21,No Tide,21,18,6,0,Alive
O_lurida,21,No Tide,21,18,7,0,Alive
O_lurida,21,No Tide,21,18,8,0,Alive
O_lurida,21,No Tide,21,18,9,0,Alive
O_lurida,21,No Tide,21,18,10,0,Alive
O_lurida,21,No Tide,21,18,11,0,Alive
O_lurida,21,No Tide,21,18,12,0,Alive
O_lurida,21,No Tide,21,18,13,0,Alive
O_lurida,21,No Tide,21,18,14,0,Alive
O_lurida,21,No Tide,21,18,15,0,Alive
O_lurida,21,No Tide,21,18,16,0,Alive
O_lurida,21,No Tide,21,18,17,0,Alive
O_lurida,21,No Tide,21,18,18,0,Alive
O_lurida,21,No Tide,21,18,19,0,Alive
O_lurida,21,No Tide,21,18,20,0,Alive
O_lurida,15,No Tide,21,19,1,0,Alive
O_lurida,15,No Tide,21,19,2,0,Alive
O_lurida,15,No Tide,21,19,3,0,Alive
O_lurida,15,No Tide,21,19,4,0,Alive
O_lurida,15,No Tide,21,19,5,0,Alive
O_lurida,15,No Tide,21,19,6,0,Alive
O_lurida,15,No Tide,21,19,7,0,Alive
O_lurida,15,No Tide,21,19,8,0,Alive
O_lurida,15,No Tide,21,19,9,0,Alive
O_lurida,15,No Tide,21,19,10,0,Alive
O_lurida,15,No Tide,21,19,11,0,Alive
O_lurida,15,No Tide,21,19,12,0,Alive
O_lurida,15,No Tide,21,19,13,0,Alive
O_lurida,15,No Tide,21,19,14,0,Alive
O_lurida,15,No Tide,21,19,15,0,Alive
O_lurida,15,No Tide,21,19,16,0,Alive
O_lurida,15,No Tide,21,19,17,0,Alive
O_lurida,15,No Tide,21,19,18,0,Alive
O_lurida,15,No Tide,21,19,19,0,Alive
O_lurida,15,No Tide,21,19,20,0,Alive
O_lurida,15,Tide,21,19,1,0,Alive
O_lurida,15,Tide,21,19,2,0,Alive
O_lurida,15,Tide,21,19,3,0,Alive
O_lurida,15,Tide,21,19,4,0,Alive
O_lurida,15,Tide,21,19,5,0,Alive
O_lurida,15,Tide,21,19,6,0,Alive
O_lurida,15,Tide,21,19,7,0,Alive
O_lurida,15,Tide,21,19,8,0,Alive
O_lurida,15,Tide,21,19,9,0,Alive
O_lurida,15,Tide,21,19,10,0,Alive
O_lurida,15,Tide,21,19,11,0,Alive
O_lurida,15,Tide,21,19,12,0,Alive
O_lurida,15,Tide,21,19,13,0,Alive
O_lurida,15,Tide,21,19,14,0,Alive
O_lurida,15,Tide,21,19,15,0,Alive
O_lurida,15,Tide,21,19,16,0,Alive
O_lurida,15,Tide,21,19,17,0,Alive
O_lurida,15,Tide,21,19,18,0,Alive
O_lurida,15,Tide,21,19,19,0,Alive
O_lurida,15,Tide,21,19,20,0,Alive
O_lurida,21,Tide,21,19,1,0,Alive
O_lurida,21,Tide,21,19,2,0,Alive
O_lurida,21,Tide,21,19,3,0,Alive
O_lurida,21,Tide,21,19,4,0,Alive
O_lurida,21,Tide,21,19,5,0,Alive
O_lurida,21,Tide,21,19,6,0,Alive
O_lurida,21,Tide,21,19,7,0,Alive
O_lurida,21,Tide,21,19,8,0,Alive
O_lurida,21,Tide,21,19,9,0,Alive
O_lurida,21,Tide,21,19,10,0,Alive
O_lurida,21,Tide,21,19,11,0,Alive
O_lurida,21,Tide,21,19,12,0,Alive
O_lurida,21,Tide,21,19,13,0,Alive
O_lurida,21,Tide,21,19,14,0,Alive
O_lurida,21,Tide,21,19,15,0,Alive
O_lurida,21,Tide,21,19,16,0,Alive
O_lurida,21,Tide,21,19,17,0,Alive
O_lurida,21,Tide,21,19,18,0,Alive
O_lurida,21,Tide,21,19,19,0,Alive
O_lurida,21,Tide,21,19,20,0,Alive
O_lurida,21,No Tide,21,19,1,0,Alive
O_lurida,21,No Tide,21,19,2,0,Alive
O_lurida,21,No Tide,21,19,3,0,Alive
O_lurida,21,No Tide,21,19,4,0,Alive
O_lurida,21,No Tide,21,19,5,0,Alive
O_lurida,21,No Tide,21,19,6,0,Alive
O_lurida,21,No Tide,21,19,7,0,Alive
O_lurida,21,No Tide,21,19,8,0,Alive
O_lurida,21,No Tide,21,19,9,0,Alive
O_lurida,21,No Tide,21,19,10,0,Alive
O_lurida,21,No Tide,21,19,11,0,Alive
O_lurida,21,No Tide,21,19,12,0,Alive
O_lurida,21,No Tide,21,19,13,0,Alive
O_lurida,21,No Tide,21,19,14,0,Alive
O_lurida,21,No Tide,21,19,15,0,Alive
O_lurida,21,No Tide,21,19,16,0,Alive
O_lurida,21,No Tide,21,19,17,0,Alive
O_lurida,21,No Tide,21,19,18,0,Alive
O_lurida,21,No Tide,21,19,19,0,Alive
O_lurida,21,No Tide,21,19,20,0,Alive
O_lurida,15,No Tide,21,20,1,1,Dead
O_lurida,15,No Tide,21,20,2,0,Alive
O_lurida,15,No Tide,21,20,3,0,Alive
O_lurida,15,No Tide,21,20,4,0,Alive
O_lurida,15,No Tide,21,20,5,0,Alive
O_lurida,15,No Tide,21,20,6,0,Alive
O_lurida,15,No Tide,21,20,7,0,Alive
O_lurida,15,No Tide,21,20,8,0,Alive
O_lurida,15,No Tide,21,20,9,0,Alive
O_lurida,15,No Tide,21,20,10,0,Alive
O_lurida,15,No Tide,21,20,11,0,Alive
O_lurida,15,No Tide,21,20,12,0,Alive
O_lurida,15,No Tide,21,20,13,0,Alive
O_lurida,15,No Tide,21,20,14,0,Alive
O_lurida,15,No Tide,21,20,15,0,Alive
O_lurida,15,No Tide,21,20,16,0,Alive
O_lurida,15,No Tide,21,20,17,0,Alive
O_lurida,15,No Tide,21,20,18,0,Alive
O_lurida,15,No Tide,21,20,19,0,Alive
O_lurida,15,No Tide,21,20,20,0,Alive
O_lurida,15,Tide,21,20,1,0,Alive
O_lurida,15,Tide,21,20,2,0,Alive
O_lurida,15,Tide,21,20,3,0,Alive
O_lurida,15,Tide,21,20,4,0,Alive
O_lurida,15,Tide,21,20,5,0,Alive
O_lurida,15,Tide,21,20,6,0,Alive
O_lurida,15,Tide,21,20,7,0,Alive
O_lurida,15,Tide,21,20,8,0,Alive
O_lurida,15,Tide,21,20,9,0,Alive
O_lurida,15,Tide,21,20,10,0,Alive
O_lurida,15,Tide,21,20,11,0,Alive
O_lurida,15,Tide,21,20,12,0,Alive
O_lurida,15,Tide,21,20,13,0,Alive
O_lurida,15,Tide,21,20,14,0,Alive
O_lurida,15,Tide,21,20,15,0,Alive
O_lurida,15,Tide,21,20,16,0,Alive
O_lurida,15,Tide,21,20,17,0,Alive
O_lurida,15,Tide,21,20,18,0,Alive
O_lurida,15,Tide,21,20,19,0,Alive
O_lurida,15,Tide,21,20,20,0,Alive
O_lurida,21,Tide,21,20,1,0,Alive
O_lurida,21,Tide,21,20,2,0,Alive
O_lurida,21,Tide,21,20,3,0,Alive
O_lurida,21,Tide,21,20,4,0,Alive
O_lurida,21,Tide,21,20,5,0,Alive
O_lurida,21,Tide,21,20,6,0,Alive
O_lurida,21,Tide,21,20,7,0,Alive
O_lurida,21,Tide,21,20,8,0,Alive
O_lurida,21,Tide,21,20,9,0,Alive
O_lurida,21,Tide,21,20,10,0,Alive
O_lurida,21,Tide,21,20,11,0,Alive
O_lurida,21,Tide,21,20,12,0,Alive
O_lurida,21,Tide,21,20,13,0,Alive
O_lurida,21,Tide,21,20,14,0,Alive
O_lurida,21,Tide,21,20,15,0,Alive
O_lurida,21,Tide,21,20,16,0,Alive
O_lurida,21,Tide,21,20,17,0,Alive
O_lurida,21,Tide,21,20,18,0,Alive
O_lurida,21,Tide,21,20,19,0,Alive
O_lurida,21,Tide,21,20,20,0,Alive
O_lurida,21,No Tide,21,20,1,0,Alive
O_lurida,21,No Tide,21,20,2,0,Alive
O_lurida,21,No Tide,21,20,3,0,Alive
O_lurida,21,No Tide,21,20,4,0,Alive
O_lurida,21,No Tide,21,20,5,0,Alive
O_lurida,21,No Tide,21,20,6,0,Alive
O_lurida,21,No Tide,21,20,7,0,Alive
O_lurida,21,No Tide,21,20,8,0,Alive
O_lurida,21,No Tide,21,20,9,0,Alive
O_lurida,21,No Tide,21,20,10,0,Alive
O_lurida,21,No Tide,21,20,11,0,Alive
O_lurida,21,No Tide,21,20,12,0,Alive
O_lurida,21,No Tide,21,20,13,0,Alive
O_lurida,21,No Tide,21,20,14,0,Alive
O_lurida,21,No Tide,21,20,15,0,Alive
O_lurida,21,No Tide,21,20,16,0,Alive
O_lurida,21,No Tide,21,20,17,0,Alive
O_lurida,21,No Tide,21,20,18,0,Alive
O_lurida,21,No Tide,21,20,19,0,Alive
O_lurida,21,No Tide,21,20,20,0,Alive
