Species,SH_Temp,SH_Tide,Tank,Oyster_Numb,Mortality,D_A,MHW_Set,Experiment_Day,Date
O_lurida,15,No Tide,1,1,1,Dead,15_21,6,3/1/2022
O_lurida,15,No Tide,1,2,0,Alive,15_21,NA,NA
O_lurida,15,No Tide,1,3,0,Alive,15_21,NA,NA
O_lurida,15,No Tide,1,4,0,Alive,15_21,NA,NA
O_lurida,15,No Tide,1,5,0,Alive,15_21,NA,NA
O_lurida,15,No Tide,1,6,0,Alive,15_21,NA,NA
O_lurida,15,No Tide,1,7,0,Alive,15_21,NA,NA
O_lurida,15,No Tide,1,8,0,Alive,15_21,NA,NA
O_lurida,15,No Tide,1,9,0,Alive,15_21,NA,NA
O_lurida,15,No Tide,1,10,0,Alive,15_21,NA,NA
O_lurida,15,No Tide,1,11,0,Alive,15_21,NA,NA
O_lurida,15,No Tide,1,12,0,Alive,15_21,NA,NA
O_lurida,15,No Tide,1,13,0,Alive,15_21,NA,NA
O_lurida,15,No Tide,1,14,0,Alive,15_21,NA,NA
O_lurida,15,No Tide,1,15,0,Alive,15_21,NA,NA
O_lurida,15,No Tide,1,16,0,Alive,15_21,NA,NA
O_lurida,15,No Tide,1,17,0,Alive,15_21,NA,NA
O_lurida,15,No Tide,1,18,0,Alive,15_21,NA,NA
O_lurida,15,No Tide,1,19,0,Alive,15_21,NA,NA
O_lurida,15,No Tide,1,20,0,Alive,15_21,NA,NA
O_lurida,15,No Tide,1,21,0,Alive,15_21,NA,NA
O_lurida,15,No Tide,1,22,0,Alive,15_21,NA,NA
O_lurida,15,No Tide,1,23,0,Alive,15_21,NA,NA
O_lurida,15,No Tide,1,24,0,Alive,15_21,NA,NA
O_lurida,15,No Tide,1,25,0,Alive,15_21,NA,NA
O_lurida,15,No Tide,1,26,0,Alive,15_21,NA,NA
O_lurida,15,No Tide,1,27,0,Alive,15_21,NA,NA
O_lurida,15,No Tide,1,28,0,Alive,15_21,NA,NA
O_lurida,15,No Tide,1,29,0,Alive,15_21,NA,NA
O_lurida,15,No Tide,1,30,0,Alive,15_21,NA,NA
O_lurida,15,No Tide,1,31,0,Alive,15_21,NA,NA
O_lurida,15,No Tide,1,32,0,Alive,15_21,NA,NA
O_lurida,15,No Tide,1,33,0,Alive,15_21,NA,NA
O_lurida,15,No Tide,1,34,0,Alive,15_21,NA,NA
O_lurida,15,No Tide,1,35,0,Alive,15_21,NA,NA
O_lurida,15,No Tide,1,36,0,Alive,15_21,NA,NA
O_lurida,15,No Tide,1,37,0,Alive,15_21,NA,NA
O_lurida,15,No Tide,1,38,0,Alive,15_21,NA,NA
O_lurida,15,No Tide,1,39,0,Alive,15_21,NA,NA
O_lurida,15,No Tide,1,40,0,Alive,15_21,NA,NA
O_lurida,15,No Tide,1,41,0,Alive,18_24,NA,NA
O_lurida,15,No Tide,1,42,0,Alive,18_24,NA,NA
O_lurida,15,No Tide,1,43,0,Alive,18_24,NA,NA
O_lurida,15,No Tide,1,44,0,Alive,18_24,NA,NA
O_lurida,15,No Tide,1,45,0,Alive,18_24,NA,NA
O_lurida,15,No Tide,1,46,0,Alive,18_24,NA,NA
O_lurida,15,No Tide,1,47,0,Alive,18_24,NA,NA
O_lurida,15,No Tide,1,48,0,Alive,18_24,NA,NA
O_lurida,15,No Tide,1,49,0,Alive,18_24,NA,NA
O_lurida,15,No Tide,1,50,0,Alive,18_24,NA,NA
O_lurida,15,No Tide,1,51,0,Alive,18_24,NA,NA
O_lurida,15,No Tide,1,52,0,Alive,18_24,NA,NA
O_lurida,15,No Tide,1,53,0,Alive,18_24,NA,NA
O_lurida,15,No Tide,1,54,0,Alive,18_24,NA,NA
O_lurida,15,No Tide,1,55,0,Alive,18_24,NA,NA
O_lurida,15,No Tide,1,56,0,Alive,18_24,NA,NA
O_lurida,15,No Tide,1,57,0,Alive,18_24,NA,NA
O_lurida,15,No Tide,1,58,0,Alive,18_24,NA,NA
O_lurida,15,No Tide,1,59,0,Alive,18_24,NA,NA
O_lurida,15,No Tide,1,60,0,Alive,18_24,NA,NA
O_lurida,15,No Tide,1,61,0,Alive,18_24,NA,NA
O_lurida,15,No Tide,1,62,0,Alive,18_24,NA,NA
O_lurida,15,No Tide,1,63,0,Alive,18_24,NA,NA
O_lurida,15,No Tide,1,64,0,Alive,18_24,NA,NA
O_lurida,15,No Tide,1,65,0,Alive,18_24,NA,NA
O_lurida,15,No Tide,1,66,0,Alive,18_24,NA,NA
O_lurida,15,No Tide,1,67,0,Alive,18_24,NA,NA
O_lurida,15,No Tide,1,68,0,Alive,18_24,NA,NA
O_lurida,15,No Tide,1,69,0,Alive,18_24,NA,NA
O_lurida,15,No Tide,1,70,0,Alive,18_24,NA,NA
O_lurida,15,No Tide,1,71,0,Alive,18_24,NA,NA
O_lurida,15,No Tide,1,72,0,Alive,18_24,NA,NA
O_lurida,15,No Tide,1,73,0,Alive,18_24,NA,NA
O_lurida,15,No Tide,1,74,0,Alive,18_24,NA,NA
O_lurida,15,No Tide,1,75,0,Alive,18_24,NA,NA
O_lurida,15,No Tide,1,76,0,Alive,18_24,NA,NA
O_lurida,15,No Tide,1,77,0,Alive,18_24,NA,NA
O_lurida,15,No Tide,1,78,0,Alive,18_24,NA,NA
O_lurida,15,No Tide,1,79,0,Alive,18_24,NA,NA
O_lurida,15,No Tide,1,80,0,Alive,18_24,NA,NA
O_lurida,15,No Tide,2,1,0,Alive,15_21,NA,NA
O_lurida,15,No Tide,2,2,0,Alive,15_21,NA,NA
O_lurida,15,No Tide,2,3,0,Alive,15_21,NA,NA
O_lurida,15,No Tide,2,4,0,Alive,15_21,NA,NA
O_lurida,15,No Tide,2,5,0,Alive,15_21,NA,NA
O_lurida,15,No Tide,2,6,0,Alive,15_21,NA,NA
O_lurida,15,No Tide,2,7,0,Alive,15_21,NA,NA
O_lurida,15,No Tide,2,8,0,Alive,15_21,NA,NA
O_lurida,15,No Tide,2,9,0,Alive,15_21,NA,NA
O_lurida,15,No Tide,2,10,0,Alive,15_21,NA,NA
O_lurida,15,No Tide,2,11,0,Alive,15_21,NA,NA
O_lurida,15,No Tide,2,12,0,Alive,15_21,NA,NA
O_lurida,15,No Tide,2,13,0,Alive,15_21,NA,NA
O_lurida,15,No Tide,2,14,0,Alive,15_21,NA,NA
O_lurida,15,No Tide,2,15,0,Alive,15_21,NA,NA
O_lurida,15,No Tide,2,16,0,Alive,15_21,NA,NA
O_lurida,15,No Tide,2,17,0,Alive,15_21,NA,NA
O_lurida,15,No Tide,2,18,0,Alive,15_21,NA,NA
O_lurida,15,No Tide,2,19,0,Alive,15_21,NA,NA
O_lurida,15,No Tide,2,20,0,Alive,15_21,NA,NA
O_lurida,15,No Tide,2,21,0,Alive,15_21,NA,NA
O_lurida,15,No Tide,2,22,0,Alive,15_21,NA,NA
O_lurida,15,No Tide,2,23,0,Alive,15_21,NA,NA
O_lurida,15,No Tide,2,24,0,Alive,15_21,NA,NA
O_lurida,15,No Tide,2,25,0,Alive,15_21,NA,NA
O_lurida,15,No Tide,2,26,0,Alive,15_21,NA,NA
O_lurida,15,No Tide,2,27,0,Alive,15_21,NA,NA
O_lurida,15,No Tide,2,28,0,Alive,15_21,NA,NA
O_lurida,15,No Tide,2,29,0,Alive,15_21,NA,NA
O_lurida,15,No Tide,2,30,0,Alive,15_21,NA,NA
O_lurida,15,No Tide,2,31,0,Alive,15_21,NA,NA
O_lurida,15,No Tide,2,32,0,Alive,15_21,NA,NA
O_lurida,15,No Tide,2,33,0,Alive,15_21,NA,NA
O_lurida,15,No Tide,2,34,0,Alive,15_21,NA,NA
O_lurida,15,No Tide,2,35,0,Alive,15_21,NA,NA
O_lurida,15,No Tide,2,36,0,Alive,15_21,NA,NA
O_lurida,15,No Tide,2,37,0,Alive,15_21,NA,NA
O_lurida,15,No Tide,2,38,0,Alive,15_21,NA,NA
O_lurida,15,No Tide,2,39,0,Alive,15_21,NA,NA
O_lurida,15,No Tide,2,40,0,Alive,15_21,NA,NA
O_lurida,15,No Tide,2,41,0,Alive,18_24,NA,NA
O_lurida,15,No Tide,2,42,0,Alive,18_24,NA,NA
O_lurida,15,No Tide,2,43,0,Alive,18_24,NA,NA
O_lurida,15,No Tide,2,44,0,Alive,18_24,NA,NA
O_lurida,15,No Tide,2,45,0,Alive,18_24,NA,NA
O_lurida,15,No Tide,2,46,0,Alive,18_24,NA,NA
O_lurida,15,No Tide,2,47,0,Alive,18_24,NA,NA
O_lurida,15,No Tide,2,48,0,Alive,18_24,NA,NA
O_lurida,15,No Tide,2,49,0,Alive,18_24,NA,NA
O_lurida,15,No Tide,2,50,0,Alive,18_24,NA,NA
O_lurida,15,No Tide,2,51,0,Alive,18_24,NA,NA
O_lurida,15,No Tide,2,52,0,Alive,18_24,NA,NA
O_lurida,15,No Tide,2,53,0,Alive,18_24,NA,NA
O_lurida,15,No Tide,2,54,0,Alive,18_24,NA,NA
O_lurida,15,No Tide,2,55,0,Alive,18_24,NA,NA
O_lurida,15,No Tide,2,56,0,Alive,18_24,NA,NA
O_lurida,15,No Tide,2,57,0,Alive,18_24,NA,NA
O_lurida,15,No Tide,2,58,0,Alive,18_24,NA,NA
O_lurida,15,No Tide,2,59,0,Alive,18_24,NA,NA
O_lurida,15,No Tide,2,60,0,Alive,18_24,NA,NA
O_lurida,15,No Tide,2,61,0,Alive,18_24,NA,NA
O_lurida,15,No Tide,2,62,0,Alive,18_24,NA,NA
O_lurida,15,No Tide,2,63,0,Alive,18_24,NA,NA
O_lurida,15,No Tide,2,64,0,Alive,18_24,NA,NA
O_lurida,15,No Tide,2,65,0,Alive,18_24,NA,NA
O_lurida,15,No Tide,2,66,0,Alive,18_24,NA,NA
O_lurida,15,No Tide,2,67,0,Alive,18_24,NA,NA
O_lurida,15,No Tide,2,68,0,Alive,18_24,NA,NA
O_lurida,15,No Tide,2,69,0,Alive,18_24,NA,NA
O_lurida,15,No Tide,2,70,0,Alive,18_24,NA,NA
O_lurida,15,No Tide,2,71,0,Alive,18_24,NA,NA
O_lurida,15,No Tide,2,72,0,Alive,18_24,NA,NA
O_lurida,15,No Tide,2,73,0,Alive,18_24,NA,NA
O_lurida,15,No Tide,2,74,0,Alive,18_24,NA,NA
O_lurida,15,No Tide,2,75,0,Alive,18_24,NA,NA
O_lurida,15,No Tide,2,76,0,Alive,18_24,NA,NA
O_lurida,15,No Tide,2,77,0,Alive,18_24,NA,NA
O_lurida,15,No Tide,2,78,0,Alive,18_24,NA,NA
O_lurida,15,No Tide,2,79,0,Alive,18_24,NA,NA
O_lurida,15,No Tide,2,80,0,Alive,18_24,NA,NA
O_lurida,15,No Tide,3,1,1,Dead,15_21,NA,NA
O_lurida,15,No Tide,3,2,0,Alive,15_21,6,3/1/2022
O_lurida,15,No Tide,3,3,0,Alive,15_21,NA,NA
O_lurida,15,No Tide,3,4,0,Alive,15_21,NA,NA
O_lurida,15,No Tide,3,5,0,Alive,15_21,NA,NA
O_lurida,15,No Tide,3,6,0,Alive,15_21,NA,NA
O_lurida,15,No Tide,3,7,0,Alive,15_21,NA,NA
O_lurida,15,No Tide,3,8,0,Alive,15_21,NA,NA
O_lurida,15,No Tide,3,9,0,Alive,15_21,NA,NA
O_lurida,15,No Tide,3,10,0,Alive,15_21,NA,NA
O_lurida,15,No Tide,3,11,0,Alive,15_21,NA,NA
O_lurida,15,No Tide,3,12,0,Alive,15_21,NA,NA
O_lurida,15,No Tide,3,13,0,Alive,15_21,NA,NA
O_lurida,15,No Tide,3,14,0,Alive,15_21,NA,NA
O_lurida,15,No Tide,3,15,0,Alive,15_21,NA,NA
O_lurida,15,No Tide,3,16,0,Alive,15_21,NA,NA
O_lurida,15,No Tide,3,17,0,Alive,15_21,NA,NA
O_lurida,15,No Tide,3,18,0,Alive,15_21,NA,NA
O_lurida,15,No Tide,3,19,0,Alive,15_21,NA,NA
O_lurida,15,No Tide,3,20,0,Alive,15_21,NA,NA
O_lurida,15,No Tide,3,21,0,Alive,15_21,NA,NA
O_lurida,15,No Tide,3,22,0,Alive,15_21,NA,NA
O_lurida,15,No Tide,3,23,0,Alive,15_21,NA,NA
O_lurida,15,No Tide,3,24,0,Alive,15_21,NA,NA
O_lurida,15,No Tide,3,25,0,Alive,15_21,NA,NA
O_lurida,15,No Tide,3,26,0,Alive,15_21,NA,NA
O_lurida,15,No Tide,3,27,0,Alive,15_21,NA,NA
O_lurida,15,No Tide,3,28,0,Alive,15_21,NA,NA
O_lurida,15,No Tide,3,29,0,Alive,15_21,NA,NA
O_lurida,15,No Tide,3,30,0,Alive,15_21,NA,NA
O_lurida,15,No Tide,3,31,0,Alive,15_21,NA,NA
O_lurida,15,No Tide,3,32,0,Alive,15_21,NA,NA
O_lurida,15,No Tide,3,33,0,Alive,15_21,NA,NA
O_lurida,15,No Tide,3,34,0,Alive,15_21,NA,NA
O_lurida,15,No Tide,3,35,0,Alive,15_21,NA,NA
O_lurida,15,No Tide,3,36,0,Alive,15_21,NA,NA
O_lurida,15,No Tide,3,37,0,Alive,15_21,NA,NA
O_lurida,15,No Tide,3,38,0,Alive,15_21,NA,NA
O_lurida,15,No Tide,3,39,0,Alive,15_21,NA,NA
O_lurida,15,No Tide,3,40,0,Alive,15_21,NA,NA
O_lurida,15,No Tide,3,41,0,Alive,18_24,NA,NA
O_lurida,15,No Tide,3,42,0,Alive,18_24,NA,NA
O_lurida,15,No Tide,3,43,0,Alive,18_24,NA,NA
O_lurida,15,No Tide,3,44,0,Alive,18_24,NA,NA
O_lurida,15,No Tide,3,45,0,Alive,18_24,NA,NA
O_lurida,15,No Tide,3,46,0,Alive,18_24,NA,NA
O_lurida,15,No Tide,3,47,0,Alive,18_24,NA,NA
O_lurida,15,No Tide,3,48,0,Alive,18_24,NA,NA
O_lurida,15,No Tide,3,49,0,Alive,18_24,NA,NA
O_lurida,15,No Tide,3,50,0,Alive,18_24,NA,NA
O_lurida,15,No Tide,3,51,0,Alive,18_24,NA,NA
O_lurida,15,No Tide,3,52,0,Alive,18_24,NA,NA
O_lurida,15,No Tide,3,53,0,Alive,18_24,NA,NA
O_lurida,15,No Tide,3,54,0,Alive,18_24,NA,NA
O_lurida,15,No Tide,3,55,0,Alive,18_24,NA,NA
O_lurida,15,No Tide,3,56,0,Alive,18_24,NA,NA
O_lurida,15,No Tide,3,57,0,Alive,18_24,NA,NA
O_lurida,15,No Tide,3,58,0,Alive,18_24,NA,NA
O_lurida,15,No Tide,3,59,0,Alive,18_24,NA,NA
O_lurida,15,No Tide,3,60,0,Alive,18_24,NA,NA
O_lurida,15,No Tide,3,61,0,Alive,18_24,NA,NA
O_lurida,15,No Tide,3,62,0,Alive,18_24,NA,NA
O_lurida,15,No Tide,3,63,0,Alive,18_24,NA,NA
O_lurida,15,No Tide,3,64,0,Alive,18_24,NA,NA
O_lurida,15,No Tide,3,65,0,Alive,18_24,NA,NA
O_lurida,15,No Tide,3,66,0,Alive,18_24,NA,NA
O_lurida,15,No Tide,3,67,0,Alive,18_24,NA,NA
O_lurida,15,No Tide,3,68,0,Alive,18_24,NA,NA
O_lurida,15,No Tide,3,69,0,Alive,18_24,NA,NA
O_lurida,15,No Tide,3,70,0,Alive,18_24,NA,NA
O_lurida,15,No Tide,3,71,0,Alive,18_24,NA,NA
O_lurida,15,No Tide,3,72,0,Alive,18_24,NA,NA
O_lurida,15,No Tide,3,73,0,Alive,18_24,NA,NA
O_lurida,15,No Tide,3,74,0,Alive,18_24,NA,NA
O_lurida,15,No Tide,3,75,0,Alive,18_24,NA,NA
O_lurida,15,No Tide,3,76,0,Alive,18_24,NA,NA
O_lurida,15,No Tide,3,77,0,Alive,18_24,NA,NA
O_lurida,15,No Tide,3,78,0,Alive,18_24,NA,NA
O_lurida,15,No Tide,3,79,0,Alive,18_24,NA,NA
O_lurida,15,No Tide,3,80,0,Alive,18_24,NA,NA
O_lurida,15,No Tide,4,1,1,Dead,15_21,6,3/1/2022
O_lurida,15,No Tide,4,2,0,Alive,15_21,NA,NA
O_lurida,15,No Tide,4,3,0,Alive,15_21,NA,NA
O_lurida,15,No Tide,4,4,0,Alive,15_21,NA,NA
O_lurida,15,No Tide,4,5,0,Alive,15_21,NA,NA
O_lurida,15,No Tide,4,6,0,Alive,15_21,NA,NA
O_lurida,15,No Tide,4,7,0,Alive,15_21,NA,NA
O_lurida,15,No Tide,4,8,0,Alive,15_21,NA,NA
O_lurida,15,No Tide,4,9,0,Alive,15_21,NA,NA
O_lurida,15,No Tide,4,10,0,Alive,15_21,NA,NA
O_lurida,15,No Tide,4,11,0,Alive,15_21,NA,NA
O_lurida,15,No Tide,4,12,0,Alive,15_21,NA,NA
O_lurida,15,No Tide,4,13,0,Alive,15_21,NA,NA
O_lurida,15,No Tide,4,14,0,Alive,15_21,NA,NA
O_lurida,15,No Tide,4,15,0,Alive,15_21,NA,NA
O_lurida,15,No Tide,4,16,0,Alive,15_21,NA,NA
O_lurida,15,No Tide,4,17,0,Alive,15_21,NA,NA
O_lurida,15,No Tide,4,18,0,Alive,15_21,NA,NA
O_lurida,15,No Tide,4,19,0,Alive,15_21,NA,NA
O_lurida,15,No Tide,4,20,0,Alive,15_21,NA,NA
O_lurida,15,No Tide,4,21,0,Alive,15_21,NA,NA
O_lurida,15,No Tide,4,22,0,Alive,15_21,NA,NA
O_lurida,15,No Tide,4,23,0,Alive,15_21,NA,NA
O_lurida,15,No Tide,4,24,0,Alive,15_21,NA,NA
O_lurida,15,No Tide,4,25,0,Alive,15_21,NA,NA
O_lurida,15,No Tide,4,26,0,Alive,15_21,NA,NA
O_lurida,15,No Tide,4,27,0,Alive,15_21,NA,NA
O_lurida,15,No Tide,4,28,0,Alive,15_21,NA,NA
O_lurida,15,No Tide,4,29,0,Alive,15_21,NA,NA
O_lurida,15,No Tide,4,30,0,Alive,15_21,NA,NA
O_lurida,15,No Tide,4,31,0,Alive,15_21,NA,NA
O_lurida,15,No Tide,4,32,0,Alive,15_21,NA,NA
O_lurida,15,No Tide,4,33,0,Alive,15_21,NA,NA
O_lurida,15,No Tide,4,34,0,Alive,15_21,NA,NA
O_lurida,15,No Tide,4,35,0,Alive,15_21,NA,NA
O_lurida,15,No Tide,4,36,0,Alive,15_21,NA,NA
O_lurida,15,No Tide,4,37,0,Alive,15_21,NA,NA
O_lurida,15,No Tide,4,38,0,Alive,15_21,NA,NA
O_lurida,15,No Tide,4,39,0,Alive,15_21,NA,NA
O_lurida,15,No Tide,4,40,0,Alive,15_21,NA,NA
O_lurida,15,No Tide,4,41,0,Alive,18_24,NA,NA
O_lurida,15,No Tide,4,42,0,Alive,18_24,NA,NA
O_lurida,15,No Tide,4,43,0,Alive,18_24,NA,NA
O_lurida,15,No Tide,4,44,0,Alive,18_24,NA,NA
O_lurida,15,No Tide,4,45,0,Alive,18_24,NA,NA
O_lurida,15,No Tide,4,46,0,Alive,18_24,NA,NA
O_lurida,15,No Tide,4,47,0,Alive,18_24,NA,NA
O_lurida,15,No Tide,4,48,0,Alive,18_24,NA,NA
O_lurida,15,No Tide,4,49,0,Alive,18_24,NA,NA
O_lurida,15,No Tide,4,50,0,Alive,18_24,NA,NA
O_lurida,15,No Tide,4,51,0,Alive,18_24,NA,NA
O_lurida,15,No Tide,4,52,0,Alive,18_24,NA,NA
O_lurida,15,No Tide,4,53,0,Alive,18_24,NA,NA
O_lurida,15,No Tide,4,54,0,Alive,18_24,NA,NA
O_lurida,15,No Tide,4,55,0,Alive,18_24,NA,NA
O_lurida,15,No Tide,4,56,0,Alive,18_24,NA,NA
O_lurida,15,No Tide,4,57,0,Alive,18_24,NA,NA
O_lurida,15,No Tide,4,58,0,Alive,18_24,NA,NA
O_lurida,15,No Tide,4,59,0,Alive,18_24,NA,NA
O_lurida,15,No Tide,4,60,0,Alive,18_24,NA,NA
O_lurida,15,No Tide,4,61,0,Alive,18_24,NA,NA
O_lurida,15,No Tide,4,62,0,Alive,18_24,NA,NA
O_lurida,15,No Tide,4,63,0,Alive,18_24,NA,NA
O_lurida,15,No Tide,4,64,0,Alive,18_24,NA,NA
O_lurida,15,No Tide,4,65,0,Alive,18_24,NA,NA
O_lurida,15,No Tide,4,66,0,Alive,18_24,NA,NA
O_lurida,15,No Tide,4,67,0,Alive,18_24,NA,NA
O_lurida,15,No Tide,4,68,0,Alive,18_24,NA,NA
O_lurida,15,No Tide,4,69,0,Alive,18_24,NA,NA
O_lurida,15,No Tide,4,70,0,Alive,18_24,NA,NA
O_lurida,15,No Tide,4,71,0,Alive,18_24,NA,NA
O_lurida,15,No Tide,4,72,0,Alive,18_24,NA,NA
O_lurida,15,No Tide,4,73,0,Alive,18_24,NA,NA
O_lurida,15,No Tide,4,74,0,Alive,18_24,NA,NA
O_lurida,15,No Tide,4,75,0,Alive,18_24,NA,NA
O_lurida,15,No Tide,4,76,0,Alive,18_24,NA,NA
O_lurida,15,No Tide,4,77,0,Alive,18_24,NA,NA
O_lurida,15,No Tide,4,78,0,Alive,18_24,NA,NA
O_lurida,15,No Tide,4,79,0,Alive,18_24,NA,NA
O_lurida,15,No Tide,4,80,0,Alive,18_24,NA,NA
O_lurida,15,No Tide,5,1,0,Alive,15_21,NA,NA
O_lurida,15,No Tide,5,2,0,Alive,15_21,NA,NA
O_lurida,15,No Tide,5,3,0,Alive,15_21,NA,NA
O_lurida,15,No Tide,5,4,0,Alive,15_21,NA,NA
O_lurida,15,No Tide,5,5,0,Alive,15_21,NA,NA
O_lurida,15,No Tide,5,6,0,Alive,15_21,NA,NA
O_lurida,15,No Tide,5,7,0,Alive,15_21,NA,NA
O_lurida,15,No Tide,5,8,0,Alive,15_21,NA,NA
O_lurida,15,No Tide,5,9,0,Alive,15_21,NA,NA
O_lurida,15,No Tide,5,10,0,Alive,15_21,NA,NA
O_lurida,15,No Tide,5,11,0,Alive,15_21,NA,NA
O_lurida,15,No Tide,5,12,0,Alive,15_21,NA,NA
O_lurida,15,No Tide,5,13,0,Alive,15_21,NA,NA
O_lurida,15,No Tide,5,14,0,Alive,15_21,NA,NA
O_lurida,15,No Tide,5,15,0,Alive,15_21,NA,NA
O_lurida,15,No Tide,5,16,0,Alive,15_21,NA,NA
O_lurida,15,No Tide,5,17,0,Alive,15_21,NA,NA
O_lurida,15,No Tide,5,18,0,Alive,15_21,NA,NA
O_lurida,15,No Tide,5,19,0,Alive,15_21,NA,NA
O_lurida,15,No Tide,5,20,0,Alive,15_21,NA,NA
O_lurida,15,No Tide,5,21,0,Alive,15_21,NA,NA
O_lurida,15,No Tide,5,22,0,Alive,15_21,NA,NA
O_lurida,15,No Tide,5,23,0,Alive,15_21,NA,NA
O_lurida,15,No Tide,5,24,0,Alive,15_21,NA,NA
O_lurida,15,No Tide,5,25,0,Alive,15_21,NA,NA
O_lurida,15,No Tide,5,26,0,Alive,15_21,NA,NA
O_lurida,15,No Tide,5,27,0,Alive,15_21,NA,NA
O_lurida,15,No Tide,5,28,0,Alive,15_21,NA,NA
O_lurida,15,No Tide,5,29,0,Alive,15_21,NA,NA
O_lurida,15,No Tide,5,30,0,Alive,15_21,NA,NA
O_lurida,15,No Tide,5,31,0,Alive,15_21,NA,NA
O_lurida,15,No Tide,5,32,0,Alive,15_21,NA,NA
O_lurida,15,No Tide,5,33,0,Alive,15_21,NA,NA
O_lurida,15,No Tide,5,34,0,Alive,15_21,NA,NA
O_lurida,15,No Tide,5,35,0,Alive,15_21,NA,NA
O_lurida,15,No Tide,5,36,0,Alive,15_21,NA,NA
O_lurida,15,No Tide,5,37,0,Alive,15_21,NA,NA
O_lurida,15,No Tide,5,38,0,Alive,15_21,NA,NA
O_lurida,15,No Tide,5,39,0,Alive,15_21,NA,NA
O_lurida,15,No Tide,5,40,0,Alive,15_21,NA,NA
O_lurida,15,No Tide,5,41,0,Alive,18_24,NA,NA
O_lurida,15,No Tide,5,42,0,Alive,18_24,NA,NA
O_lurida,15,No Tide,5,43,0,Alive,18_24,NA,NA
O_lurida,15,No Tide,5,44,0,Alive,18_24,NA,NA
O_lurida,15,No Tide,5,45,0,Alive,18_24,NA,NA
O_lurida,15,No Tide,5,46,0,Alive,18_24,NA,NA
O_lurida,15,No Tide,5,47,0,Alive,18_24,NA,NA
O_lurida,15,No Tide,5,48,0,Alive,18_24,NA,NA
O_lurida,15,No Tide,5,49,0,Alive,18_24,NA,NA
O_lurida,15,No Tide,5,50,0,Alive,18_24,NA,NA
O_lurida,15,No Tide,5,51,0,Alive,18_24,NA,NA
O_lurida,15,No Tide,5,52,0,Alive,18_24,NA,NA
O_lurida,15,No Tide,5,53,0,Alive,18_24,NA,NA
O_lurida,15,No Tide,5,54,0,Alive,18_24,NA,NA
O_lurida,15,No Tide,5,55,0,Alive,18_24,NA,NA
O_lurida,15,No Tide,5,56,0,Alive,18_24,NA,NA
O_lurida,15,No Tide,5,57,0,Alive,18_24,NA,NA
O_lurida,15,No Tide,5,58,0,Alive,18_24,NA,NA
O_lurida,15,No Tide,5,59,0,Alive,18_24,NA,NA
O_lurida,15,No Tide,5,60,0,Alive,18_24,NA,NA
O_lurida,15,No Tide,5,61,0,Alive,18_24,NA,NA
O_lurida,15,No Tide,5,62,0,Alive,18_24,NA,NA
O_lurida,15,No Tide,5,63,0,Alive,18_24,NA,NA
O_lurida,15,No Tide,5,64,0,Alive,18_24,NA,NA
O_lurida,15,No Tide,5,65,0,Alive,18_24,NA,NA
O_lurida,15,No Tide,5,66,0,Alive,18_24,NA,NA
O_lurida,15,No Tide,5,67,0,Alive,18_24,NA,NA
O_lurida,15,No Tide,5,68,0,Alive,18_24,NA,NA
O_lurida,15,No Tide,5,69,0,Alive,18_24,NA,NA
O_lurida,15,No Tide,5,70,0,Alive,18_24,NA,NA
O_lurida,15,No Tide,5,71,0,Alive,18_24,NA,NA
O_lurida,15,No Tide,5,72,0,Alive,18_24,NA,NA
O_lurida,15,No Tide,5,73,0,Alive,18_24,NA,NA
O_lurida,15,No Tide,5,74,0,Alive,18_24,NA,NA
O_lurida,15,No Tide,5,75,0,Alive,18_24,NA,NA
O_lurida,15,No Tide,5,76,0,Alive,18_24,NA,NA
O_lurida,15,No Tide,5,77,0,Alive,18_24,NA,NA
O_lurida,15,No Tide,5,78,0,Alive,18_24,NA,NA
O_lurida,15,No Tide,5,79,0,Alive,18_24,NA,NA
O_lurida,15,No Tide,5,80,0,Alive,18_24,NA,NA
O_lurida,15,Tide,6,1,0,Alive,15_21,NA,NA
O_lurida,15,Tide,6,2,0,Alive,15_21,NA,NA
O_lurida,15,Tide,6,3,0,Alive,15_21,NA,NA
O_lurida,15,Tide,6,4,0,Alive,15_21,NA,NA
O_lurida,15,Tide,6,5,0,Alive,15_21,NA,NA
O_lurida,15,Tide,6,6,0,Alive,15_21,NA,NA
O_lurida,15,Tide,6,7,0,Alive,15_21,NA,NA
O_lurida,15,Tide,6,8,0,Alive,15_21,NA,NA
O_lurida,15,Tide,6,9,0,Alive,15_21,NA,NA
O_lurida,15,Tide,6,10,0,Alive,15_21,NA,NA
O_lurida,15,Tide,6,11,0,Alive,15_21,NA,NA
O_lurida,15,Tide,6,12,0,Alive,15_21,NA,NA
O_lurida,15,Tide,6,13,0,Alive,15_21,NA,NA
O_lurida,15,Tide,6,14,0,Alive,15_21,NA,NA
O_lurida,15,Tide,6,15,0,Alive,15_21,NA,NA
O_lurida,15,Tide,6,16,0,Alive,15_21,NA,NA
O_lurida,15,Tide,6,17,0,Alive,15_21,NA,NA
O_lurida,15,Tide,6,18,0,Alive,15_21,NA,NA
O_lurida,15,Tide,6,19,0,Alive,15_21,NA,NA
O_lurida,15,Tide,6,20,0,Alive,15_21,NA,NA
O_lurida,15,Tide,6,21,0,Alive,15_21,NA,NA
O_lurida,15,Tide,6,22,0,Alive,15_21,NA,NA
O_lurida,15,Tide,6,23,0,Alive,15_21,NA,NA
O_lurida,15,Tide,6,24,0,Alive,15_21,NA,NA
O_lurida,15,Tide,6,25,0,Alive,15_21,NA,NA
O_lurida,15,Tide,6,26,0,Alive,15_21,NA,NA
O_lurida,15,Tide,6,27,0,Alive,15_21,NA,NA
O_lurida,15,Tide,6,28,0,Alive,15_21,NA,NA
O_lurida,15,Tide,6,29,0,Alive,15_21,NA,NA
O_lurida,15,Tide,6,30,0,Alive,15_21,NA,NA
O_lurida,15,Tide,6,31,0,Alive,15_21,NA,NA
O_lurida,15,Tide,6,32,0,Alive,15_21,NA,NA
O_lurida,15,Tide,6,33,0,Alive,15_21,NA,NA
O_lurida,15,Tide,6,34,0,Alive,15_21,NA,NA
O_lurida,15,Tide,6,35,0,Alive,15_21,NA,NA
O_lurida,15,Tide,6,36,0,Alive,15_21,NA,NA
O_lurida,15,Tide,6,37,0,Alive,15_21,NA,NA
O_lurida,15,Tide,6,38,0,Alive,15_21,NA,NA
O_lurida,15,Tide,6,39,0,Alive,15_21,NA,NA
O_lurida,15,Tide,6,40,0,Alive,15_21,NA,NA
O_lurida,15,Tide,6,41,0,Alive,18_24,NA,NA
O_lurida,15,Tide,6,42,0,Alive,18_24,NA,NA
O_lurida,15,Tide,6,43,0,Alive,18_24,NA,NA
O_lurida,15,Tide,6,44,0,Alive,18_24,NA,NA
O_lurida,15,Tide,6,45,0,Alive,18_24,NA,NA
O_lurida,15,Tide,6,46,0,Alive,18_24,NA,NA
O_lurida,15,Tide,6,47,0,Alive,18_24,NA,NA
O_lurida,15,Tide,6,48,0,Alive,18_24,NA,NA
O_lurida,15,Tide,6,49,0,Alive,18_24,NA,NA
O_lurida,15,Tide,6,50,0,Alive,18_24,NA,NA
O_lurida,15,Tide,6,51,0,Alive,18_24,NA,NA
O_lurida,15,Tide,6,52,0,Alive,18_24,NA,NA
O_lurida,15,Tide,6,53,0,Alive,18_24,NA,NA
O_lurida,15,Tide,6,54,0,Alive,18_24,NA,NA
O_lurida,15,Tide,6,55,0,Alive,18_24,NA,NA
O_lurida,15,Tide,6,56,0,Alive,18_24,NA,NA
O_lurida,15,Tide,6,57,0,Alive,18_24,NA,NA
O_lurida,15,Tide,6,58,0,Alive,18_24,NA,NA
O_lurida,15,Tide,6,59,0,Alive,18_24,NA,NA
O_lurida,15,Tide,6,60,0,Alive,18_24,NA,NA
O_lurida,15,Tide,6,61,0,Alive,18_24,NA,NA
O_lurida,15,Tide,6,62,0,Alive,18_24,NA,NA
O_lurida,15,Tide,6,63,0,Alive,18_24,NA,NA
O_lurida,15,Tide,6,64,0,Alive,18_24,NA,NA
O_lurida,15,Tide,6,65,0,Alive,18_24,NA,NA
O_lurida,15,Tide,6,66,0,Alive,18_24,NA,NA
O_lurida,15,Tide,6,67,0,Alive,18_24,NA,NA
O_lurida,15,Tide,6,68,0,Alive,18_24,NA,NA
O_lurida,15,Tide,6,69,0,Alive,18_24,NA,NA
O_lurida,15,Tide,6,70,0,Alive,18_24,NA,NA
O_lurida,15,Tide,6,71,0,Alive,18_24,NA,NA
O_lurida,15,Tide,6,72,0,Alive,18_24,NA,NA
O_lurida,15,Tide,6,73,0,Alive,18_24,NA,NA
O_lurida,15,Tide,6,74,0,Alive,18_24,NA,NA
O_lurida,15,Tide,6,75,0,Alive,18_24,NA,NA
O_lurida,15,Tide,6,76,0,Alive,18_24,NA,NA
O_lurida,15,Tide,6,77,0,Alive,18_24,NA,NA
O_lurida,15,Tide,6,78,0,Alive,18_24,NA,NA
O_lurida,15,Tide,6,79,0,Alive,18_24,NA,NA
O_lurida,15,Tide,6,80,0,Alive,18_24,NA,NA
O_lurida,15,Tide,7,1,0,Alive,15_21,NA,NA
O_lurida,15,Tide,7,2,0,Alive,15_21,NA,NA
O_lurida,15,Tide,7,3,0,Alive,15_21,NA,NA
O_lurida,15,Tide,7,4,0,Alive,15_21,NA,NA
O_lurida,15,Tide,7,5,0,Alive,15_21,NA,NA
O_lurida,15,Tide,7,6,0,Alive,15_21,NA,NA
O_lurida,15,Tide,7,7,0,Alive,15_21,NA,NA
O_lurida,15,Tide,7,8,0,Alive,15_21,NA,NA
O_lurida,15,Tide,7,9,0,Alive,15_21,NA,NA
O_lurida,15,Tide,7,10,0,Alive,15_21,NA,NA
O_lurida,15,Tide,7,11,0,Alive,15_21,NA,NA
O_lurida,15,Tide,7,12,0,Alive,15_21,NA,NA
O_lurida,15,Tide,7,13,0,Alive,15_21,NA,NA
O_lurida,15,Tide,7,14,0,Alive,15_21,NA,NA
O_lurida,15,Tide,7,15,0,Alive,15_21,NA,NA
O_lurida,15,Tide,7,16,0,Alive,15_21,NA,NA
O_lurida,15,Tide,7,17,0,Alive,15_21,NA,NA
O_lurida,15,Tide,7,18,0,Alive,15_21,NA,NA
O_lurida,15,Tide,7,19,0,Alive,15_21,NA,NA
O_lurida,15,Tide,7,20,0,Alive,15_21,NA,NA
O_lurida,15,Tide,7,21,0,Alive,15_21,NA,NA
O_lurida,15,Tide,7,22,0,Alive,15_21,NA,NA
O_lurida,15,Tide,7,23,0,Alive,15_21,NA,NA
O_lurida,15,Tide,7,24,0,Alive,15_21,NA,NA
O_lurida,15,Tide,7,25,0,Alive,15_21,NA,NA
O_lurida,15,Tide,7,26,0,Alive,15_21,NA,NA
O_lurida,15,Tide,7,27,0,Alive,15_21,NA,NA
O_lurida,15,Tide,7,28,0,Alive,15_21,NA,NA
O_lurida,15,Tide,7,29,0,Alive,15_21,NA,NA
O_lurida,15,Tide,7,30,0,Alive,15_21,NA,NA
O_lurida,15,Tide,7,31,0,Alive,15_21,NA,NA
O_lurida,15,Tide,7,32,0,Alive,15_21,NA,NA
O_lurida,15,Tide,7,33,0,Alive,15_21,NA,NA
O_lurida,15,Tide,7,34,0,Alive,15_21,NA,NA
O_lurida,15,Tide,7,35,0,Alive,15_21,NA,NA
O_lurida,15,Tide,7,36,0,Alive,15_21,NA,NA
O_lurida,15,Tide,7,37,0,Alive,15_21,NA,NA
O_lurida,15,Tide,7,38,0,Alive,15_21,NA,NA
O_lurida,15,Tide,7,39,0,Alive,15_21,NA,NA
O_lurida,15,Tide,7,40,0,Alive,15_21,NA,NA
O_lurida,15,Tide,7,41,1,Dead,18_24,3,3/1/2022
O_lurida,15,Tide,7,42,0,Alive,18_24,NA,NA
O_lurida,15,Tide,7,43,0,Alive,18_24,NA,NA
O_lurida,15,Tide,7,44,0,Alive,18_24,NA,NA
O_lurida,15,Tide,7,45,0,Alive,18_24,NA,NA
O_lurida,15,Tide,7,46,0,Alive,18_24,NA,NA
O_lurida,15,Tide,7,47,0,Alive,18_24,NA,NA
O_lurida,15,Tide,7,48,0,Alive,18_24,NA,NA
O_lurida,15,Tide,7,49,0,Alive,18_24,NA,NA
O_lurida,15,Tide,7,50,0,Alive,18_24,NA,NA
O_lurida,15,Tide,7,51,0,Alive,18_24,NA,NA
O_lurida,15,Tide,7,52,0,Alive,18_24,NA,NA
O_lurida,15,Tide,7,53,0,Alive,18_24,NA,NA
O_lurida,15,Tide,7,54,0,Alive,18_24,NA,NA
O_lurida,15,Tide,7,55,0,Alive,18_24,NA,NA
O_lurida,15,Tide,7,56,0,Alive,18_24,NA,NA
O_lurida,15,Tide,7,57,0,Alive,18_24,NA,NA
O_lurida,15,Tide,7,58,0,Alive,18_24,NA,NA
O_lurida,15,Tide,7,59,0,Alive,18_24,NA,NA
O_lurida,15,Tide,7,60,0,Alive,18_24,NA,NA
O_lurida,15,Tide,7,61,0,Alive,18_24,NA,NA
O_lurida,15,Tide,7,62,0,Alive,18_24,NA,NA
O_lurida,15,Tide,7,63,0,Alive,18_24,NA,NA
O_lurida,15,Tide,7,64,0,Alive,18_24,NA,NA
O_lurida,15,Tide,7,65,0,Alive,18_24,NA,NA
O_lurida,15,Tide,7,66,0,Alive,18_24,NA,NA
O_lurida,15,Tide,7,67,0,Alive,18_24,NA,NA
O_lurida,15,Tide,7,68,0,Alive,18_24,NA,NA
O_lurida,15,Tide,7,69,0,Alive,18_24,NA,NA
O_lurida,15,Tide,7,70,0,Alive,18_24,NA,NA
O_lurida,15,Tide,7,71,0,Alive,18_24,NA,NA
O_lurida,15,Tide,7,72,0,Alive,18_24,NA,NA
O_lurida,15,Tide,7,73,0,Alive,18_24,NA,NA
O_lurida,15,Tide,7,74,0,Alive,18_24,NA,NA
O_lurida,15,Tide,7,75,0,Alive,18_24,NA,NA
O_lurida,15,Tide,7,76,0,Alive,18_24,NA,NA
O_lurida,15,Tide,7,77,0,Alive,18_24,NA,NA
O_lurida,15,Tide,7,78,0,Alive,18_24,NA,NA
O_lurida,15,Tide,7,79,0,Alive,18_24,NA,NA
O_lurida,15,Tide,7,80,0,Alive,18_24,NA,NA
O_lurida,15,Tide,8,1,0,Alive,15_21,NA,NA
O_lurida,15,Tide,8,2,0,Alive,15_21,NA,NA
O_lurida,15,Tide,8,3,0,Alive,15_21,NA,NA
O_lurida,15,Tide,8,4,0,Alive,15_21,NA,NA
O_lurida,15,Tide,8,5,0,Alive,15_21,NA,NA
O_lurida,15,Tide,8,6,0,Alive,15_21,NA,NA
O_lurida,15,Tide,8,7,0,Alive,15_21,NA,NA
O_lurida,15,Tide,8,8,0,Alive,15_21,NA,NA
O_lurida,15,Tide,8,9,0,Alive,15_21,NA,NA
O_lurida,15,Tide,8,10,0,Alive,15_21,NA,NA
O_lurida,15,Tide,8,11,0,Alive,15_21,NA,NA
O_lurida,15,Tide,8,12,0,Alive,15_21,NA,NA
O_lurida,15,Tide,8,13,0,Alive,15_21,NA,NA
O_lurida,15,Tide,8,14,0,Alive,15_21,NA,NA
O_lurida,15,Tide,8,15,0,Alive,15_21,NA,NA
O_lurida,15,Tide,8,16,0,Alive,15_21,NA,NA
O_lurida,15,Tide,8,17,0,Alive,15_21,NA,NA
O_lurida,15,Tide,8,18,0,Alive,15_21,NA,NA
O_lurida,15,Tide,8,19,0,Alive,15_21,NA,NA
O_lurida,15,Tide,8,20,0,Alive,15_21,NA,NA
O_lurida,15,Tide,8,21,0,Alive,15_21,NA,NA
O_lurida,15,Tide,8,22,0,Alive,15_21,NA,NA
O_lurida,15,Tide,8,23,0,Alive,15_21,NA,NA
O_lurida,15,Tide,8,24,0,Alive,15_21,NA,NA
O_lurida,15,Tide,8,25,0,Alive,15_21,NA,NA
O_lurida,15,Tide,8,26,0,Alive,15_21,NA,NA
O_lurida,15,Tide,8,27,0,Alive,15_21,NA,NA
O_lurida,15,Tide,8,28,0,Alive,15_21,NA,NA
O_lurida,15,Tide,8,29,0,Alive,15_21,NA,NA
O_lurida,15,Tide,8,30,0,Alive,15_21,NA,NA
O_lurida,15,Tide,8,31,0,Alive,15_21,NA,NA
O_lurida,15,Tide,8,32,0,Alive,15_21,NA,NA
O_lurida,15,Tide,8,33,0,Alive,15_21,NA,NA
O_lurida,15,Tide,8,34,0,Alive,15_21,NA,NA
O_lurida,15,Tide,8,35,0,Alive,15_21,NA,NA
O_lurida,15,Tide,8,36,0,Alive,15_21,NA,NA
O_lurida,15,Tide,8,37,0,Alive,15_21,NA,NA
O_lurida,15,Tide,8,38,0,Alive,15_21,NA,NA
O_lurida,15,Tide,8,39,0,Alive,15_21,NA,NA
O_lurida,15,Tide,8,40,0,Alive,15_21,NA,NA
O_lurida,15,Tide,8,41,0,Alive,18_24,NA,NA
O_lurida,15,Tide,8,42,0,Alive,18_24,NA,NA
O_lurida,15,Tide,8,43,0,Alive,18_24,NA,NA
O_lurida,15,Tide,8,44,0,Alive,18_24,NA,NA
O_lurida,15,Tide,8,45,0,Alive,18_24,NA,NA
O_lurida,15,Tide,8,46,0,Alive,18_24,NA,NA
O_lurida,15,Tide,8,47,0,Alive,18_24,NA,NA
O_lurida,15,Tide,8,48,0,Alive,18_24,NA,NA
O_lurida,15,Tide,8,49,0,Alive,18_24,NA,NA
O_lurida,15,Tide,8,50,0,Alive,18_24,NA,NA
O_lurida,15,Tide,8,51,0,Alive,18_24,NA,NA
O_lurida,15,Tide,8,52,0,Alive,18_24,NA,NA
O_lurida,15,Tide,8,53,0,Alive,18_24,NA,NA
O_lurida,15,Tide,8,54,0,Alive,18_24,NA,NA
O_lurida,15,Tide,8,55,0,Alive,18_24,NA,NA
O_lurida,15,Tide,8,56,0,Alive,18_24,NA,NA
O_lurida,15,Tide,8,57,0,Alive,18_24,NA,NA
O_lurida,15,Tide,8,58,0,Alive,18_24,NA,NA
O_lurida,15,Tide,8,59,0,Alive,18_24,NA,NA
O_lurida,15,Tide,8,60,0,Alive,18_24,NA,NA
O_lurida,15,Tide,8,61,0,Alive,18_24,NA,NA
O_lurida,15,Tide,8,62,0,Alive,18_24,NA,NA
O_lurida,15,Tide,8,63,0,Alive,18_24,NA,NA
O_lurida,15,Tide,8,64,0,Alive,18_24,NA,NA
O_lurida,15,Tide,8,65,0,Alive,18_24,NA,NA
O_lurida,15,Tide,8,66,0,Alive,18_24,NA,NA
O_lurida,15,Tide,8,67,0,Alive,18_24,NA,NA
O_lurida,15,Tide,8,68,0,Alive,18_24,NA,NA
O_lurida,15,Tide,8,69,0,Alive,18_24,NA,NA
O_lurida,15,Tide,8,70,0,Alive,18_24,NA,NA
O_lurida,15,Tide,8,71,0,Alive,18_24,NA,NA
O_lurida,15,Tide,8,72,0,Alive,18_24,NA,NA
O_lurida,15,Tide,8,73,0,Alive,18_24,NA,NA
O_lurida,15,Tide,8,74,0,Alive,18_24,NA,NA
O_lurida,15,Tide,8,75,0,Alive,18_24,NA,NA
O_lurida,15,Tide,8,76,0,Alive,18_24,NA,NA
O_lurida,15,Tide,8,77,0,Alive,18_24,NA,NA
O_lurida,15,Tide,8,78,0,Alive,18_24,NA,NA
O_lurida,15,Tide,8,79,0,Alive,18_24,NA,NA
O_lurida,15,Tide,8,80,0,Alive,18_24,NA,NA
O_lurida,15,Tide,9,1,1,Dead,15_21,15,3/10/2022
O_lurida,15,Tide,9,2,0,Alive,15_21,NA,NA
O_lurida,15,Tide,9,3,0,Alive,15_21,NA,NA
O_lurida,15,Tide,9,4,0,Alive,15_21,NA,NA
O_lurida,15,Tide,9,5,0,Alive,15_21,NA,NA
O_lurida,15,Tide,9,6,0,Alive,15_21,NA,NA
O_lurida,15,Tide,9,7,0,Alive,15_21,NA,NA
O_lurida,15,Tide,9,8,0,Alive,15_21,NA,NA
O_lurida,15,Tide,9,9,0,Alive,15_21,NA,NA
O_lurida,15,Tide,9,10,0,Alive,15_21,NA,NA
O_lurida,15,Tide,9,11,0,Alive,15_21,NA,NA
O_lurida,15,Tide,9,12,0,Alive,15_21,NA,NA
O_lurida,15,Tide,9,13,0,Alive,15_21,NA,NA
O_lurida,15,Tide,9,14,0,Alive,15_21,NA,NA
O_lurida,15,Tide,9,15,0,Alive,15_21,NA,NA
O_lurida,15,Tide,9,16,0,Alive,15_21,NA,NA
O_lurida,15,Tide,9,17,0,Alive,15_21,NA,NA
O_lurida,15,Tide,9,18,0,Alive,15_21,NA,NA
O_lurida,15,Tide,9,19,0,Alive,15_21,NA,NA
O_lurida,15,Tide,9,20,0,Alive,15_21,NA,NA
O_lurida,15,Tide,9,21,0,Alive,15_21,NA,NA
O_lurida,15,Tide,9,22,0,Alive,15_21,NA,NA
O_lurida,15,Tide,9,23,0,Alive,15_21,NA,NA
O_lurida,15,Tide,9,24,0,Alive,15_21,NA,NA
O_lurida,15,Tide,9,25,0,Alive,15_21,NA,NA
O_lurida,15,Tide,9,26,0,Alive,15_21,NA,NA
O_lurida,15,Tide,9,27,0,Alive,15_21,NA,NA
O_lurida,15,Tide,9,28,0,Alive,15_21,NA,NA
O_lurida,15,Tide,9,29,0,Alive,15_21,NA,NA
O_lurida,15,Tide,9,30,0,Alive,15_21,NA,NA
O_lurida,15,Tide,9,31,0,Alive,15_21,NA,NA
O_lurida,15,Tide,9,32,0,Alive,15_21,NA,NA
O_lurida,15,Tide,9,33,0,Alive,15_21,NA,NA
O_lurida,15,Tide,9,34,0,Alive,15_21,NA,NA
O_lurida,15,Tide,9,35,0,Alive,15_21,NA,NA
O_lurida,15,Tide,9,36,0,Alive,15_21,NA,NA
O_lurida,15,Tide,9,37,0,Alive,15_21,NA,NA
O_lurida,15,Tide,9,38,0,Alive,15_21,NA,NA
O_lurida,15,Tide,9,39,0,Alive,15_21,NA,NA
O_lurida,15,Tide,9,40,0,Alive,15_21,NA,NA
O_lurida,15,Tide,9,41,0,Alive,18_24,NA,NA
O_lurida,15,Tide,9,42,0,Alive,18_24,NA,NA
O_lurida,15,Tide,9,43,0,Alive,18_24,NA,NA
O_lurida,15,Tide,9,44,0,Alive,18_24,NA,NA
O_lurida,15,Tide,9,45,0,Alive,18_24,NA,NA
O_lurida,15,Tide,9,46,0,Alive,18_24,NA,NA
O_lurida,15,Tide,9,47,0,Alive,18_24,NA,NA
O_lurida,15,Tide,9,48,0,Alive,18_24,NA,NA
O_lurida,15,Tide,9,49,0,Alive,18_24,NA,NA
O_lurida,15,Tide,9,50,0,Alive,18_24,NA,NA
O_lurida,15,Tide,9,51,0,Alive,18_24,NA,NA
O_lurida,15,Tide,9,52,0,Alive,18_24,NA,NA
O_lurida,15,Tide,9,53,0,Alive,18_24,NA,NA
O_lurida,15,Tide,9,54,0,Alive,18_24,NA,NA
O_lurida,15,Tide,9,55,0,Alive,18_24,NA,NA
O_lurida,15,Tide,9,56,0,Alive,18_24,NA,NA
O_lurida,15,Tide,9,57,0,Alive,18_24,NA,NA
O_lurida,15,Tide,9,58,0,Alive,18_24,NA,NA
O_lurida,15,Tide,9,59,0,Alive,18_24,NA,NA
O_lurida,15,Tide,9,60,0,Alive,18_24,NA,NA
O_lurida,15,Tide,9,61,0,Alive,18_24,NA,NA
O_lurida,15,Tide,9,62,0,Alive,18_24,NA,NA
O_lurida,15,Tide,9,63,0,Alive,18_24,NA,NA
O_lurida,15,Tide,9,64,0,Alive,18_24,NA,NA
O_lurida,15,Tide,9,65,0,Alive,18_24,NA,NA
O_lurida,15,Tide,9,66,0,Alive,18_24,NA,NA
O_lurida,15,Tide,9,67,0,Alive,18_24,NA,NA
O_lurida,15,Tide,9,68,0,Alive,18_24,NA,NA
O_lurida,15,Tide,9,69,0,Alive,18_24,NA,NA
O_lurida,15,Tide,9,70,0,Alive,18_24,NA,NA
O_lurida,15,Tide,9,71,0,Alive,18_24,NA,NA
O_lurida,15,Tide,9,72,0,Alive,18_24,NA,NA
O_lurida,15,Tide,9,73,0,Alive,18_24,NA,NA
O_lurida,15,Tide,9,74,0,Alive,18_24,NA,NA
O_lurida,15,Tide,9,75,0,Alive,18_24,NA,NA
O_lurida,15,Tide,9,76,0,Alive,18_24,NA,NA
O_lurida,15,Tide,9,77,0,Alive,18_24,NA,NA
O_lurida,15,Tide,9,78,0,Alive,18_24,NA,NA
O_lurida,15,Tide,9,79,0,Alive,18_24,NA,NA
O_lurida,15,Tide,9,80,0,Alive,18_24,NA,NA
O_lurida,15,Tide,10,1,0,Alive,15_21,NA,NA
O_lurida,15,Tide,10,2,0,Alive,15_21,NA,NA
O_lurida,15,Tide,10,3,0,Alive,15_21,NA,NA
O_lurida,15,Tide,10,4,0,Alive,15_21,NA,NA
O_lurida,15,Tide,10,5,0,Alive,15_21,NA,NA
O_lurida,15,Tide,10,6,0,Alive,15_21,NA,NA
O_lurida,15,Tide,10,7,0,Alive,15_21,NA,NA
O_lurida,15,Tide,10,8,0,Alive,15_21,NA,NA
O_lurida,15,Tide,10,9,0,Alive,15_21,NA,NA
O_lurida,15,Tide,10,10,0,Alive,15_21,NA,NA
O_lurida,15,Tide,10,11,0,Alive,15_21,NA,NA
O_lurida,15,Tide,10,12,0,Alive,15_21,NA,NA
O_lurida,15,Tide,10,13,0,Alive,15_21,NA,NA
O_lurida,15,Tide,10,14,0,Alive,15_21,NA,NA
O_lurida,15,Tide,10,15,0,Alive,15_21,NA,NA
O_lurida,15,Tide,10,16,0,Alive,15_21,NA,NA
O_lurida,15,Tide,10,17,0,Alive,15_21,NA,NA
O_lurida,15,Tide,10,18,0,Alive,15_21,NA,NA
O_lurida,15,Tide,10,19,0,Alive,15_21,NA,NA
O_lurida,15,Tide,10,20,0,Alive,15_21,NA,NA
O_lurida,15,Tide,10,21,0,Alive,15_21,NA,NA
O_lurida,15,Tide,10,22,0,Alive,15_21,NA,NA
O_lurida,15,Tide,10,23,0,Alive,15_21,NA,NA
O_lurida,15,Tide,10,24,0,Alive,15_21,NA,NA
O_lurida,15,Tide,10,25,0,Alive,15_21,NA,NA
O_lurida,15,Tide,10,26,0,Alive,15_21,NA,NA
O_lurida,15,Tide,10,27,0,Alive,15_21,NA,NA
O_lurida,15,Tide,10,28,0,Alive,15_21,NA,NA
O_lurida,15,Tide,10,29,0,Alive,15_21,NA,NA
O_lurida,15,Tide,10,30,0,Alive,15_21,NA,NA
O_lurida,15,Tide,10,31,0,Alive,15_21,NA,NA
O_lurida,15,Tide,10,32,0,Alive,15_21,NA,NA
O_lurida,15,Tide,10,33,0,Alive,15_21,NA,NA
O_lurida,15,Tide,10,34,0,Alive,15_21,NA,NA
O_lurida,15,Tide,10,35,0,Alive,15_21,NA,NA
O_lurida,15,Tide,10,36,0,Alive,15_21,NA,NA
O_lurida,15,Tide,10,37,0,Alive,15_21,NA,NA
O_lurida,15,Tide,10,38,0,Alive,15_21,NA,NA
O_lurida,15,Tide,10,39,0,Alive,15_21,NA,NA
O_lurida,15,Tide,10,40,0,Alive,15_21,NA,NA
O_lurida,15,Tide,10,41,1,Dead,18_24,10,3/8/2022
O_lurida,15,Tide,10,42,0,Alive,18_24,NA,NA
O_lurida,15,Tide,10,43,0,Alive,18_24,NA,NA
O_lurida,15,Tide,10,44,0,Alive,18_24,NA,NA
O_lurida,15,Tide,10,45,0,Alive,18_24,NA,NA
O_lurida,15,Tide,10,46,0,Alive,18_24,NA,NA
O_lurida,15,Tide,10,47,0,Alive,18_24,NA,NA
O_lurida,15,Tide,10,48,0,Alive,18_24,NA,NA
O_lurida,15,Tide,10,49,0,Alive,18_24,NA,NA
O_lurida,15,Tide,10,50,0,Alive,18_24,NA,NA
O_lurida,15,Tide,10,51,0,Alive,18_24,NA,NA
O_lurida,15,Tide,10,52,0,Alive,18_24,NA,NA
O_lurida,15,Tide,10,53,0,Alive,18_24,NA,NA
O_lurida,15,Tide,10,54,0,Alive,18_24,NA,NA
O_lurida,15,Tide,10,55,0,Alive,18_24,NA,NA
O_lurida,15,Tide,10,56,0,Alive,18_24,NA,NA
O_lurida,15,Tide,10,57,0,Alive,18_24,NA,NA
O_lurida,15,Tide,10,58,0,Alive,18_24,NA,NA
O_lurida,15,Tide,10,59,0,Alive,18_24,NA,NA
O_lurida,15,Tide,10,60,0,Alive,18_24,NA,NA
O_lurida,15,Tide,10,61,0,Alive,18_24,NA,NA
O_lurida,15,Tide,10,62,0,Alive,18_24,NA,NA
O_lurida,15,Tide,10,63,0,Alive,18_24,NA,NA
O_lurida,15,Tide,10,64,0,Alive,18_24,NA,NA
O_lurida,15,Tide,10,65,0,Alive,18_24,NA,NA
O_lurida,15,Tide,10,66,0,Alive,18_24,NA,NA
O_lurida,15,Tide,10,67,0,Alive,18_24,NA,NA
O_lurida,15,Tide,10,68,0,Alive,18_24,NA,NA
O_lurida,15,Tide,10,69,0,Alive,18_24,NA,NA
O_lurida,15,Tide,10,70,0,Alive,18_24,NA,NA
O_lurida,15,Tide,10,71,0,Alive,18_24,NA,NA
O_lurida,15,Tide,10,72,0,Alive,18_24,NA,NA
O_lurida,15,Tide,10,73,0,Alive,18_24,NA,NA
O_lurida,15,Tide,10,74,0,Alive,18_24,NA,NA
O_lurida,15,Tide,10,75,0,Alive,18_24,NA,NA
O_lurida,15,Tide,10,76,0,Alive,18_24,NA,NA
O_lurida,15,Tide,10,77,0,Alive,18_24,NA,NA
O_lurida,15,Tide,10,78,0,Alive,18_24,NA,NA
O_lurida,15,Tide,10,79,0,Alive,18_24,NA,NA
O_lurida,15,Tide,10,80,0,Alive,18_24,NA,NA
O_lurida,21,Tide,11,1,0,Alive,15_21,NA,NA
O_lurida,21,Tide,11,2,0,Alive,15_21,NA,NA
O_lurida,21,Tide,11,3,0,Alive,15_21,NA,NA
O_lurida,21,Tide,11,4,0,Alive,15_21,NA,NA
O_lurida,21,Tide,11,5,0,Alive,15_21,NA,NA
O_lurida,21,Tide,11,6,0,Alive,15_21,NA,NA
O_lurida,21,Tide,11,7,0,Alive,15_21,NA,NA
O_lurida,21,Tide,11,8,0,Alive,15_21,NA,NA
O_lurida,21,Tide,11,9,0,Alive,15_21,NA,NA
O_lurida,21,Tide,11,10,0,Alive,15_21,NA,NA
O_lurida,21,Tide,11,11,0,Alive,15_21,NA,NA
O_lurida,21,Tide,11,12,0,Alive,15_21,NA,NA
O_lurida,21,Tide,11,13,0,Alive,15_21,NA,NA
O_lurida,21,Tide,11,14,0,Alive,15_21,NA,NA
O_lurida,21,Tide,11,15,0,Alive,15_21,NA,NA
O_lurida,21,Tide,11,16,0,Alive,15_21,NA,NA
O_lurida,21,Tide,11,17,0,Alive,15_21,NA,NA
O_lurida,21,Tide,11,18,0,Alive,15_21,NA,NA
O_lurida,21,Tide,11,19,0,Alive,15_21,NA,NA
O_lurida,21,Tide,11,20,0,Alive,15_21,NA,NA
O_lurida,21,Tide,11,21,0,Alive,15_21,NA,NA
O_lurida,21,Tide,11,22,0,Alive,15_21,NA,NA
O_lurida,21,Tide,11,23,0,Alive,15_21,NA,NA
O_lurida,21,Tide,11,24,0,Alive,15_21,NA,NA
O_lurida,21,Tide,11,25,0,Alive,15_21,NA,NA
O_lurida,21,Tide,11,26,0,Alive,15_21,NA,NA
O_lurida,21,Tide,11,27,0,Alive,15_21,NA,NA
O_lurida,21,Tide,11,28,0,Alive,15_21,NA,NA
O_lurida,21,Tide,11,29,0,Alive,15_21,NA,NA
O_lurida,21,Tide,11,30,0,Alive,15_21,NA,NA
O_lurida,21,Tide,11,31,0,Alive,15_21,NA,NA
O_lurida,21,Tide,11,32,0,Alive,15_21,NA,NA
O_lurida,21,Tide,11,33,0,Alive,15_21,NA,NA
O_lurida,21,Tide,11,34,0,Alive,15_21,NA,NA
O_lurida,21,Tide,11,35,0,Alive,15_21,NA,NA
O_lurida,21,Tide,11,36,0,Alive,15_21,NA,NA
O_lurida,21,Tide,11,37,0,Alive,15_21,NA,NA
O_lurida,21,Tide,11,38,0,Alive,15_21,NA,NA
O_lurida,21,Tide,11,39,0,Alive,15_21,NA,NA
O_lurida,21,Tide,11,40,0,Alive,15_21,NA,NA
O_lurida,21,Tide,11,41,0,Alive,18_24,NA,NA
O_lurida,21,Tide,11,42,0,Alive,18_24,NA,NA
O_lurida,21,Tide,11,43,0,Alive,18_24,NA,NA
O_lurida,21,Tide,11,44,0,Alive,18_24,NA,NA
O_lurida,21,Tide,11,45,0,Alive,18_24,NA,NA
O_lurida,21,Tide,11,46,0,Alive,18_24,NA,NA
O_lurida,21,Tide,11,47,0,Alive,18_24,NA,NA
O_lurida,21,Tide,11,48,0,Alive,18_24,NA,NA
O_lurida,21,Tide,11,49,0,Alive,18_24,NA,NA
O_lurida,21,Tide,11,50,0,Alive,18_24,NA,NA
O_lurida,21,Tide,11,51,0,Alive,18_24,NA,NA
O_lurida,21,Tide,11,52,0,Alive,18_24,NA,NA
O_lurida,21,Tide,11,53,0,Alive,18_24,NA,NA
O_lurida,21,Tide,11,54,0,Alive,18_24,NA,NA
O_lurida,21,Tide,11,55,0,Alive,18_24,NA,NA
O_lurida,21,Tide,11,56,0,Alive,18_24,NA,NA
O_lurida,21,Tide,11,57,0,Alive,18_24,NA,NA
O_lurida,21,Tide,11,58,0,Alive,18_24,NA,NA
O_lurida,21,Tide,11,59,0,Alive,18_24,NA,NA
O_lurida,21,Tide,11,60,0,Alive,18_24,NA,NA
O_lurida,21,Tide,11,61,0,Alive,18_24,NA,NA
O_lurida,21,Tide,11,62,0,Alive,18_24,NA,NA
O_lurida,21,Tide,11,63,0,Alive,18_24,NA,NA
O_lurida,21,Tide,11,64,0,Alive,18_24,NA,NA
O_lurida,21,Tide,11,65,0,Alive,18_24,NA,NA
O_lurida,21,Tide,11,66,0,Alive,18_24,NA,NA
O_lurida,21,Tide,11,67,0,Alive,18_24,NA,NA
O_lurida,21,Tide,11,68,0,Alive,18_24,NA,NA
O_lurida,21,Tide,11,69,0,Alive,18_24,NA,NA
O_lurida,21,Tide,11,70,0,Alive,18_24,NA,NA
O_lurida,21,Tide,11,71,0,Alive,18_24,NA,NA
O_lurida,21,Tide,11,72,0,Alive,18_24,NA,NA
O_lurida,21,Tide,11,73,0,Alive,18_24,NA,NA
O_lurida,21,Tide,11,74,0,Alive,18_24,NA,NA
O_lurida,21,Tide,11,75,0,Alive,18_24,NA,NA
O_lurida,21,Tide,11,76,0,Alive,18_24,NA,NA
O_lurida,21,Tide,11,77,0,Alive,18_24,NA,NA
O_lurida,21,Tide,11,78,0,Alive,18_24,NA,NA
O_lurida,21,Tide,11,79,0,Alive,18_24,NA,NA
O_lurida,21,Tide,11,80,0,Alive,18_24,NA,NA
O_lurida,21,Tide,12,1,1,Dead,15_21,6,3/1/2022
O_lurida,21,Tide,12,2,1,Dead,15_21,6,3/1/2022
O_lurida,21,Tide,12,3,0,Alive,15_21,NA,NA
O_lurida,21,Tide,12,4,0,Alive,15_21,NA,NA
O_lurida,21,Tide,12,5,0,Alive,15_21,NA,NA
O_lurida,21,Tide,12,6,0,Alive,15_21,NA,NA
O_lurida,21,Tide,12,7,0,Alive,15_21,NA,NA
O_lurida,21,Tide,12,8,0,Alive,15_21,NA,NA
O_lurida,21,Tide,12,9,0,Alive,15_21,NA,NA
O_lurida,21,Tide,12,10,0,Alive,15_21,NA,NA
O_lurida,21,Tide,12,11,0,Alive,15_21,NA,NA
O_lurida,21,Tide,12,12,0,Alive,15_21,NA,NA
O_lurida,21,Tide,12,13,0,Alive,15_21,NA,NA
O_lurida,21,Tide,12,14,0,Alive,15_21,NA,NA
O_lurida,21,Tide,12,15,0,Alive,15_21,NA,NA
O_lurida,21,Tide,12,16,0,Alive,15_21,NA,NA
O_lurida,21,Tide,12,17,0,Alive,15_21,NA,NA
O_lurida,21,Tide,12,18,0,Alive,15_21,NA,NA
O_lurida,21,Tide,12,19,0,Alive,15_21,NA,NA
O_lurida,21,Tide,12,20,0,Alive,15_21,NA,NA
O_lurida,21,Tide,12,21,0,Alive,15_21,NA,NA
O_lurida,21,Tide,12,22,0,Alive,15_21,NA,NA
O_lurida,21,Tide,12,23,0,Alive,15_21,NA,NA
O_lurida,21,Tide,12,24,0,Alive,15_21,NA,NA
O_lurida,21,Tide,12,25,0,Alive,15_21,NA,NA
O_lurida,21,Tide,12,26,0,Alive,15_21,NA,NA
O_lurida,21,Tide,12,27,0,Alive,15_21,NA,NA
O_lurida,21,Tide,12,28,0,Alive,15_21,NA,NA
O_lurida,21,Tide,12,29,0,Alive,15_21,NA,NA
O_lurida,21,Tide,12,30,0,Alive,15_21,NA,NA
O_lurida,21,Tide,12,31,0,Alive,15_21,NA,NA
O_lurida,21,Tide,12,32,0,Alive,15_21,NA,NA
O_lurida,21,Tide,12,33,0,Alive,15_21,NA,NA
O_lurida,21,Tide,12,34,0,Alive,15_21,NA,NA
O_lurida,21,Tide,12,35,0,Alive,15_21,NA,NA
O_lurida,21,Tide,12,36,0,Alive,15_21,NA,NA
O_lurida,21,Tide,12,37,0,Alive,15_21,NA,NA
O_lurida,21,Tide,12,38,0,Alive,15_21,NA,NA
O_lurida,21,Tide,12,39,0,Alive,15_21,NA,NA
O_lurida,21,Tide,12,40,0,Alive,15_21,NA,NA
O_lurida,21,Tide,12,41,1,Dead,18_24,3,3/1/2022
O_lurida,21,Tide,12,42,1,Dead,18_24,10,3/8/2022
O_lurida,21,Tide,12,43,1,Dead,18_24,10,3/8/2022
O_lurida,21,Tide,12,44,1,Dead,18_24,10,3/8/2022
O_lurida,21,Tide,12,45,0,Alive,18_24,NA,NA
O_lurida,21,Tide,12,46,0,Alive,18_24,NA,NA
O_lurida,21,Tide,12,47,0,Alive,18_24,NA,NA
O_lurida,21,Tide,12,48,0,Alive,18_24,NA,NA
O_lurida,21,Tide,12,49,0,Alive,18_24,NA,NA
O_lurida,21,Tide,12,50,0,Alive,18_24,NA,NA
O_lurida,21,Tide,12,51,0,Alive,18_24,NA,NA
O_lurida,21,Tide,12,52,0,Alive,18_24,NA,NA
O_lurida,21,Tide,12,53,0,Alive,18_24,NA,NA
O_lurida,21,Tide,12,54,0,Alive,18_24,NA,NA
O_lurida,21,Tide,12,55,0,Alive,18_24,NA,NA
O_lurida,21,Tide,12,56,0,Alive,18_24,NA,NA
O_lurida,21,Tide,12,57,0,Alive,18_24,NA,NA
O_lurida,21,Tide,12,58,0,Alive,18_24,NA,NA
O_lurida,21,Tide,12,59,0,Alive,18_24,NA,NA
O_lurida,21,Tide,12,60,0,Alive,18_24,NA,NA
O_lurida,21,Tide,12,61,0,Alive,18_24,NA,NA
O_lurida,21,Tide,12,62,0,Alive,18_24,NA,NA
O_lurida,21,Tide,12,63,0,Alive,18_24,NA,NA
O_lurida,21,Tide,12,64,0,Alive,18_24,NA,NA
O_lurida,21,Tide,12,65,0,Alive,18_24,NA,NA
O_lurida,21,Tide,12,66,0,Alive,18_24,NA,NA
O_lurida,21,Tide,12,67,0,Alive,18_24,NA,NA
O_lurida,21,Tide,12,68,0,Alive,18_24,NA,NA
O_lurida,21,Tide,12,69,0,Alive,18_24,NA,NA
O_lurida,21,Tide,12,70,0,Alive,18_24,NA,NA
O_lurida,21,Tide,12,71,0,Alive,18_24,NA,NA
O_lurida,21,Tide,12,72,0,Alive,18_24,NA,NA
O_lurida,21,Tide,12,73,0,Alive,18_24,NA,NA
O_lurida,21,Tide,12,74,0,Alive,18_24,NA,NA
O_lurida,21,Tide,12,75,0,Alive,18_24,NA,NA
O_lurida,21,Tide,12,76,0,Alive,18_24,NA,NA
O_lurida,21,Tide,12,77,0,Alive,18_24,NA,NA
O_lurida,21,Tide,12,78,0,Alive,18_24,NA,NA
O_lurida,21,Tide,12,79,0,Alive,18_24,NA,NA
O_lurida,21,Tide,12,80,0,Alive,18_24,NA,NA
O_lurida,21,Tide,13,1,1,Dead,15_21,6,3/1/2022
O_lurida,21,Tide,13,2,0,Alive,15_21,NA,NA
O_lurida,21,Tide,13,3,0,Alive,15_21,NA,NA
O_lurida,21,Tide,13,4,0,Alive,15_21,NA,NA
O_lurida,21,Tide,13,5,0,Alive,15_21,NA,NA
O_lurida,21,Tide,13,6,0,Alive,15_21,NA,NA
O_lurida,21,Tide,13,7,0,Alive,15_21,NA,NA
O_lurida,21,Tide,13,8,0,Alive,15_21,NA,NA
O_lurida,21,Tide,13,9,0,Alive,15_21,NA,NA
O_lurida,21,Tide,13,10,0,Alive,15_21,NA,NA
O_lurida,21,Tide,13,11,0,Alive,15_21,NA,NA
O_lurida,21,Tide,13,12,0,Alive,15_21,NA,NA
O_lurida,21,Tide,13,13,0,Alive,15_21,NA,NA
O_lurida,21,Tide,13,14,0,Alive,15_21,NA,NA
O_lurida,21,Tide,13,15,0,Alive,15_21,NA,NA
O_lurida,21,Tide,13,16,0,Alive,15_21,NA,NA
O_lurida,21,Tide,13,17,0,Alive,15_21,NA,NA
O_lurida,21,Tide,13,18,0,Alive,15_21,NA,NA
O_lurida,21,Tide,13,19,0,Alive,15_21,NA,NA
O_lurida,21,Tide,13,20,0,Alive,15_21,NA,NA
O_lurida,21,Tide,13,21,0,Alive,15_21,NA,NA
O_lurida,21,Tide,13,22,0,Alive,15_21,NA,NA
O_lurida,21,Tide,13,23,0,Alive,15_21,NA,NA
O_lurida,21,Tide,13,24,0,Alive,15_21,NA,NA
O_lurida,21,Tide,13,25,0,Alive,15_21,NA,NA
O_lurida,21,Tide,13,26,0,Alive,15_21,NA,NA
O_lurida,21,Tide,13,27,0,Alive,15_21,NA,NA
O_lurida,21,Tide,13,28,0,Alive,15_21,NA,NA
O_lurida,21,Tide,13,29,0,Alive,15_21,NA,NA
O_lurida,21,Tide,13,30,0,Alive,15_21,NA,NA
O_lurida,21,Tide,13,31,0,Alive,15_21,NA,NA
O_lurida,21,Tide,13,32,0,Alive,15_21,NA,NA
O_lurida,21,Tide,13,33,0,Alive,15_21,NA,NA
O_lurida,21,Tide,13,34,0,Alive,15_21,NA,NA
O_lurida,21,Tide,13,35,0,Alive,15_21,NA,NA
O_lurida,21,Tide,13,36,0,Alive,15_21,NA,NA
O_lurida,21,Tide,13,37,0,Alive,15_21,NA,NA
O_lurida,21,Tide,13,38,0,Alive,15_21,NA,NA
O_lurida,21,Tide,13,39,0,Alive,15_21,NA,NA
O_lurida,21,Tide,13,40,0,Alive,15_21,NA,NA
O_lurida,21,Tide,13,41,0,Alive,18_24,NA,NA
O_lurida,21,Tide,13,42,0,Alive,18_24,NA,NA
O_lurida,21,Tide,13,43,0,Alive,18_24,NA,NA
O_lurida,21,Tide,13,44,0,Alive,18_24,NA,NA
O_lurida,21,Tide,13,45,0,Alive,18_24,NA,NA
O_lurida,21,Tide,13,46,0,Alive,18_24,NA,NA
O_lurida,21,Tide,13,47,0,Alive,18_24,NA,NA
O_lurida,21,Tide,13,48,0,Alive,18_24,NA,NA
O_lurida,21,Tide,13,49,0,Alive,18_24,NA,NA
O_lurida,21,Tide,13,50,0,Alive,18_24,NA,NA
O_lurida,21,Tide,13,51,0,Alive,18_24,NA,NA
O_lurida,21,Tide,13,52,0,Alive,18_24,NA,NA
O_lurida,21,Tide,13,53,0,Alive,18_24,NA,NA
O_lurida,21,Tide,13,54,0,Alive,18_24,NA,NA
O_lurida,21,Tide,13,55,0,Alive,18_24,NA,NA
O_lurida,21,Tide,13,56,0,Alive,18_24,NA,NA
O_lurida,21,Tide,13,57,0,Alive,18_24,NA,NA
O_lurida,21,Tide,13,58,0,Alive,18_24,NA,NA
O_lurida,21,Tide,13,59,0,Alive,18_24,NA,NA
O_lurida,21,Tide,13,60,0,Alive,18_24,NA,NA
O_lurida,21,Tide,13,61,0,Alive,18_24,NA,NA
O_lurida,21,Tide,13,62,0,Alive,18_24,NA,NA
O_lurida,21,Tide,13,63,0,Alive,18_24,NA,NA
O_lurida,21,Tide,13,64,0,Alive,18_24,NA,NA
O_lurida,21,Tide,13,65,0,Alive,18_24,NA,NA
O_lurida,21,Tide,13,66,0,Alive,18_24,NA,NA
O_lurida,21,Tide,13,67,0,Alive,18_24,NA,NA
O_lurida,21,Tide,13,68,0,Alive,18_24,NA,NA
O_lurida,21,Tide,13,69,0,Alive,18_24,NA,NA
O_lurida,21,Tide,13,70,0,Alive,18_24,NA,NA
O_lurida,21,Tide,13,71,0,Alive,18_24,NA,NA
O_lurida,21,Tide,13,72,0,Alive,18_24,NA,NA
O_lurida,21,Tide,13,73,0,Alive,18_24,NA,NA
O_lurida,21,Tide,13,74,0,Alive,18_24,NA,NA
O_lurida,21,Tide,13,75,0,Alive,18_24,NA,NA
O_lurida,21,Tide,13,76,0,Alive,18_24,NA,NA
O_lurida,21,Tide,13,77,0,Alive,18_24,NA,NA
O_lurida,21,Tide,13,78,0,Alive,18_24,NA,NA
O_lurida,21,Tide,13,79,0,Alive,18_24,NA,NA
O_lurida,21,Tide,13,80,0,Alive,18_24,NA,NA
O_lurida,21,Tide,14,1,1,Dead,15_21,15,3/10/2022
O_lurida,21,Tide,14,2,0,Alive,15_21,NA,NA
O_lurida,21,Tide,14,3,0,Alive,15_21,NA,NA
O_lurida,21,Tide,14,4,0,Alive,15_21,NA,NA
O_lurida,21,Tide,14,5,0,Alive,15_21,NA,NA
O_lurida,21,Tide,14,6,0,Alive,15_21,NA,NA
O_lurida,21,Tide,14,7,0,Alive,15_21,NA,NA
O_lurida,21,Tide,14,8,0,Alive,15_21,NA,NA
O_lurida,21,Tide,14,9,0,Alive,15_21,NA,NA
O_lurida,21,Tide,14,10,0,Alive,15_21,NA,NA
O_lurida,21,Tide,14,11,0,Alive,15_21,NA,NA
O_lurida,21,Tide,14,12,0,Alive,15_21,NA,NA
O_lurida,21,Tide,14,13,0,Alive,15_21,NA,NA
O_lurida,21,Tide,14,14,0,Alive,15_21,NA,NA
O_lurida,21,Tide,14,15,0,Alive,15_21,NA,NA
O_lurida,21,Tide,14,16,0,Alive,15_21,NA,NA
O_lurida,21,Tide,14,17,0,Alive,15_21,NA,NA
O_lurida,21,Tide,14,18,0,Alive,15_21,NA,NA
O_lurida,21,Tide,14,19,0,Alive,15_21,NA,NA
O_lurida,21,Tide,14,20,0,Alive,15_21,NA,NA
O_lurida,21,Tide,14,21,0,Alive,15_21,NA,NA
O_lurida,21,Tide,14,22,0,Alive,15_21,NA,NA
O_lurida,21,Tide,14,23,0,Alive,15_21,NA,NA
O_lurida,21,Tide,14,24,0,Alive,15_21,NA,NA
O_lurida,21,Tide,14,25,0,Alive,15_21,NA,NA
O_lurida,21,Tide,14,26,0,Alive,15_21,NA,NA
O_lurida,21,Tide,14,27,0,Alive,15_21,NA,NA
O_lurida,21,Tide,14,28,0,Alive,15_21,NA,NA
O_lurida,21,Tide,14,29,0,Alive,15_21,NA,NA
O_lurida,21,Tide,14,30,0,Alive,15_21,NA,NA
O_lurida,21,Tide,14,31,0,Alive,15_21,NA,NA
O_lurida,21,Tide,14,32,0,Alive,15_21,NA,NA
O_lurida,21,Tide,14,33,0,Alive,15_21,NA,NA
O_lurida,21,Tide,14,34,0,Alive,15_21,NA,NA
O_lurida,21,Tide,14,35,0,Alive,15_21,NA,NA
O_lurida,21,Tide,14,36,0,Alive,15_21,NA,NA
O_lurida,21,Tide,14,37,0,Alive,15_21,NA,NA
O_lurida,21,Tide,14,38,0,Alive,15_21,NA,NA
O_lurida,21,Tide,14,39,0,Alive,15_21,NA,NA
O_lurida,21,Tide,14,40,0,Alive,15_21,NA,NA
O_lurida,21,Tide,14,41,0,Alive,18_24,NA,NA
O_lurida,21,Tide,14,42,0,Alive,18_24,NA,NA
O_lurida,21,Tide,14,43,0,Alive,18_24,NA,NA
O_lurida,21,Tide,14,44,0,Alive,18_24,NA,NA
O_lurida,21,Tide,14,45,0,Alive,18_24,NA,NA
O_lurida,21,Tide,14,46,0,Alive,18_24,NA,NA
O_lurida,21,Tide,14,47,0,Alive,18_24,NA,NA
O_lurida,21,Tide,14,48,0,Alive,18_24,NA,NA
O_lurida,21,Tide,14,49,0,Alive,18_24,NA,NA
O_lurida,21,Tide,14,50,0,Alive,18_24,NA,NA
O_lurida,21,Tide,14,51,0,Alive,18_24,NA,NA
O_lurida,21,Tide,14,52,0,Alive,18_24,NA,NA
O_lurida,21,Tide,14,53,0,Alive,18_24,NA,NA
O_lurida,21,Tide,14,54,0,Alive,18_24,NA,NA
O_lurida,21,Tide,14,55,0,Alive,18_24,NA,NA
O_lurida,21,Tide,14,56,0,Alive,18_24,NA,NA
O_lurida,21,Tide,14,57,0,Alive,18_24,NA,NA
O_lurida,21,Tide,14,58,0,Alive,18_24,NA,NA
O_lurida,21,Tide,14,59,0,Alive,18_24,NA,NA
O_lurida,21,Tide,14,60,0,Alive,18_24,NA,NA
O_lurida,21,Tide,14,61,0,Alive,18_24,NA,NA
O_lurida,21,Tide,14,62,0,Alive,18_24,NA,NA
O_lurida,21,Tide,14,63,0,Alive,18_24,NA,NA
O_lurida,21,Tide,14,64,0,Alive,18_24,NA,NA
O_lurida,21,Tide,14,65,0,Alive,18_24,NA,NA
O_lurida,21,Tide,14,66,0,Alive,18_24,NA,NA
O_lurida,21,Tide,14,67,0,Alive,18_24,NA,NA
O_lurida,21,Tide,14,68,0,Alive,18_24,NA,NA
O_lurida,21,Tide,14,69,0,Alive,18_24,NA,NA
O_lurida,21,Tide,14,70,0,Alive,18_24,NA,NA
O_lurida,21,Tide,14,71,0,Alive,18_24,NA,NA
O_lurida,21,Tide,14,72,0,Alive,18_24,NA,NA
O_lurida,21,Tide,14,73,0,Alive,18_24,NA,NA
O_lurida,21,Tide,14,74,0,Alive,18_24,NA,NA
O_lurida,21,Tide,14,75,0,Alive,18_24,NA,NA
O_lurida,21,Tide,14,76,0,Alive,18_24,NA,NA
O_lurida,21,Tide,14,77,0,Alive,18_24,NA,NA
O_lurida,21,Tide,14,78,0,Alive,18_24,NA,NA
O_lurida,21,Tide,14,79,0,Alive,18_24,NA,NA
O_lurida,21,Tide,14,80,0,Alive,18_24,NA,NA
O_lurida,21,Tide,15,1,1,Dead,15_21,15,3/10/2022
O_lurida,21,Tide,15,2,0,Alive,15_21,NA,NA
O_lurida,21,Tide,15,3,0,Alive,15_21,NA,NA
O_lurida,21,Tide,15,4,0,Alive,15_21,NA,NA
O_lurida,21,Tide,15,5,0,Alive,15_21,NA,NA
O_lurida,21,Tide,15,6,0,Alive,15_21,NA,NA
O_lurida,21,Tide,15,7,0,Alive,15_21,NA,NA
O_lurida,21,Tide,15,8,0,Alive,15_21,NA,NA
O_lurida,21,Tide,15,9,0,Alive,15_21,NA,NA
O_lurida,21,Tide,15,10,0,Alive,15_21,NA,NA
O_lurida,21,Tide,15,11,0,Alive,15_21,NA,NA
O_lurida,21,Tide,15,12,0,Alive,15_21,NA,NA
O_lurida,21,Tide,15,13,0,Alive,15_21,NA,NA
O_lurida,21,Tide,15,14,0,Alive,15_21,NA,NA
O_lurida,21,Tide,15,15,0,Alive,15_21,NA,NA
O_lurida,21,Tide,15,16,0,Alive,15_21,NA,NA
O_lurida,21,Tide,15,17,0,Alive,15_21,NA,NA
O_lurida,21,Tide,15,18,0,Alive,15_21,NA,NA
O_lurida,21,Tide,15,19,0,Alive,15_21,NA,NA
O_lurida,21,Tide,15,20,0,Alive,15_21,NA,NA
O_lurida,21,Tide,15,21,0,Alive,15_21,NA,NA
O_lurida,21,Tide,15,22,0,Alive,15_21,NA,NA
O_lurida,21,Tide,15,23,0,Alive,15_21,NA,NA
O_lurida,21,Tide,15,24,0,Alive,15_21,NA,NA
O_lurida,21,Tide,15,25,0,Alive,15_21,NA,NA
O_lurida,21,Tide,15,26,0,Alive,15_21,NA,NA
O_lurida,21,Tide,15,27,0,Alive,15_21,NA,NA
O_lurida,21,Tide,15,28,0,Alive,15_21,NA,NA
O_lurida,21,Tide,15,29,0,Alive,15_21,NA,NA
O_lurida,21,Tide,15,30,0,Alive,15_21,NA,NA
O_lurida,21,Tide,15,31,0,Alive,15_21,NA,NA
O_lurida,21,Tide,15,32,0,Alive,15_21,NA,NA
O_lurida,21,Tide,15,33,0,Alive,15_21,NA,NA
O_lurida,21,Tide,15,34,0,Alive,15_21,NA,NA
O_lurida,21,Tide,15,35,0,Alive,15_21,NA,NA
O_lurida,21,Tide,15,36,0,Alive,15_21,NA,NA
O_lurida,21,Tide,15,37,0,Alive,15_21,NA,NA
O_lurida,21,Tide,15,38,0,Alive,15_21,NA,NA
O_lurida,21,Tide,15,39,0,Alive,15_21,NA,NA
O_lurida,21,Tide,15,40,0,Alive,15_21,NA,NA
O_lurida,21,Tide,15,41,0,Alive,18_24,NA,NA
O_lurida,21,Tide,15,42,0,Alive,18_24,NA,NA
O_lurida,21,Tide,15,43,0,Alive,18_24,NA,NA
O_lurida,21,Tide,15,44,0,Alive,18_24,NA,NA
O_lurida,21,Tide,15,45,0,Alive,18_24,NA,NA
O_lurida,21,Tide,15,46,0,Alive,18_24,NA,NA
O_lurida,21,Tide,15,47,0,Alive,18_24,NA,NA
O_lurida,21,Tide,15,48,0,Alive,18_24,NA,NA
O_lurida,21,Tide,15,49,0,Alive,18_24,NA,NA
O_lurida,21,Tide,15,50,0,Alive,18_24,NA,NA
O_lurida,21,Tide,15,51,0,Alive,18_24,NA,NA
O_lurida,21,Tide,15,52,0,Alive,18_24,NA,NA
O_lurida,21,Tide,15,53,0,Alive,18_24,NA,NA
O_lurida,21,Tide,15,54,0,Alive,18_24,NA,NA
O_lurida,21,Tide,15,55,0,Alive,18_24,NA,NA
O_lurida,21,Tide,15,56,0,Alive,18_24,NA,NA
O_lurida,21,Tide,15,57,0,Alive,18_24,NA,NA
O_lurida,21,Tide,15,58,0,Alive,18_24,NA,NA
O_lurida,21,Tide,15,59,0,Alive,18_24,NA,NA
O_lurida,21,Tide,15,60,0,Alive,18_24,NA,NA
O_lurida,21,Tide,15,61,0,Alive,18_24,NA,NA
O_lurida,21,Tide,15,62,0,Alive,18_24,NA,NA
O_lurida,21,Tide,15,63,0,Alive,18_24,NA,NA
O_lurida,21,Tide,15,64,0,Alive,18_24,NA,NA
O_lurida,21,Tide,15,65,0,Alive,18_24,NA,NA
O_lurida,21,Tide,15,66,0,Alive,18_24,NA,NA
O_lurida,21,Tide,15,67,0,Alive,18_24,NA,NA
O_lurida,21,Tide,15,68,0,Alive,18_24,NA,NA
O_lurida,21,Tide,15,69,0,Alive,18_24,NA,NA
O_lurida,21,Tide,15,70,0,Alive,18_24,NA,NA
O_lurida,21,Tide,15,71,0,Alive,18_24,NA,NA
O_lurida,21,Tide,15,72,0,Alive,18_24,NA,NA
O_lurida,21,Tide,15,73,0,Alive,18_24,NA,NA
O_lurida,21,Tide,15,74,0,Alive,18_24,NA,NA
O_lurida,21,Tide,15,75,0,Alive,18_24,NA,NA
O_lurida,21,Tide,15,76,0,Alive,18_24,NA,NA
O_lurida,21,Tide,15,77,0,Alive,18_24,NA,NA
O_lurida,21,Tide,15,78,0,Alive,18_24,NA,NA
O_lurida,21,Tide,15,79,0,Alive,18_24,NA,NA
O_lurida,21,Tide,15,80,0,Alive,18_24,NA,NA
O_lurida,21,No Tide,16,1,1,Dead,15_21,15,3/10/2022
O_lurida,21,No Tide,16,2,0,Alive,15_21,NA,NA
O_lurida,21,No Tide,16,3,0,Alive,15_21,NA,NA
O_lurida,21,No Tide,16,4,0,Alive,15_21,NA,NA
O_lurida,21,No Tide,16,5,0,Alive,15_21,NA,NA
O_lurida,21,No Tide,16,6,0,Alive,15_21,NA,NA
O_lurida,21,No Tide,16,7,0,Alive,15_21,NA,NA
O_lurida,21,No Tide,16,8,0,Alive,15_21,NA,NA
O_lurida,21,No Tide,16,9,0,Alive,15_21,NA,NA
O_lurida,21,No Tide,16,10,0,Alive,15_21,NA,NA
O_lurida,21,No Tide,16,11,0,Alive,15_21,NA,NA
O_lurida,21,No Tide,16,12,0,Alive,15_21,NA,NA
O_lurida,21,No Tide,16,13,0,Alive,15_21,NA,NA
O_lurida,21,No Tide,16,14,0,Alive,15_21,NA,NA
O_lurida,21,No Tide,16,15,0,Alive,15_21,NA,NA
O_lurida,21,No Tide,16,16,0,Alive,15_21,NA,NA
O_lurida,21,No Tide,16,17,0,Alive,15_21,NA,NA
O_lurida,21,No Tide,16,18,0,Alive,15_21,NA,NA
O_lurida,21,No Tide,16,19,0,Alive,15_21,NA,NA
O_lurida,21,No Tide,16,20,0,Alive,15_21,NA,NA
O_lurida,21,No Tide,16,21,0,Alive,15_21,NA,NA
O_lurida,21,No Tide,16,22,0,Alive,15_21,NA,NA
O_lurida,21,No Tide,16,23,0,Alive,15_21,NA,NA
O_lurida,21,No Tide,16,24,0,Alive,15_21,NA,NA
O_lurida,21,No Tide,16,25,0,Alive,15_21,NA,NA
O_lurida,21,No Tide,16,26,0,Alive,15_21,NA,NA
O_lurida,21,No Tide,16,27,0,Alive,15_21,NA,NA
O_lurida,21,No Tide,16,28,0,Alive,15_21,NA,NA
O_lurida,21,No Tide,16,29,0,Alive,15_21,NA,NA
O_lurida,21,No Tide,16,30,0,Alive,15_21,NA,NA
O_lurida,21,No Tide,16,31,0,Alive,15_21,NA,NA
O_lurida,21,No Tide,16,32,0,Alive,15_21,NA,NA
O_lurida,21,No Tide,16,33,0,Alive,15_21,NA,NA
O_lurida,21,No Tide,16,34,0,Alive,15_21,NA,NA
O_lurida,21,No Tide,16,35,0,Alive,15_21,NA,NA
O_lurida,21,No Tide,16,36,0,Alive,15_21,NA,NA
O_lurida,21,No Tide,16,37,0,Alive,15_21,NA,NA
O_lurida,21,No Tide,16,38,0,Alive,15_21,NA,NA
O_lurida,21,No Tide,16,39,0,Alive,15_21,NA,NA
O_lurida,21,No Tide,16,40,0,Alive,15_21,NA,NA
O_lurida,21,No Tide,16,41,0,Alive,18_24,NA,NA
O_lurida,21,No Tide,16,42,0,Alive,18_24,NA,NA
O_lurida,21,No Tide,16,43,0,Alive,18_24,NA,NA
O_lurida,21,No Tide,16,44,0,Alive,18_24,NA,NA
O_lurida,21,No Tide,16,45,0,Alive,18_24,NA,NA
O_lurida,21,No Tide,16,46,0,Alive,18_24,NA,NA
O_lurida,21,No Tide,16,47,0,Alive,18_24,NA,NA
O_lurida,21,No Tide,16,48,0,Alive,18_24,NA,NA
O_lurida,21,No Tide,16,49,0,Alive,18_24,NA,NA
O_lurida,21,No Tide,16,50,0,Alive,18_24,NA,NA
O_lurida,21,No Tide,16,51,0,Alive,18_24,NA,NA
O_lurida,21,No Tide,16,52,0,Alive,18_24,NA,NA
O_lurida,21,No Tide,16,53,0,Alive,18_24,NA,NA
O_lurida,21,No Tide,16,54,0,Alive,18_24,NA,NA
O_lurida,21,No Tide,16,55,0,Alive,18_24,NA,NA
O_lurida,21,No Tide,16,56,0,Alive,18_24,NA,NA
O_lurida,21,No Tide,16,57,0,Alive,18_24,NA,NA
O_lurida,21,No Tide,16,58,0,Alive,18_24,NA,NA
O_lurida,21,No Tide,16,59,0,Alive,18_24,NA,NA
O_lurida,21,No Tide,16,60,0,Alive,18_24,NA,NA
O_lurida,21,No Tide,16,61,0,Alive,18_24,NA,NA
O_lurida,21,No Tide,16,62,0,Alive,18_24,NA,NA
O_lurida,21,No Tide,16,63,0,Alive,18_24,NA,NA
O_lurida,21,No Tide,16,64,0,Alive,18_24,NA,NA
O_lurida,21,No Tide,16,65,0,Alive,18_24,NA,NA
O_lurida,21,No Tide,16,66,0,Alive,18_24,NA,NA
O_lurida,21,No Tide,16,67,0,Alive,18_24,NA,NA
O_lurida,21,No Tide,16,68,0,Alive,18_24,NA,NA
O_lurida,21,No Tide,16,69,0,Alive,18_24,NA,NA
O_lurida,21,No Tide,16,70,0,Alive,18_24,NA,NA
O_lurida,21,No Tide,16,71,0,Alive,18_24,NA,NA
O_lurida,21,No Tide,16,72,0,Alive,18_24,NA,NA
O_lurida,21,No Tide,16,73,0,Alive,18_24,NA,NA
O_lurida,21,No Tide,16,74,0,Alive,18_24,NA,NA
O_lurida,21,No Tide,16,75,0,Alive,18_24,NA,NA
O_lurida,21,No Tide,16,76,0,Alive,18_24,NA,NA
O_lurida,21,No Tide,16,77,0,Alive,18_24,NA,NA
O_lurida,21,No Tide,16,78,0,Alive,18_24,NA,NA
O_lurida,21,No Tide,16,79,0,Alive,18_24,NA,NA
O_lurida,21,No Tide,16,80,0,Alive,18_24,NA,NA
O_lurida,21,No Tide,17,1,0,Alive,15_21,NA,NA
O_lurida,21,No Tide,17,2,0,Alive,15_21,NA,NA
O_lurida,21,No Tide,17,3,0,Alive,15_21,NA,NA
O_lurida,21,No Tide,17,4,0,Alive,15_21,NA,NA
O_lurida,21,No Tide,17,5,0,Alive,15_21,NA,NA
O_lurida,21,No Tide,17,6,0,Alive,15_21,NA,NA
O_lurida,21,No Tide,17,7,0,Alive,15_21,NA,NA
O_lurida,21,No Tide,17,8,0,Alive,15_21,NA,NA
O_lurida,21,No Tide,17,9,0,Alive,15_21,NA,NA
O_lurida,21,No Tide,17,10,0,Alive,15_21,NA,NA
O_lurida,21,No Tide,17,11,0,Alive,15_21,NA,NA
O_lurida,21,No Tide,17,12,0,Alive,15_21,NA,NA
O_lurida,21,No Tide,17,13,0,Alive,15_21,NA,NA
O_lurida,21,No Tide,17,14,0,Alive,15_21,NA,NA
O_lurida,21,No Tide,17,15,0,Alive,15_21,NA,NA
O_lurida,21,No Tide,17,16,0,Alive,15_21,NA,NA
O_lurida,21,No Tide,17,17,0,Alive,15_21,NA,NA
O_lurida,21,No Tide,17,18,0,Alive,15_21,NA,NA
O_lurida,21,No Tide,17,19,0,Alive,15_21,NA,NA
O_lurida,21,No Tide,17,20,0,Alive,15_21,NA,NA
O_lurida,21,No Tide,17,21,0,Alive,15_21,NA,NA
O_lurida,21,No Tide,17,22,0,Alive,15_21,NA,NA
O_lurida,21,No Tide,17,23,0,Alive,15_21,NA,NA
O_lurida,21,No Tide,17,24,0,Alive,15_21,NA,NA
O_lurida,21,No Tide,17,25,0,Alive,15_21,NA,NA
O_lurida,21,No Tide,17,26,0,Alive,15_21,NA,NA
O_lurida,21,No Tide,17,27,0,Alive,15_21,NA,NA
O_lurida,21,No Tide,17,28,0,Alive,15_21,NA,NA
O_lurida,21,No Tide,17,29,0,Alive,15_21,NA,NA
O_lurida,21,No Tide,17,30,0,Alive,15_21,NA,NA
O_lurida,21,No Tide,17,31,0,Alive,15_21,NA,NA
O_lurida,21,No Tide,17,32,0,Alive,15_21,NA,NA
O_lurida,21,No Tide,17,33,0,Alive,15_21,NA,NA
O_lurida,21,No Tide,17,34,0,Alive,15_21,NA,NA
O_lurida,21,No Tide,17,35,0,Alive,15_21,NA,NA
O_lurida,21,No Tide,17,36,0,Alive,15_21,NA,NA
O_lurida,21,No Tide,17,37,0,Alive,15_21,NA,NA
O_lurida,21,No Tide,17,38,0,Alive,15_21,NA,NA
O_lurida,21,No Tide,17,39,0,Alive,15_21,NA,NA
O_lurida,21,No Tide,17,40,0,Alive,15_21,NA,NA
O_lurida,21,No Tide,17,41,0,Alive,18_24,NA,NA
O_lurida,21,No Tide,17,42,0,Alive,18_24,NA,NA
O_lurida,21,No Tide,17,43,0,Alive,18_24,NA,NA
O_lurida,21,No Tide,17,44,0,Alive,18_24,NA,NA
O_lurida,21,No Tide,17,45,0,Alive,18_24,NA,NA
O_lurida,21,No Tide,17,46,0,Alive,18_24,NA,NA
O_lurida,21,No Tide,17,47,0,Alive,18_24,NA,NA
O_lurida,21,No Tide,17,48,0,Alive,18_24,NA,NA
O_lurida,21,No Tide,17,49,0,Alive,18_24,NA,NA
O_lurida,21,No Tide,17,50,0,Alive,18_24,NA,NA
O_lurida,21,No Tide,17,51,0,Alive,18_24,NA,NA
O_lurida,21,No Tide,17,52,0,Alive,18_24,NA,NA
O_lurida,21,No Tide,17,53,0,Alive,18_24,NA,NA
O_lurida,21,No Tide,17,54,0,Alive,18_24,NA,NA
O_lurida,21,No Tide,17,55,0,Alive,18_24,NA,NA
O_lurida,21,No Tide,17,56,0,Alive,18_24,NA,NA
O_lurida,21,No Tide,17,57,0,Alive,18_24,NA,NA
O_lurida,21,No Tide,17,58,0,Alive,18_24,NA,NA
O_lurida,21,No Tide,17,59,0,Alive,18_24,NA,NA
O_lurida,21,No Tide,17,60,0,Alive,18_24,NA,NA
O_lurida,21,No Tide,17,61,0,Alive,18_24,NA,NA
O_lurida,21,No Tide,17,62,0,Alive,18_24,NA,NA
O_lurida,21,No Tide,17,63,0,Alive,18_24,NA,NA
O_lurida,21,No Tide,17,64,0,Alive,18_24,NA,NA
O_lurida,21,No Tide,17,65,0,Alive,18_24,NA,NA
O_lurida,21,No Tide,17,66,0,Alive,18_24,NA,NA
O_lurida,21,No Tide,17,67,0,Alive,18_24,NA,NA
O_lurida,21,No Tide,17,68,0,Alive,18_24,NA,NA
O_lurida,21,No Tide,17,69,0,Alive,18_24,NA,NA
O_lurida,21,No Tide,17,70,0,Alive,18_24,NA,NA
O_lurida,21,No Tide,17,71,0,Alive,18_24,NA,NA
O_lurida,21,No Tide,17,72,0,Alive,18_24,NA,NA
O_lurida,21,No Tide,17,73,0,Alive,18_24,NA,NA
O_lurida,21,No Tide,17,74,0,Alive,18_24,NA,NA
O_lurida,21,No Tide,17,75,0,Alive,18_24,NA,NA
O_lurida,21,No Tide,17,76,0,Alive,18_24,NA,NA
O_lurida,21,No Tide,17,77,0,Alive,18_24,NA,NA
O_lurida,21,No Tide,17,78,0,Alive,18_24,NA,NA
O_lurida,21,No Tide,17,79,0,Alive,18_24,NA,NA
O_lurida,21,No Tide,17,80,0,Alive,18_24,NA,NA
O_lurida,21,No Tide,18,1,1,Dead,15_21,15,3/10/2022
O_lurida,21,No Tide,18,2,0,Alive,15_21,NA,NA
O_lurida,21,No Tide,18,3,0,Alive,15_21,NA,NA
O_lurida,21,No Tide,18,4,0,Alive,15_21,NA,NA
O_lurida,21,No Tide,18,5,0,Alive,15_21,NA,NA
O_lurida,21,No Tide,18,6,0,Alive,15_21,NA,NA
O_lurida,21,No Tide,18,7,0,Alive,15_21,NA,NA
O_lurida,21,No Tide,18,8,0,Alive,15_21,NA,NA
O_lurida,21,No Tide,18,9,0,Alive,15_21,NA,NA
O_lurida,21,No Tide,18,10,0,Alive,15_21,NA,NA
O_lurida,21,No Tide,18,11,0,Alive,15_21,NA,NA
O_lurida,21,No Tide,18,12,0,Alive,15_21,NA,NA
O_lurida,21,No Tide,18,13,0,Alive,15_21,NA,NA
O_lurida,21,No Tide,18,14,0,Alive,15_21,NA,NA
O_lurida,21,No Tide,18,15,0,Alive,15_21,NA,NA
O_lurida,21,No Tide,18,16,0,Alive,15_21,NA,NA
O_lurida,21,No Tide,18,17,0,Alive,15_21,NA,NA
O_lurida,21,No Tide,18,18,0,Alive,15_21,NA,NA
O_lurida,21,No Tide,18,19,0,Alive,15_21,NA,NA
O_lurida,21,No Tide,18,20,0,Alive,15_21,NA,NA
O_lurida,21,No Tide,18,21,0,Alive,15_21,NA,NA
O_lurida,21,No Tide,18,22,0,Alive,15_21,NA,NA
O_lurida,21,No Tide,18,23,0,Alive,15_21,NA,NA
O_lurida,21,No Tide,18,24,0,Alive,15_21,NA,NA
O_lurida,21,No Tide,18,25,0,Alive,15_21,NA,NA
O_lurida,21,No Tide,18,26,0,Alive,15_21,NA,NA
O_lurida,21,No Tide,18,27,0,Alive,15_21,NA,NA
O_lurida,21,No Tide,18,28,0,Alive,15_21,NA,NA
O_lurida,21,No Tide,18,29,0,Alive,15_21,NA,NA
O_lurida,21,No Tide,18,30,0,Alive,15_21,NA,NA
O_lurida,21,No Tide,18,31,0,Alive,15_21,NA,NA
O_lurida,21,No Tide,18,32,0,Alive,15_21,NA,NA
O_lurida,21,No Tide,18,33,0,Alive,15_21,NA,NA
O_lurida,21,No Tide,18,34,0,Alive,15_21,NA,NA
O_lurida,21,No Tide,18,35,0,Alive,15_21,NA,NA
O_lurida,21,No Tide,18,36,0,Alive,15_21,NA,NA
O_lurida,21,No Tide,18,37,0,Alive,15_21,NA,NA
O_lurida,21,No Tide,18,38,0,Alive,15_21,NA,NA
O_lurida,21,No Tide,18,39,0,Alive,15_21,NA,NA
O_lurida,21,No Tide,18,40,0,Alive,15_21,NA,NA
O_lurida,21,No Tide,18,41,0,Alive,18_24,NA,NA
O_lurida,21,No Tide,18,42,0,Alive,18_24,NA,NA
O_lurida,21,No Tide,18,43,0,Alive,18_24,NA,NA
O_lurida,21,No Tide,18,44,0,Alive,18_24,NA,NA
O_lurida,21,No Tide,18,45,0,Alive,18_24,NA,NA
O_lurida,21,No Tide,18,46,0,Alive,18_24,NA,NA
O_lurida,21,No Tide,18,47,0,Alive,18_24,NA,NA
O_lurida,21,No Tide,18,48,0,Alive,18_24,NA,NA
O_lurida,21,No Tide,18,49,0,Alive,18_24,NA,NA
O_lurida,21,No Tide,18,50,0,Alive,18_24,NA,NA
O_lurida,21,No Tide,18,51,0,Alive,18_24,NA,NA
O_lurida,21,No Tide,18,52,0,Alive,18_24,NA,NA
O_lurida,21,No Tide,18,53,0,Alive,18_24,NA,NA
O_lurida,21,No Tide,18,54,0,Alive,18_24,NA,NA
O_lurida,21,No Tide,18,55,0,Alive,18_24,NA,NA
O_lurida,21,No Tide,18,56,0,Alive,18_24,NA,NA
O_lurida,21,No Tide,18,57,0,Alive,18_24,NA,NA
O_lurida,21,No Tide,18,58,0,Alive,18_24,NA,NA
O_lurida,21,No Tide,18,59,0,Alive,18_24,NA,NA
O_lurida,21,No Tide,18,60,0,Alive,18_24,NA,NA
O_lurida,21,No Tide,18,61,0,Alive,18_24,NA,NA
O_lurida,21,No Tide,18,62,0,Alive,18_24,NA,NA
O_lurida,21,No Tide,18,63,0,Alive,18_24,NA,NA
O_lurida,21,No Tide,18,64,0,Alive,18_24,NA,NA
O_lurida,21,No Tide,18,65,0,Alive,18_24,NA,NA
O_lurida,21,No Tide,18,66,0,Alive,18_24,NA,NA
O_lurida,21,No Tide,18,67,0,Alive,18_24,NA,NA
O_lurida,21,No Tide,18,68,0,Alive,18_24,NA,NA
O_lurida,21,No Tide,18,69,0,Alive,18_24,NA,NA
O_lurida,21,No Tide,18,70,0,Alive,18_24,NA,NA
O_lurida,21,No Tide,18,71,0,Alive,18_24,NA,NA
O_lurida,21,No Tide,18,72,0,Alive,18_24,NA,NA
O_lurida,21,No Tide,18,73,0,Alive,18_24,NA,NA
O_lurida,21,No Tide,18,74,0,Alive,18_24,NA,NA
O_lurida,21,No Tide,18,75,0,Alive,18_24,NA,NA
O_lurida,21,No Tide,18,76,0,Alive,18_24,NA,NA
O_lurida,21,No Tide,18,77,0,Alive,18_24,NA,NA
O_lurida,21,No Tide,18,78,0,Alive,18_24,NA,NA
O_lurida,21,No Tide,18,79,0,Alive,18_24,NA,NA
O_lurida,21,No Tide,18,80,0,Alive,18_24,NA,NA
O_lurida,21,No Tide,19,1,1,Dead,15_21,15,3/10/2022
O_lurida,21,No Tide,19,2,0,Alive,15_21,NA,NA
O_lurida,21,No Tide,19,3,0,Alive,15_21,NA,NA
O_lurida,21,No Tide,19,4,0,Alive,15_21,NA,NA
O_lurida,21,No Tide,19,5,0,Alive,15_21,NA,NA
O_lurida,21,No Tide,19,6,0,Alive,15_21,NA,NA
O_lurida,21,No Tide,19,7,0,Alive,15_21,NA,NA
O_lurida,21,No Tide,19,8,0,Alive,15_21,NA,NA
O_lurida,21,No Tide,19,9,0,Alive,15_21,NA,NA
O_lurida,21,No Tide,19,10,0,Alive,15_21,NA,NA
O_lurida,21,No Tide,19,11,0,Alive,15_21,NA,NA
O_lurida,21,No Tide,19,12,0,Alive,15_21,NA,NA
O_lurida,21,No Tide,19,13,0,Alive,15_21,NA,NA
O_lurida,21,No Tide,19,14,0,Alive,15_21,NA,NA
O_lurida,21,No Tide,19,15,0,Alive,15_21,NA,NA
O_lurida,21,No Tide,19,16,0,Alive,15_21,NA,NA
O_lurida,21,No Tide,19,17,0,Alive,15_21,NA,NA
O_lurida,21,No Tide,19,18,0,Alive,15_21,NA,NA
O_lurida,21,No Tide,19,19,0,Alive,15_21,NA,NA
O_lurida,21,No Tide,19,20,0,Alive,15_21,NA,NA
O_lurida,21,No Tide,19,21,0,Alive,15_21,NA,NA
O_lurida,21,No Tide,19,22,0,Alive,15_21,NA,NA
O_lurida,21,No Tide,19,23,0,Alive,15_21,NA,NA
O_lurida,21,No Tide,19,24,0,Alive,15_21,NA,NA
O_lurida,21,No Tide,19,25,0,Alive,15_21,NA,NA
O_lurida,21,No Tide,19,26,0,Alive,15_21,NA,NA
O_lurida,21,No Tide,19,27,0,Alive,15_21,NA,NA
O_lurida,21,No Tide,19,28,0,Alive,15_21,NA,NA
O_lurida,21,No Tide,19,29,0,Alive,15_21,NA,NA
O_lurida,21,No Tide,19,30,0,Alive,15_21,NA,NA
O_lurida,21,No Tide,19,31,0,Alive,15_21,NA,NA
O_lurida,21,No Tide,19,32,0,Alive,15_21,NA,NA
O_lurida,21,No Tide,19,33,0,Alive,15_21,NA,NA
O_lurida,21,No Tide,19,34,0,Alive,15_21,NA,NA
O_lurida,21,No Tide,19,35,0,Alive,15_21,NA,NA
O_lurida,21,No Tide,19,36,0,Alive,15_21,NA,NA
O_lurida,21,No Tide,19,37,0,Alive,15_21,NA,NA
O_lurida,21,No Tide,19,38,0,Alive,15_21,NA,NA
O_lurida,21,No Tide,19,39,0,Alive,15_21,NA,NA
O_lurida,21,No Tide,19,40,0,Alive,15_21,NA,NA
O_lurida,21,No Tide,19,41,0,Alive,18_24,NA,NA
O_lurida,21,No Tide,19,42,0,Alive,18_24,NA,NA
O_lurida,21,No Tide,19,43,0,Alive,18_24,NA,NA
O_lurida,21,No Tide,19,44,0,Alive,18_24,NA,NA
O_lurida,21,No Tide,19,45,0,Alive,18_24,NA,NA
O_lurida,21,No Tide,19,46,0,Alive,18_24,NA,NA
O_lurida,21,No Tide,19,47,0,Alive,18_24,NA,NA
O_lurida,21,No Tide,19,48,0,Alive,18_24,NA,NA
O_lurida,21,No Tide,19,49,0,Alive,18_24,NA,NA
O_lurida,21,No Tide,19,50,0,Alive,18_24,NA,NA
O_lurida,21,No Tide,19,51,0,Alive,18_24,NA,NA
O_lurida,21,No Tide,19,52,0,Alive,18_24,NA,NA
O_lurida,21,No Tide,19,53,0,Alive,18_24,NA,NA
O_lurida,21,No Tide,19,54,0,Alive,18_24,NA,NA
O_lurida,21,No Tide,19,55,0,Alive,18_24,NA,NA
O_lurida,21,No Tide,19,56,0,Alive,18_24,NA,NA
O_lurida,21,No Tide,19,57,0,Alive,18_24,NA,NA
O_lurida,21,No Tide,19,58,0,Alive,18_24,NA,NA
O_lurida,21,No Tide,19,59,0,Alive,18_24,NA,NA
O_lurida,21,No Tide,19,60,0,Alive,18_24,NA,NA
O_lurida,21,No Tide,19,61,0,Alive,18_24,NA,NA
O_lurida,21,No Tide,19,62,0,Alive,18_24,NA,NA
O_lurida,21,No Tide,19,63,0,Alive,18_24,NA,NA
O_lurida,21,No Tide,19,64,0,Alive,18_24,NA,NA
O_lurida,21,No Tide,19,65,0,Alive,18_24,NA,NA
O_lurida,21,No Tide,19,66,0,Alive,18_24,NA,NA
O_lurida,21,No Tide,19,67,0,Alive,18_24,NA,NA
O_lurida,21,No Tide,19,68,0,Alive,18_24,NA,NA
O_lurida,21,No Tide,19,69,0,Alive,18_24,NA,NA
O_lurida,21,No Tide,19,70,0,Alive,18_24,NA,NA
O_lurida,21,No Tide,19,71,0,Alive,18_24,NA,NA
O_lurida,21,No Tide,19,72,0,Alive,18_24,NA,NA
O_lurida,21,No Tide,19,73,0,Alive,18_24,NA,NA
O_lurida,21,No Tide,19,74,0,Alive,18_24,NA,NA
O_lurida,21,No Tide,19,75,0,Alive,18_24,NA,NA
O_lurida,21,No Tide,19,76,0,Alive,18_24,NA,NA
O_lurida,21,No Tide,19,77,0,Alive,18_24,NA,NA
O_lurida,21,No Tide,19,78,0,Alive,18_24,NA,NA
O_lurida,21,No Tide,19,79,0,Alive,18_24,NA,NA
O_lurida,21,No Tide,19,80,0,Alive,18_24,NA,NA
O_lurida,21,No Tide,20,1,0,Alive,15_21,NA,NA
O_lurida,21,No Tide,20,2,0,Alive,15_21,NA,NA
O_lurida,21,No Tide,20,3,0,Alive,15_21,NA,NA
O_lurida,21,No Tide,20,4,0,Alive,15_21,NA,NA
O_lurida,21,No Tide,20,5,0,Alive,15_21,NA,NA
O_lurida,21,No Tide,20,6,0,Alive,15_21,NA,NA
O_lurida,21,No Tide,20,7,0,Alive,15_21,NA,NA
O_lurida,21,No Tide,20,8,0,Alive,15_21,NA,NA
O_lurida,21,No Tide,20,9,0,Alive,15_21,NA,NA
O_lurida,21,No Tide,20,10,0,Alive,15_21,NA,NA
O_lurida,21,No Tide,20,11,0,Alive,15_21,NA,NA
O_lurida,21,No Tide,20,12,0,Alive,15_21,NA,NA
O_lurida,21,No Tide,20,13,0,Alive,15_21,NA,NA
O_lurida,21,No Tide,20,14,0,Alive,15_21,NA,NA
O_lurida,21,No Tide,20,15,0,Alive,15_21,NA,NA
O_lurida,21,No Tide,20,16,0,Alive,15_21,NA,NA
O_lurida,21,No Tide,20,17,0,Alive,15_21,NA,NA
O_lurida,21,No Tide,20,18,0,Alive,15_21,NA,NA
O_lurida,21,No Tide,20,19,0,Alive,15_21,NA,NA
O_lurida,21,No Tide,20,20,0,Alive,15_21,NA,NA
O_lurida,21,No Tide,20,21,0,Alive,15_21,NA,NA
O_lurida,21,No Tide,20,22,0,Alive,15_21,NA,NA
O_lurida,21,No Tide,20,23,0,Alive,15_21,NA,NA
O_lurida,21,No Tide,20,24,0,Alive,15_21,NA,NA
O_lurida,21,No Tide,20,25,0,Alive,15_21,NA,NA
O_lurida,21,No Tide,20,26,0,Alive,15_21,NA,NA
O_lurida,21,No Tide,20,27,0,Alive,15_21,NA,NA
O_lurida,21,No Tide,20,28,0,Alive,15_21,NA,NA
O_lurida,21,No Tide,20,29,0,Alive,15_21,NA,NA
O_lurida,21,No Tide,20,30,0,Alive,15_21,NA,NA
O_lurida,21,No Tide,20,31,0,Alive,15_21,NA,NA
O_lurida,21,No Tide,20,32,0,Alive,15_21,NA,NA
O_lurida,21,No Tide,20,33,0,Alive,15_21,NA,NA
O_lurida,21,No Tide,20,34,0,Alive,15_21,NA,NA
O_lurida,21,No Tide,20,35,0,Alive,15_21,NA,NA
O_lurida,21,No Tide,20,36,0,Alive,15_21,NA,NA
O_lurida,21,No Tide,20,37,0,Alive,15_21,NA,NA
O_lurida,21,No Tide,20,38,0,Alive,15_21,NA,NA
O_lurida,21,No Tide,20,39,0,Alive,15_21,NA,NA
O_lurida,21,No Tide,20,40,0,Alive,15_21,NA,NA
O_lurida,21,No Tide,20,41,0,Alive,18_24,NA,NA
O_lurida,21,No Tide,20,42,0,Alive,18_24,NA,NA
O_lurida,21,No Tide,20,43,0,Alive,18_24,NA,NA
O_lurida,21,No Tide,20,44,0,Alive,18_24,NA,NA
O_lurida,21,No Tide,20,45,0,Alive,18_24,NA,NA
O_lurida,21,No Tide,20,46,0,Alive,18_24,NA,NA
O_lurida,21,No Tide,20,47,0,Alive,18_24,NA,NA
O_lurida,21,No Tide,20,48,0,Alive,18_24,NA,NA
O_lurida,21,No Tide,20,49,0,Alive,18_24,NA,NA
O_lurida,21,No Tide,20,50,0,Alive,18_24,NA,NA
O_lurida,21,No Tide,20,51,0,Alive,18_24,NA,NA
O_lurida,21,No Tide,20,52,0,Alive,18_24,NA,NA
O_lurida,21,No Tide,20,53,0,Alive,18_24,NA,NA
O_lurida,21,No Tide,20,54,0,Alive,18_24,NA,NA
O_lurida,21,No Tide,20,55,0,Alive,18_24,NA,NA
O_lurida,21,No Tide,20,56,0,Alive,18_24,NA,NA
O_lurida,21,No Tide,20,57,0,Alive,18_24,NA,NA
O_lurida,21,No Tide,20,58,0,Alive,18_24,NA,NA
O_lurida,21,No Tide,20,59,0,Alive,18_24,NA,NA
O_lurida,21,No Tide,20,60,0,Alive,18_24,NA,NA
O_lurida,21,No Tide,20,61,0,Alive,18_24,NA,NA
O_lurida,21,No Tide,20,62,0,Alive,18_24,NA,NA
O_lurida,21,No Tide,20,63,0,Alive,18_24,NA,NA
O_lurida,21,No Tide,20,64,0,Alive,18_24,NA,NA
O_lurida,21,No Tide,20,65,0,Alive,18_24,NA,NA
O_lurida,21,No Tide,20,66,0,Alive,18_24,NA,NA
O_lurida,21,No Tide,20,67,0,Alive,18_24,NA,NA
O_lurida,21,No Tide,20,68,0,Alive,18_24,NA,NA
O_lurida,21,No Tide,20,69,0,Alive,18_24,NA,NA
O_lurida,21,No Tide,20,70,0,Alive,18_24,NA,NA
O_lurida,21,No Tide,20,71,0,Alive,18_24,NA,NA
O_lurida,21,No Tide,20,72,0,Alive,18_24,NA,NA
O_lurida,21,No Tide,20,73,0,Alive,18_24,NA,NA
O_lurida,21,No Tide,20,74,0,Alive,18_24,NA,NA
O_lurida,21,No Tide,20,75,0,Alive,18_24,NA,NA
O_lurida,21,No Tide,20,76,0,Alive,18_24,NA,NA
O_lurida,21,No Tide,20,77,0,Alive,18_24,NA,NA
O_lurida,21,No Tide,20,78,0,Alive,18_24,NA,NA
O_lurida,21,No Tide,20,79,0,Alive,18_24,NA,NA
O_lurida,21,No Tide,20,80,0,Alive,18_24,NA,NA
