Species,Day,Date,Rep,SH_Tide,SH_Temp,MHW,Tank,W,L
Ostrea lurida,19,NA,8,No Tide,21,15,1,2.487,3.632
Ostrea lurida,19,NA,3,Tide,21,15,1,2.679,3.814
Ostrea lurida,19,NA,7,No Tide,21,18,7,2.706,4.084
Ostrea lurida,19,NA,3,Tide,21,18,6,2.765,4.056
Ostrea lurida,19,NA,5,Tide,15,21,17,2.857,3.989
Ostrea lurida,19,NA,8,No Tide,21,15,4,2.924,4.031
Ostrea lurida,19,NA,6,No Tide,15,24,15,2.98,4.039
Ostrea lurida,19,NA,7,Tide,15,15,5,3.032,5.687
Ostrea lurida,19,NA,7,Tide,21,24,14,3.069,3.271
Ostrea lurida,19,NA,5,No Tide,21,18,8,3.075,4.96
Ostrea lurida,19,NA,9,No Tide,21,18,10,3.082,3.94
Ostrea lurida,19,NA,9,No Tide,21,24,11,3.088,4.581
Ostrea lurida,19,NA,7,No Tide,15,15,3,3.119,4.335
Ostrea lurida,19,NA,10,No Tide,21,24,11,3.12,4.069
Ostrea lurida,19,NA,7,Tide,21,24,11,3.131,5.052
Ostrea lurida,19,NA,6,Tide,21,15,1,3.152,4.9
Ostrea lurida,19,NA,5,No Tide,15,21,18,3.169,4.907
Ostrea lurida,19,NA,7,No Tide,21,21,19,3.192,5.269
Ostrea lurida,19,NA,1,No Tide,15,21,17,3.23,5.11
Ostrea lurida,19,NA,3,No Tide,21,24,12,3.238,4.631
Ostrea lurida,19,NA,6,Tide,21,24,11,3.24,4.226
Ostrea lurida,19,NA,9,Tide,21,18,7,3.241,4.626
Ostrea lurida,19,NA,9,No Tide,15,15,1,3.259,5.192
Ostrea lurida,19,NA,6,No Tide,21,18,10,3.259,5.255
Ostrea lurida,19,NA,10,No Tide,15,15,1,3.303,4.944
Ostrea lurida,19,NA,9,Tide,15,18,9,3.304,4.614
Ostrea lurida,19,NA,4,No Tide,15,18,9,3.322,3.47
Ostrea lurida,19,NA,1,Tide,21,15,5,3.33,4.495
Ostrea lurida,19,NA,6,Tide,21,21,17,3.334,4.711
Ostrea lurida,19,NA,6,No Tide,15,18,6,3.342,4.804
Ostrea lurida,19,NA,10,Tide,21,18,9,3.346,4.636
Ostrea lurida,19,NA,1,Tide,15,21,17,3.358,4.408
Ostrea lurida,19,NA,7,Tide,15,18,7,3.36,4.244
Ostrea lurida,19,NA,2,No Tide,21,21,18,3.362,5.06
Ostrea lurida,19,NA,4,Tide,15,18,10,3.372,4.892
Ostrea lurida,19,NA,9,Tide,21,15,2,3.41,5.495
Ostrea lurida,19,NA,5,No Tide,15,18,10,3.42,4.085
Ostrea lurida,19,NA,8,Tide,15,24,11,3.424,5.736
Ostrea lurida,19,NA,8,No Tide,21,24,11,3.444,4.062
Ostrea lurida,19,NA,8,No Tide,21,18,10,3.45,4.627
Ostrea lurida,19,NA,7,Tide,21,18,7,3.875,3.459
Ostrea lurida,19,NA,5,No Tide,21,18,7,3.467,5.747
Ostrea lurida,19,NA,5,Tide,21,24,14,3.48,4.763
Ostrea lurida,19,NA,2,Tide,21,18,7,3.481,4.686
Ostrea lurida,19,NA,5,Tide,21,24,15,3.484,5.071
Ostrea lurida,19,NA,9,No Tide,15,18,7,3.497,4.968
Ostrea lurida,19,NA,1,No Tide,21,21,19,3.503,5.63
Ostrea lurida,19,NA,1,Tide,21,21,17,3.523,5.484
Ostrea lurida,19,NA,9,Tide,15,24,11,3.525,4.54
Ostrea lurida,19,NA,3,No Tide,21,15,2,3.571,6.148
Ostrea lurida,19,NA,2,No Tide,15,18,9,3.594,4.418
Ostrea lurida,19,NA,3,No Tide,21,24,11,3.612,4.774
Ostrea lurida,19,NA,7,No Tide,21,18,6,3.628,5.476
Ostrea lurida,19,NA,3,Tide,15,15,4,3.639,5.253
Ostrea lurida,19,NA,2,No Tide,15,18,10,3.639,3.969
Ostrea lurida,19,NA,3,No Tide,15,21,19,3.643,5.469
Ostrea lurida,19,NA,5,Tide,21,24,11,3.653,4.851
Ostrea lurida,19,NA,8,Tide,21,18,9,3.666,5.029
Ostrea lurida,19,NA,5,Tide,15,21,18,3.67,6.372
Ostrea lurida,19,NA,10,Tide,15,24,13,3.678,5.074
Ostrea lurida,19,NA,8,Tide,15,21,17,3.681,4.54
Ostrea lurida,19,NA,1,Tide,15,21,19,3.681,5.014
Ostrea lurida,19,NA,8,No Tide,15,15,5,3.686,4.863
Ostrea lurida,19,NA,10,Tide,21,21,17,3.687,4.46
Ostrea lurida,19,NA,2,No Tide,21,24,14,3.699,4.734
Ostrea lurida,19,NA,8,Tide,15,18,6,3.71,4.625
Ostrea lurida,19,NA,4,Tide,21,24,11,3.718,4.777
Ostrea lurida,19,NA,8,No Tide,15,21,19,3.72,5.038
Ostrea lurida,19,NA,8,No Tide,15,24,15,3.723,5.605
Ostrea lurida,19,NA,9,Tide,21,15,5,3.725,4.62
Ostrea lurida,19,NA,3,No Tide,15,18,7,3.726,4.217
Ostrea lurida,19,NA,10,Tide,21,21,18,3.749,5.896
Ostrea lurida,19,NA,9,Tide,21,24,14,3.754,4.325
Ostrea lurida,19,NA,5,No Tide,21,18,10,3.76,5.509
Ostrea lurida,19,NA,5,Tide,21,18,6,3.764,4.932
Ostrea lurida,19,NA,1,No Tide,15,21,19,3.767,4.973
Ostrea lurida,19,NA,2,Tide,21,21,16,3.777,4.581
Ostrea lurida,19,NA,2,Tide,15,21,19,3.779,6.399
Ostrea lurida,19,NA,2,Tide,15,24,11,3.795,5.423
Ostrea lurida,19,NA,2,Tide,15,24,15,3.795,4.365
Ostrea lurida,19,NA,10,Tide,15,21,20,3.795,6.078
Ostrea lurida,19,NA,10,No Tide,21,24,14,3.802,6.46
Ostrea lurida,19,NA,1,Tide,21,24,14,3.803,4.773
Ostrea lurida,19,NA,8,Tide,15,18,7,3.82,4.385
Ostrea lurida,19,NA,5,No Tide,21,24,14,3.823,5.367
Ostrea lurida,19,NA,3,Tide,21,21,20,3.825,5.815
Ostrea lurida,19,NA,10,No Tide,21,15,2,3.827,7.609
Ostrea lurida,19,NA,6,No Tide,21,21,17,3.828,4.405
Ostrea lurida,19,NA,2,Tide,15,18,6,3.829,6
Ostrea lurida,19,NA,2,No Tide,15,24,15,3.83,5.759
Ostrea lurida,19,NA,6,Tide,15,24,14,3.835,5.302
Ostrea lurida,19,NA,6,Tide,21,24,15,3.837,4.735
Ostrea lurida,19,NA,7,No Tide,15,18,10,3.842,4.944
Ostrea lurida,19,NA,1,Tide,21,18,6,3.848,4.606
Ostrea lurida,19,NA,4,No Tide,21,18,9,3.853,5.251
Ostrea lurida,19,NA,4,No Tide,21,18,7,3.857,4.201
Ostrea lurida,19,NA,1,Tide,15,15,2,3.86,5.272
Ostrea lurida,19,NA,7,No Tide,15,18,6,3.863,5.459
Ostrea lurida,19,NA,5,Tide,21,18,10,3.87,4.778
Ostrea lurida,19,NA,10,No Tide,15,24,14,3.871,5.752
Ostrea lurida,19,NA,2,Tide,21,18,6,3.874,4.732
Ostrea lurida,19,NA,4,No Tide,15,21,17,3.874,5.934
Ostrea lurida,19,NA,4,Tide,21,24,12,3.88,5.75
Ostrea lurida,19,NA,5,Tide,15,21,19,3.891,5.218
Ostrea lurida,19,NA,3,Tide,15,18,10,3.904,5.559
Ostrea lurida,19,NA,2,Tide,21,24,11,3.985,3.904
Ostrea lurida,19,NA,3,No Tide,21,21,18,3.912,6.389
Ostrea lurida,19,NA,4,Tide,21,21,17,3.918,5.296
Ostrea lurida,19,NA,1,Tide,15,21,20,3.919,6.596
Ostrea lurida,19,NA,7,Tide,15,15,2,3.93,6.381
Ostrea lurida,19,NA,9,Tide,15,15,5,3.935,4.703
Ostrea lurida,19,NA,10,No Tide,15,15,3,3.938,6.376
Ostrea lurida,19,NA,1,No Tide,21,18,7,3.938,5.571
Ostrea lurida,19,NA,5,Tide,21,15,5,3.94,4.829
Ostrea lurida,19,NA,5,No Tide,21,18,6,3.942,5.429
Ostrea lurida,19,NA,10,Tide,21,18,8,3.942,5.191
Ostrea lurida,19,NA,7,Tide,21,15,1,3.947,5.431
Ostrea lurida,19,NA,10,Tide,21,15,2,3.948,5.556
Ostrea lurida,19,NA,10,No Tide,21,24,12,3.948,4.316
Ostrea lurida,19,NA,3,No Tide,21,21,17,3.962,4.724
Ostrea lurida,19,NA,4,Tide,21,15,5,3.963,5.916
Ostrea lurida,19,NA,4,No Tide,21,15,4,3.965,6.352
Ostrea lurida,19,NA,7,Tide,21,15,4,3.967,5.524
Ostrea lurida,19,NA,4,Tide,21,18,7,3.971,5.913
Ostrea lurida,19,NA,2,Tide,15,24,14,3.98,6.217
Ostrea lurida,19,NA,5,No Tide,21,15,5,3.981,6.308
Ostrea lurida,19,NA,5,Tide,15,15,3,3.983,5.8
Ostrea lurida,19,NA,6,Tide,21,18,7,3.987,5.173
Ostrea lurida,19,NA,7,No Tide,21,15,4,3.989,5.011
Ostrea lurida,19,NA,9,No Tide,15,21,20,3.997,5.546
Ostrea lurida,19,NA,1,No Tide,21,18,10,3.998,7.031
Ostrea lurida,19,NA,7,No Tide,15,24,14,3.999,4.293
Ostrea lurida,19,NA,10,No Tide,21,15,3,4.006,5.4
Ostrea lurida,19,NA,3,Tide,21,15,4,4.014,4.441
Ostrea lurida,19,NA,10,Tide,15,18,7,4.025,6.872
Ostrea lurida,19,NA,1,No Tide,15,24,12,4.025,5.023
Ostrea lurida,19,NA,9,Tide,15,15,4,4.028,5.917
Ostrea lurida,19,NA,8,No Tide,21,15,2,4.032,5.468
Ostrea lurida,19,NA,8,No Tide,21,24,14,4.033,5.302
Ostrea lurida,19,NA,7,Tide,15,21,17,4.039,5.851
Ostrea lurida,19,NA,2,Tide,21,18,8,4.044,4.916
Ostrea lurida,19,NA,9,Tide,15,18,10,4.048,5.767
Ostrea lurida,19,NA,1,Tide,21,21,18,4.048,6.32
Ostrea lurida,19,NA,3,Tide,21,24,12,4.053,6.825
Ostrea lurida,19,NA,8,Tide,21,15,4,4.056,4.978
Ostrea lurida,19,NA,8,No Tide,15,18,10,4.062,4.728
Ostrea lurida,19,NA,8,Tide,21,24,11,4.064,5.059
Ostrea lurida,19,NA,10,Tide,15,15,5,4.068,4.916
Ostrea lurida,19,NA,5,Tide,21,15,1,4.07,5.647
Ostrea lurida,19,NA,3,Tide,21,18,9,4.071,5.072
Ostrea lurida,19,NA,6,Tide,15,21,17,4.071,5.005
Ostrea lurida,19,NA,1,Tide,21,18,7,4.074,5.537
Ostrea lurida,19,NA,6,No Tide,15,24,11,4.074,5.469
Ostrea lurida,19,NA,10,Tide,15,15,3,4.075,6.779
Ostrea lurida,19,NA,4,No Tide,21,24,14,4.075,5.168
Ostrea lurida,19,NA,2,No Tide,21,15,1,4.761,4.077
Ostrea lurida,19,NA,9,No Tide,21,15,5,4.077,6.798
Ostrea lurida,19,NA,6,No Tide,21,24,15,4.078,4.828
Ostrea lurida,19,NA,4,No Tide,21,24,13,4.082,6.136
Ostrea lurida,19,NA,6,Tide,21,18,6,4.084,5.785
Ostrea lurida,19,NA,6,Tide,15,18,6,4.086,6.717
Ostrea lurida,19,NA,10,No Tide,21,21,20,4.091,6.142
Ostrea lurida,19,NA,2,Tide,21,24,12,4.095,4.742
Ostrea lurida,19,NA,6,Tide,15,15,2,4.1,6.827
Ostrea lurida,19,NA,9,Tide,15,21,19,4.101,5.13
Ostrea lurida,19,NA,3,Tide,15,21,19,4.104,4.883
Ostrea lurida,19,NA,4,No Tide,15,24,15,4.197,4.105
Ostrea lurida,19,NA,9,Tide,21,15,1,4.111,7.355
Ostrea lurida,19,NA,3,Tide,21,15,3,4.111,5.339
Ostrea lurida,19,NA,3,Tide,21,21,16,4.112,6.455
Ostrea lurida,19,NA,5,Tide,21,21,16,4.115,5.826
Ostrea lurida,19,NA,7,Tide,21,21,18,4.116,5.319
Ostrea lurida,19,NA,2,Tide,21,15,5,4.119,6.645
Ostrea lurida,19,NA,5,No Tide,15,21,19,4.12,5.31
Ostrea lurida,19,NA,7,No Tide,15,21,17,4.123,4.811
Ostrea lurida,19,NA,9,Tide,21,24,13,4.124,7.558
Ostrea lurida,19,NA,1,Tide,15,15,1,4.13,6.851
Ostrea lurida,19,NA,8,Tide,21,18,6,4.13,4.943
Ostrea lurida,19,NA,4,Tide,21,21,18,4.133,4.462
Ostrea lurida,19,NA,10,No Tide,21,24,15,4.141,5.326
Ostrea lurida,19,NA,8,Tide,15,24,14,4.147,6.64
Ostrea lurida,19,NA,9,No Tide,21,15,2,4.156,4.867
Ostrea lurida,19,NA,2,No Tide,21,18,9,4.161,5.464
Ostrea lurida,19,NA,7,No Tide,15,24,15,4.167,6.217
Ostrea lurida,19,NA,2,Tide,15,15,1,4.173,4.251
Ostrea lurida,19,NA,8,No Tide,21,24,15,4.174,5.897
Ostrea lurida,19,NA,6,No Tide,21,15,5,4.177,5.903
Ostrea lurida,19,NA,9,Tide,21,18,9,4.179,5.427
Ostrea lurida,19,NA,4,Tide,15,15,4,4.187,5.657
Ostrea lurida,19,NA,7,Tide,21,18,6,4.191,4.924
Ostrea lurida,19,NA,1,Tide,21,24,15,4.195,5.188
Ostrea lurida,19,NA,2,No Tide,15,18,7,4.205,4.496
Ostrea lurida,19,NA,1,Tide,21,15,4,4.21,4.723
Ostrea lurida,19,NA,1,No Tide,15,18,7,4.211,5.871
Ostrea lurida,19,NA,1,No Tide,21,24,15,4.212,5.217
Ostrea lurida,19,NA,2,No Tide,15,21,17,4.214,4.444
Ostrea lurida,19,NA,7,Tide,21,24,13,4.215,6.404
Ostrea lurida,19,NA,8,No Tide,21,21,20,4.215,5.129
Ostrea lurida,19,NA,2,Tide,15,15,2,4.217,5.944
Ostrea lurida,19,NA,5,Tide,15,18,9,4.219,6.622
Ostrea lurida,19,NA,8,No Tide,15,21,17,4.219,4.601
Ostrea lurida,19,NA,5,No Tide,15,18,7,4.229,5.643
Ostrea lurida,19,NA,3,No Tide,21,18,9,4.235,6.139
Ostrea lurida,19,NA,4,Tide,21,18,10,4.237,5.264
Ostrea lurida,19,NA,7,No Tide,15,18,9,4.239,5.132
Ostrea lurida,19,NA,6,Tide,21,15,2,8.178,4.243
Ostrea lurida,19,NA,2,No Tide,21,18,8,4.246,5.403
Ostrea lurida,19,NA,9,Tide,15,24,13,4.247,5.458
Ostrea lurida,19,NA,5,No Tide,15,18,9,4.25,5.517
Ostrea lurida,19,NA,4,Tide,21,18,6,4.262,7.744
Ostrea lurida,19,NA,2,Tide,21,21,19,4.269,5.147
Ostrea lurida,19,NA,10,No Tide,15,21,19,4.27,6.35
Ostrea lurida,19,NA,7,No Tide,21,21,17,4.271,5.816
Ostrea lurida,19,NA,5,No Tide,15,15,5,4.276,6.284
Ostrea lurida,19,NA,3,Tide,15,21,16,4.283,6.578
Ostrea lurida,19,NA,3,No Tide,15,21,16,4.283,6.205
Ostrea lurida,19,NA,9,No Tide,15,18,6,4.284,6.317
Ostrea lurida,19,NA,4,No Tide,21,24,12,4.287,5.726
Ostrea lurida,19,NA,4,Tide,15,24,15,4.287,5.019
Ostrea lurida,19,NA,5,No Tide,15,15,1,4.289,6.84
Ostrea lurida,19,NA,10,Tide,21,15,1,4.624,4.293
Ostrea lurida,19,NA,10,No Tide,15,21,16,4.293,5.258
Ostrea lurida,19,NA,2,Tide,15,15,5,4.295,5.122
Ostrea lurida,19,NA,1,Tide,21,15,1,4.303,6.29
Ostrea lurida,19,NA,3,Tide,15,24,11,4.304,6.888
Ostrea lurida,19,NA,8,Tide,21,24,13,4.304,6.29
Ostrea lurida,19,NA,4,Tide,15,18,6,4.306,5.743
Ostrea lurida,19,NA,5,No Tide,21,24,12,4.306,5.58
Ostrea lurida,19,NA,1,No Tide,15,24,13,4.311,6.224
Ostrea lurida,19,NA,5,Tide,15,24,14,4.316,4.892
Ostrea lurida,19,NA,7,Tide,21,21,17,4.319,5.246
Ostrea lurida,19,NA,1,Tide,21,24,11,4.327,5.561
Ostrea lurida,19,NA,9,No Tide,15,18,9,4.329,5.341
Ostrea lurida,19,NA,6,No Tide,21,24,12,4.335,5.398
Ostrea lurida,19,NA,6,No Tide,15,21,17,4.338,4.89
Ostrea lurida,19,NA,10,Tide,21,15,5,4.34,5.433
Ostrea lurida,19,NA,9,No Tide,21,24,12,4.346,6.012
Ostrea lurida,19,NA,1,Tide,15,18,6,4.347,6.393
Ostrea lurida,19,NA,3,Tide,21,24,13,4.348,6.549
Ostrea lurida,19,NA,8,No Tide,15,18,9,4.358,5.638
Ostrea lurida,19,NA,4,No Tide,15,24,14,4.366,5.912
Ostrea lurida,19,NA,3,Tide,21,21,17,4.366,5.679
Ostrea lurida,19,NA,5,No Tide,15,21,20,4.367,5.55
Ostrea lurida,19,NA,8,No Tide,21,21,17,4.374,5.655
Ostrea lurida,19,NA,2,Tide,21,15,1,4.378,4.98
Ostrea lurida,19,NA,5,No Tide,21,24,13,4.382,5.523
Ostrea lurida,19,NA,5,No Tide,21,15,1,4.383,6.883
Ostrea lurida,19,NA,6,Tide,21,21,18,4.387,6.586
Ostrea lurida,19,NA,2,Tide,21,18,10,4.393,6.717
Ostrea lurida,19,NA,3,No Tide,15,24,15,4.393,5.742
Ostrea lurida,19,NA,6,Tide,15,18,10,4.395,5.939
Ostrea lurida,19,NA,4,No Tide,21,24,11,4.405,4.643
Ostrea lurida,19,NA,2,Tide,21,24,15,4.406,5.995
Ostrea lurida,19,NA,8,Tide,21,21,19,4.406,5.934
Ostrea lurida,19,NA,9,Tide,15,15,3,4.411,6.267
Ostrea lurida,19,NA,10,No Tide,15,15,4,4.414,5.971
Ostrea lurida,19,NA,10,Tide,15,18,10,4.541,4.424
Ostrea lurida,19,NA,1,No Tide,21,21,18,4.44,6.64
Ostrea lurida,19,NA,9,Tide,15,18,8,4.441,5.627
Ostrea lurida,19,NA,10,No Tide,21,15,4,4.443,6.791
Ostrea lurida,19,NA,9,Tide,15,21,17,4.444,7.085
Ostrea lurida,19,NA,4,No Tide,21,21,19,4.448,6.993
Ostrea lurida,19,NA,8,Tide,15,21,19,4.453,5.539
Ostrea lurida,19,NA,3,Tide,15,21,17,4.457,6.692
Ostrea lurida,19,NA,2,Tide,15,21,20,4.458,4.791
Ostrea lurida,19,NA,8,No Tide,21,24,13,4.469,6.873
Ostrea lurida,19,NA,4,No Tide,15,15,4,4.471,7.907
Ostrea lurida,19,NA,7,No Tide,15,24,11,4.471,5.707
Ostrea lurida,19,NA,9,Tide,15,21,20,4.472,6.313
Ostrea lurida,19,NA,1,No Tide,21,15,2,4.473,7.704
Ostrea lurida,19,NA,2,Tide,15,21,17,4.473,6.031
Ostrea lurida,19,NA,8,No Tide,15,15,1,4.478,5.602
Ostrea lurida,19,NA,3,No Tide,15,24,12,4.482,6.444
Ostrea lurida,19,NA,5,No Tide,15,15,4,4.485,6.864
Ostrea lurida,19,NA,4,No Tide,15,21,20,4.486,5.394
Ostrea lurida,19,NA,7,No Tide,21,24,13,4.489,6.672
Ostrea lurida,19,NA,10,Tide,15,18,8,4.491,6.65
Ostrea lurida,19,NA,1,Tide,15,24,12,4.491,6.083
Ostrea lurida,19,NA,1,No Tide,15,24,15,4.491,6.166
Ostrea lurida,19,NA,7,No Tide,21,15,5,4.495,5.448
Ostrea lurida,19,NA,3,Tide,15,18,9,4.508,4.642
Ostrea lurida,19,NA,7,No Tide,21,24,11,4.511,5.009
Ostrea lurida,19,NA,7,No Tide,21,18,10,4.522,5.475
Ostrea lurida,19,NA,9,Tide,15,24,14,4.523,4.698
Ostrea lurida,19,NA,5,Tide,15,15,4,4.525,5.283
Ostrea lurida,19,NA,4,Tide,15,24,11,4.526,4.777
Ostrea lurida,19,NA,7,No Tide,21,24,14,4.529,5.379
Ostrea lurida,19,NA,5,Tide,21,18,7,4.531,6.023
Ostrea lurida,19,NA,5,No Tide,21,24,11,4.534,5.479
Ostrea lurida,19,NA,6,Tide,15,21,19,4.534,7.197
Ostrea lurida,19,NA,1,No Tide,15,15,2,4.535,5.857
Ostrea lurida,19,NA,5,No Tide,15,24,15,4.536,5.43
Ostrea lurida,19,NA,4,Tide,21,24,14,4.538,6.216
Ostrea lurida,19,NA,2,No Tide,21,18,10,4.545,7.01
Ostrea lurida,19,NA,4,Tide,15,18,7,4.546,5.41
Ostrea lurida,19,NA,8,Tide,15,24,15,4.547,5.421
Ostrea lurida,19,NA,7,Tide,15,21,18,4.553,6.083
Ostrea lurida,19,NA,3,Tide,15,18,6,4.556,6.687
Ostrea lurida,19,NA,8,No Tide,21,21,16,4.556,7.356
Ostrea lurida,19,NA,3,Tide,15,24,12,4.56,5.828
Ostrea lurida,19,NA,9,No Tide,15,15,5,4.562,5.768
Ostrea lurida,19,NA,5,Tide,21,18,9,4.562,6.225
Ostrea lurida,19,NA,1,Tide,15,24,14,4.564,7.123
Ostrea lurida,19,NA,9,No Tide,21,24,14,4.573,6.627
Ostrea lurida,19,NA,9,Tide,21,15,4,4.582,6.759
Ostrea lurida,19,NA,10,Tide,21,21,19,4.588,7.65
Ostrea lurida,19,NA,3,No Tide,15,18,10,4.591,5.869
Ostrea lurida,19,NA,7,Tide,21,15,5,5.585,4.594
Ostrea lurida,19,NA,7,No Tide,21,24,12,4.597,5.889
Ostrea lurida,19,NA,8,No Tide,15,15,4,4.6,5.614
Ostrea lurida,19,NA,8,Tide,15,21,16,4.607,5.354
Ostrea lurida,19,NA,2,No Tide,21,21,17,4.611,6.464
Ostrea lurida,19,NA,9,No Tide,21,21,17,4.612,6.961
Ostrea lurida,19,NA,1,Tide,21,21,20,4.618,5.065
Ostrea lurida,19,NA,4,Tide,15,21,16,4.62,5.684
Ostrea lurida,19,NA,2,Tide,21,18,9,4.621,6.207
Ostrea lurida,19,NA,7,No Tide,15,21,18,4.621,6.437
Ostrea lurida,19,NA,9,No Tide,15,15,4,4.625,6.161
Ostrea lurida,19,NA,7,Tide,21,21,20,4.628,5.631
Ostrea lurida,19,NA,3,Tide,15,18,7,4.64,6.801
Ostrea lurida,19,NA,4,No Tide,15,18,6,4.645,6.153
Ostrea lurida,19,NA,9,No Tide,15,21,19,4.645,7.61
Ostrea lurida,19,NA,9,Tide,15,21,18,4.651,5.69
Ostrea lurida,19,NA,2,No Tide,21,15,3,4.652,5.918
Ostrea lurida,19,NA,7,Tide,15,15,1,4.656,6.708
Ostrea lurida,19,NA,10,Tide,21,18,10,4.659,5.781
Ostrea lurida,19,NA,7,Tide,15,18,10,4.667,5.828
Ostrea lurida,19,NA,7,Tide,15,24,15,4.669,5.136
Ostrea lurida,19,NA,2,No Tide,21,24,15,4.669,6.667
Ostrea lurida,19,NA,9,Tide,15,21,16,4.679,5.984
Ostrea lurida,19,NA,8,Tide,21,21,18,5.047,4.684
Ostrea lurida,19,NA,5,Tide,15,15,5,4.685,4.969
Ostrea lurida,19,NA,3,Tide,21,15,2,6.148,4.694
Ostrea lurida,19,NA,7,Tide,21,18,9,4.696,5.772
Ostrea lurida,19,NA,5,Tide,15,18,10,4.698,5.957
Ostrea lurida,19,NA,6,Tide,15,21,18,4.699,6.033
Ostrea lurida,19,NA,4,No Tide,15,15,3,4.7,7.119
Ostrea lurida,19,NA,10,Tide,21,24,15,4.704,6.408
Ostrea lurida,19,NA,2,Tide,15,18,7,5.086,4.71
Ostrea lurida,19,NA,9,Tide,21,24,15,4.711,6.235
Ostrea lurida,19,NA,4,Tide,21,21,16,4.718,5.888
Ostrea lurida,19,NA,8,Tide,15,24,12,4.722,5.836
Ostrea lurida,19,NA,4,Tide,21,24,15,4.735,5.405
Ostrea lurida,19,NA,4,Tide,21,21,19,4.742,6.925
Ostrea lurida,19,NA,4,No Tide,21,15,2,4.743,7.45
Ostrea lurida,19,NA,8,No Tide,15,24,14,4.885,4.757
Ostrea lurida,19,NA,10,No Tide,21,18,6,4.765,5.948
Ostrea lurida,19,NA,3,No Tide,21,24,14,5.585,4.78
Ostrea lurida,19,NA,10,Tide,15,18,9,4.793,6.734
Ostrea lurida,19,NA,9,No Tide,15,21,18,4.793,7.181
Ostrea lurida,19,NA,7,Tide,15,21,19,4.796,8.034
Ostrea lurida,19,NA,7,No Tide,15,15,5,4.798,6.049
Ostrea lurida,19,NA,4,No Tide,21,21,18,4.799,6.287
Ostrea lurida,19,NA,2,No Tide,15,21,16,4.802,6.723
Ostrea lurida,19,NA,1,Tide,15,15,5,4.805,7.571
Ostrea lurida,19,NA,2,Tide,15,18,9,5.169,4.806
Ostrea lurida,19,NA,9,Tide,21,21,19,4.811,5.403
Ostrea lurida,19,NA,8,No Tide,15,24,11,4.817,4.841
Ostrea lurida,19,NA,3,Tide,15,21,20,4.818,5.404
Ostrea lurida,19,NA,9,No Tide,15,24,14,4.819,6.384
Ostrea lurida,19,NA,2,Tide,15,18,10,4.822,4.99
Ostrea lurida,19,NA,4,Tide,21,15,2,7.798,4.823
Ostrea lurida,19,NA,7,Tide,21,21,16,4.826,5.164
Ostrea lurida,19,NA,5,Tide,21,15,2,4.827,5.835
Ostrea lurida,19,NA,1,No Tide,15,24,14,4.937,4.827
Ostrea lurida,19,NA,2,No Tide,21,21,20,4.828,6.347
Ostrea lurida,19,NA,3,No Tide,15,24,11,4.835,5.506
Ostrea lurida,19,NA,9,No Tide,21,18,9,4.836,5.969
Ostrea lurida,19,NA,9,No Tide,15,24,15,4.837,5.751
Ostrea lurida,19,NA,2,Tide,21,21,20,4.837,5.54
Ostrea lurida,19,NA,4,No Tide,15,24,13,4.852,5.736
Ostrea lurida,19,NA,4,No Tide,15,21,18,4.854,5.602
Ostrea lurida,19,NA,7,No Tide,21,24,15,4.857,6.362
Ostrea lurida,19,NA,4,Tide,15,21,17,4.857,5.606
Ostrea lurida,19,NA,5,Tide,15,18,7,4.858,6.112
Ostrea lurida,19,NA,8,Tide,21,24,14,4.86,5.175
Ostrea lurida,19,NA,9,No Tide,21,18,7,4.862,5.86
Ostrea lurida,19,NA,9,No Tide,21,21,18,4.865,6.347
Ostrea lurida,19,NA,1,No Tide,15,24,11,4.871,6.005
Ostrea lurida,19,NA,1,No Tide,15,15,4,4.874,7.415
Ostrea lurida,19,NA,1,Tide,21,24,12,4.896,4.874
Ostrea lurida,19,NA,4,No Tide,15,21,19,4.882,6.001
Ostrea lurida,19,NA,8,No Tide,21,21,19,4.886,5.862
Ostrea lurida,19,NA,6,No Tide,21,24,11,4.895,4.888
Ostrea lurida,19,NA,6,No Tide,21,24,14,4.892,5.659
Ostrea lurida,19,NA,8,Tide,15,15,3,4.894,6.468
Ostrea lurida,19,NA,4,Tide,21,18,9,4.895,5.696
Ostrea lurida,19,NA,2,Tide,15,24,13,4.902,6.615
Ostrea lurida,19,NA,3,No Tide,15,18,6,4.907,5.309
Ostrea lurida,19,NA,10,No Tide,15,24,11,4.908,5.145
Ostrea lurida,19,NA,1,No Tide,15,18,9,4.91,5.378
Ostrea lurida,19,NA,8,Tide,21,24,12,4.911,5.289
Ostrea lurida,19,NA,8,Tide,21,21,17,4.911,5.846
Ostrea lurida,19,NA,7,Tide,15,24,11,4.922,5.974
Ostrea lurida,19,NA,6,No Tide,15,18,10,5.297,4.934
Ostrea lurida,19,NA,1,Tide,21,21,19,4.934,5.842
Ostrea lurida,19,NA,3,Tide,15,21,18,4.94,7.404
Ostrea lurida,19,NA,4,No Tide,15,15,5,4.943,6.444
Ostrea lurida,19,NA,4,No Tide,15,18,10,4.945,8.592
Ostrea lurida,19,NA,2,No Tide,21,24,11,4.951,6.065
Ostrea lurida,19,NA,2,Tide,21,24,14,5.067,4.953
Ostrea lurida,19,NA,8,Tide,21,15,5,4.954,5.719
Ostrea lurida,19,NA,4,Tide,15,18,9,4.965,5.254
Ostrea lurida,19,NA,8,No Tide,21,21,18,4.971,5.738
Ostrea lurida,19,NA,2,Tide,15,24,12,4.974,5.258
Ostrea lurida,19,NA,8,No Tide,15,21,18,4.974,6.887
Ostrea lurida,19,NA,7,No Tide,21,15,3,4.975,7.273
Ostrea lurida,19,NA,2,No Tide,15,24,11,4.976,6.534
Ostrea lurida,19,NA,10,Tide,15,24,11,4.979,5.154
Ostrea lurida,19,NA,8,No Tide,15,24,12,4.983,6.653
Ostrea lurida,19,NA,9,No Tide,21,24,15,4.983,6.784
Ostrea lurida,19,NA,5,No Tide,15,18,6,4.986,7.321
Ostrea lurida,19,NA,5,Tide,15,24,11,4.991,5.41
Ostrea lurida,19,NA,7,No Tide,15,24,13,4.992,8.483
Ostrea lurida,19,NA,8,Tide,15,18,9,4.993,6.811
Ostrea lurida,19,NA,5,No Tide,21,15,3,4.994,6.645
Ostrea lurida,19,NA,4,No Tide,21,21,17,4.999,5.968
Ostrea lurida,19,NA,6,Tide,15,21,20,5,6.214
Ostrea lurida,19,NA,9,No Tide,15,21,17,5.004,5.57
Ostrea lurida,19,NA,8,No Tide,15,18,6,5.005,5.571
Ostrea lurida,19,NA,6,No Tide,15,18,9,5.01,5.968
Ostrea lurida,19,NA,1,Tide,15,18,9,5.016,6.446
Ostrea lurida,19,NA,5,Tide,15,15,1,5.023,5.397
Ostrea lurida,19,NA,6,Tide,15,18,7,5.025,5.904
Ostrea lurida,19,NA,9,No Tide,21,15,4,5.039,5.176
Ostrea lurida,19,NA,1,Tide,15,21,18,5.039,6.508
Ostrea lurida,19,NA,9,Tide,15,18,7,5.045,5.274
Ostrea lurida,19,NA,5,Tide,21,24,12,5.045,6.733
Ostrea lurida,19,NA,1,No Tide,15,21,20,5.052,6.646
Ostrea lurida,19,NA,4,Tide,21,15,3,5.054,6.174
Ostrea lurida,19,NA,3,No Tide,15,18,9,5.057,5.81
Ostrea lurida,19,NA,4,Tide,15,24,12,5.058,7.644
Ostrea lurida,19,NA,9,No Tide,15,21,16,5.065,5.826
Ostrea lurida,19,NA,7,No Tide,21,15,2,5.069,6.49
Ostrea lurida,19,NA,10,Tide,15,24,15,5.07,6.911
Ostrea lurida,19,NA,9,Tide,21,24,12,5.071,7.267
Ostrea lurida,19,NA,9,No Tide,15,24,11,5.078,5.91
Ostrea lurida,19,NA,3,No Tide,15,15,3,5.088,7.185
Ostrea lurida,19,NA,8,No Tide,15,21,20,5.094,6.526
Ostrea lurida,19,NA,6,Tide,21,24,13,5.101,5.758
Ostrea lurida,19,NA,2,No Tide,21,18,7,5.105,5.684
Ostrea lurida,19,NA,1,No Tide,21,24,11,5.108,8.313
Ostrea lurida,19,NA,7,No Tide,15,18,7,5.11,6.286
Ostrea lurida,19,NA,2,No Tide,15,15,3,5.116,5.676
Ostrea lurida,19,NA,7,No Tide,15,21,19,5.116,6.742
Ostrea lurida,19,NA,4,Tide,15,24,14,5.119,5.597
Ostrea lurida,19,NA,1,No Tide,15,18,10,5.12,6.024
Ostrea lurida,19,NA,6,No Tide,21,15,3,5.122,6.327
Ostrea lurida,19,NA,4,No Tide,15,21,16,5.122,7.457
Ostrea lurida,19,NA,3,No Tide,15,15,5,5.124,7.692
Ostrea lurida,19,NA,3,Tide,15,15,5,5.139,7.445
Ostrea lurida,19,NA,3,No Tide,21,18,10,5.151,5.981
Ostrea lurida,19,NA,6,No Tide,15,21,18,5.157,9.011
Ostrea lurida,19,NA,9,No Tide,15,24,13,5.168,6.926
Ostrea lurida,19,NA,5,No Tide,21,18,9,5.174,6.687
Ostrea lurida,19,NA,5,No Tide,21,15,2,5.179,6.411
Ostrea lurida,19,NA,10,No Tide,15,24,15,5.182,5.945
Ostrea lurida,19,NA,7,Tide,15,18,6,5.183,6.726
Ostrea lurida,19,NA,9,No Tide,21,21,19,5.187,5.866
Ostrea lurida,19,NA,9,No Tide,21,18,8,5.188,7.767
Ostrea lurida,19,NA,10,No Tide,21,18,7,5.195,7.219
Ostrea lurida,19,NA,5,No Tide,21,21,20,5.196,5.375
Ostrea lurida,19,NA,9,Tide,21,18,6,5.198,5.945
Ostrea lurida,19,NA,10,No Tide,15,15,2,5.199,6.249
Ostrea lurida,19,NA,9,No Tide,21,15,3,5.204,5.984
Ostrea lurida,19,NA,9,No Tide,15,18,10,5.208,7.186
Ostrea lurida,19,NA,6,No Tide,21,18,9,5.213,6.063
Ostrea lurida,19,NA,8,Tide,21,18,7,5.214,7.382
Ostrea lurida,19,NA,6,Tide,21,21,16,5.23,5.943
Ostrea lurida,19,NA,3,No Tide,21,21,20,5.234,5.642
Ostrea lurida,19,NA,9,Tide,15,15,1,5.238,5.797
Ostrea lurida,19,NA,2,No Tide,21,21,19,5.247,7.047
Ostrea lurida,19,NA,10,No Tide,15,18,9,5.248,6.093
Ostrea lurida,19,NA,10,Tide,21,18,6,5.258,6.717
Ostrea lurida,19,NA,2,No Tide,15,18,8,5.265,7.566
Ostrea lurida,19,NA,3,Tide,21,21,19,5.267,6.496
Ostrea lurida,19,NA,10,Tide,21,24,11,5.897,5.268
Ostrea lurida,19,NA,6,No Tide,21,21,18,5.268,5.881
Ostrea lurida,19,NA,9,No Tide,21,21,20,5.269,5.944
Ostrea lurida,19,NA,6,Tide,21,18,10,5.27,8.311
Ostrea lurida,19,NA,10,No Tide,21,24,13,5.274,8.3
Ostrea lurida,19,NA,5,Tide,15,15,2,5.277,7.134
Ostrea lurida,19,NA,6,Tide,15,15,1,5.286,10.068
Ostrea lurida,19,NA,3,No Tide,21,24,15,5.296,6.165
Ostrea lurida,19,NA,3,Tide,21,15,5,5.303,5.878
Ostrea lurida,19,NA,1,No Tide,21,15,1,5.304,5.913
Ostrea lurida,19,NA,2,No Tide,15,21,19,5.311,6.113
Ostrea lurida,19,NA,1,Tide,15,24,13,5.318,6.819
Ostrea lurida,19,NA,4,No Tide,21,18,6,5.331,6.869
Ostrea lurida,19,NA,10,Tide,15,21,19,5.338,7.547
Ostrea lurida,19,NA,2,Tide,15,15,4,5.34,6.732
Ostrea lurida,19,NA,3,Tide,21,24,15,5.345,7.995
Ostrea lurida,19,NA,5,Tide,21,21,17,5.347,5.77
Ostrea lurida,19,NA,7,No Tide,21,18,9,5.352,6.498
Ostrea lurida,19,NA,10,Tide,21,21,16,5.354,6.327
Ostrea lurida,19,NA,8,No Tide,21,18,7,5.357,6.496
Ostrea lurida,19,NA,10,Tide,21,24,12,5.359,6.006
Ostrea lurida,19,NA,8,No Tide,15,21,16,5.361,5.769
Ostrea lurida,19,NA,9,Tide,21,18,8,5.362,7.791
Ostrea lurida,19,NA,9,Tide,21,18,10,5.363,6.444
Ostrea lurida,19,NA,6,Tide,15,24,12,5.364,6.81
Ostrea lurida,19,NA,1,Tide,15,18,7,5.367,7.705
Ostrea lurida,19,NA,8,No Tide,15,18,7,5.372,6.366
Ostrea lurida,19,NA,7,No Tide,15,15,2,5.373,7.513
Ostrea lurida,19,NA,10,No Tide,15,18,7,5.394,5.709
Ostrea lurida,19,NA,1,No Tide,15,15,1,5.405,7.123
Ostrea lurida,19,NA,4,Tide,15,21,18,5.407,6.494
Ostrea lurida,19,NA,9,Tide,21,21,18,5.409,7.338
Ostrea lurida,19,NA,10,No Tide,15,24,13,5.414,7.186
Ostrea lurida,19,NA,3,No Tide,21,15,4,6.77,5.418
Ostrea lurida,19,NA,5,Tide,15,24,15,5.424,5.782
Ostrea lurida,19,NA,10,No Tide,21,21,17,5.428,6.276
Ostrea lurida,19,NA,6,No Tide,21,21,16,5.431,7.343
Ostrea lurida,19,NA,3,Tide,21,21,18,5.694,5.431
Ostrea lurida,19,NA,3,Tide,21,18,10,5.432,5.728
Ostrea lurida,19,NA,9,Tide,21,21,17,5.444,7.029
Ostrea lurida,19,NA,2,Tide,21,21,18,5.449,7.159
Ostrea lurida,19,NA,3,Tide,15,15,2,5.459,6.289
Ostrea lurida,19,NA,9,No Tide,21,18,6,5.459,8.071
Ostrea lurida,19,NA,3,No Tide,21,15,1,5.461,6.843
Ostrea lurida,19,NA,2,No Tide,15,18,6,5.463,6.439
Ostrea lurida,19,NA,1,No Tide,15,18,8,5.464,7.621
Ostrea lurida,19,NA,10,No Tide,21,21,19,5.465,8.795
Ostrea lurida,19,NA,2,No Tide,15,21,18,5.48,6.066
Ostrea lurida,19,NA,6,No Tide,15,24,12,5.482,6.143
Ostrea lurida,19,NA,2,No Tide,15,24,14,5.482,6.22
Ostrea lurida,19,NA,3,No Tide,21,18,6,5.483,6.797
Ostrea lurida,19,NA,3,Tide,15,24,13,5.49,5.891
Ostrea lurida,19,NA,2,No Tide,15,15,1,5.493,7.654
Ostrea lurida,19,NA,7,No Tide,15,21,20,5.505,7.347
Ostrea lurida,19,NA,6,Tide,15,18,9,5.514,6.517
Ostrea lurida,19,NA,9,Tide,15,24,15,5.516,6.908
Ostrea lurida,19,NA,6,No Tide,15,24,14,5.531,6.138
Ostrea lurida,19,NA,4,No Tide,21,15,1,5.532,7.658
Ostrea lurida,19,NA,4,Tide,21,15,4,5.534,6.667
Ostrea lurida,19,NA,8,Tide,15,18,10,5.536,6.471
Ostrea lurida,19,NA,2,No Tide,15,15,4,5.54,7.333
Ostrea lurida,19,NA,10,Tide,15,18,6,5.541,7.404
Ostrea lurida,19,NA,10,No Tide,21,18,8,5.545,7.63
Ostrea lurida,19,NA,9,Tide,21,15,3,5.556,7.497
Ostrea lurida,19,NA,1,Tide,21,18,10,5.562,7.512
Ostrea lurida,19,NA,9,No Tide,21,24,13,5.565,6.893
Ostrea lurida,19,NA,8,No Tide,15,15,3,5.566,8.012
Ostrea lurida,19,NA,2,No Tide,21,15,2,5.568,10.08
Ostrea lurida,19,NA,10,No Tide,15,21,18,5.568,5.812
Ostrea lurida,19,NA,6,No Tide,21,21,19,5.574,6.646
Ostrea lurida,19,NA,3,No Tide,15,15,2,5.576,7.139
Ostrea lurida,19,NA,2,No Tide,15,21,20,5.578,7.556
Ostrea lurida,19,NA,7,Tide,15,24,12,5.606,5.581
Ostrea lurida,19,NA,5,No Tide,21,21,17,5.591,7.229
Ostrea lurida,19,NA,10,No Tide,15,15,5,5.598,7.674
Ostrea lurida,19,NA,1,Tide,15,24,15,5.61,6.298
Ostrea lurida,19,NA,8,Tide,15,24,13,5.617,6.146
Ostrea lurida,19,NA,3,No Tide,21,18,7,5.62,6.702
Ostrea lurida,19,NA,10,Tide,21,24,13,5.624,7.64
Ostrea lurida,19,NA,4,Tide,15,21,19,5.627,6.864
Ostrea lurida,19,NA,5,No Tide,15,24,11,5.64,7.393
Ostrea lurida,19,NA,2,No Tide,15,15,2,5.642,8.468
Ostrea lurida,19,NA,9,Tide,21,24,11,5.645,6.11
Ostrea lurida,19,NA,1,No Tide,21,15,5,5.651,6.959
Ostrea lurida,19,NA,8,Tide,15,15,2,5.652,7.653
Ostrea lurida,19,NA,1,No Tide,21,18,8,5.656,7.308
Ostrea lurida,19,NA,5,Tide,21,21,18,5.663,6.139
Ostrea lurida,19,NA,10,No Tide,21,15,1,5.664,6.979
Ostrea lurida,19,NA,10,Tide,15,15,4,5.665,6.028
Ostrea lurida,19,NA,2,Tide,15,15,3,5.666,8.752
Ostrea lurida,19,NA,2,Tide,21,24,13,5.666,6.947
Ostrea lurida,19,NA,10,Tide,21,15,3,5.668,6.198
Ostrea lurida,19,NA,6,Tide,15,18,8,5.67,6.943
Ostrea lurida,19,NA,7,No Tide,15,15,4,5.676,7.474
Ostrea lurida,19,NA,5,No Tide,15,24,14,6.077,5.677
Ostrea lurida,19,NA,9,No Tide,21,15,1,5.688,6.506
Ostrea lurida,19,NA,5,Tide,21,15,4,6.053,5.692
Ostrea lurida,19,NA,1,Tide,15,15,3,5.694,7.133
Ostrea lurida,19,NA,4,Tide,21,21,20,5.697,7.75
Ostrea lurida,19,NA,8,No Tide,21,18,6,5.701,6.596
Ostrea lurida,19,NA,1,Tide,21,24,13,5.704,6.723
Ostrea lurida,19,NA,1,Tide,15,24,11,5.709,6.785
Ostrea lurida,19,NA,3,No Tide,15,24,14,5.714,6.425
Ostrea lurida,19,NA,9,Tide,21,21,16,5.724,7.456
Ostrea lurida,19,NA,6,No Tide,21,15,4,5.737,6.766
Ostrea lurida,19,NA,8,Tide,21,18,10,5.738,7.215
Ostrea lurida,19,NA,5,No Tide,21,15,4,5.744,6.177
Ostrea lurida,19,NA,4,Tide,15,15,2,5.848,5.746
Ostrea lurida,19,NA,6,Tide,15,15,5,5.747,6.79
Ostrea lurida,19,NA,3,Tide,15,15,1,5.756,8.439
Ostrea lurida,19,NA,7,Tide,15,21,16,5.762,7.316
Ostrea lurida,19,NA,10,No Tide,21,18,9,6.039,5.763
Ostrea lurida,19,NA,3,Tide,15,18,8,5.768,7.98
Ostrea lurida,19,NA,8,Tide,21,24,15,5.772,6.766
Ostrea lurida,19,NA,1,Tide,21,15,3,5.775,7.842
Ostrea lurida,19,NA,6,Tide,15,15,3,5.787,8.012
Ostrea lurida,19,NA,2,Tide,15,18,8,5.789,6.415
Ostrea lurida,19,NA,7,Tide,15,21,20,5.789,7.282
Ostrea lurida,19,NA,6,No Tide,15,15,4,5.807,7.297
Ostrea lurida,19,NA,5,No Tide,15,21,17,5.811,6.023
Ostrea lurida,19,NA,4,No Tide,21,21,20,5.818,6.631
Ostrea lurida,19,NA,5,No Tide,21,24,15,5.819,7.108
Ostrea lurida,19,NA,6,Tide,21,15,4,5.82,6.839
Ostrea lurida,19,NA,5,Tide,15,21,16,5.821,6.058
Ostrea lurida,19,NA,2,No Tide,21,24,12,5.834,6.715
Ostrea lurida,19,NA,7,No Tide,21,21,20,5.852,6.116
Ostrea lurida,19,NA,6,Tide,21,21,20,5.853,7.887
Ostrea lurida,19,NA,1,Tide,21,21,16,5.856,7.252
Ostrea lurida,19,NA,1,Tide,21,18,9,5.867,7.76
Ostrea lurida,19,NA,3,No Tide,21,15,3,5.871,6.616
Ostrea lurida,19,NA,7,Tide,21,21,19,5.872,6.716
Ostrea lurida,19,NA,7,No Tide,21,21,16,5.875,6.261
Ostrea lurida,19,NA,2,No Tide,21,15,4,5.876,7.203
Ostrea lurida,19,NA,4,No Tide,21,24,15,5.877,6.485
Ostrea lurida,19,NA,1,No Tide,21,15,3,5.884,7.908
Ostrea lurida,19,NA,7,Tide,15,24,14,5.919,6.791
Ostrea lurida,19,NA,5,No Tide,15,24,13,5.92,7.391
Ostrea lurida,19,NA,4,Tide,21,15,1,5.927,6.928
Ostrea lurida,19,NA,6,Tide,15,24,11,5.941,6.413
Ostrea lurida,19,NA,6,No Tide,15,24,13,5.944,7.153
Ostrea lurida,19,NA,1,No Tide,21,18,6,5.948,6.413
Ostrea lurida,19,NA,4,No Tide,15,24,12,5.955,6.436
Ostrea lurida,19,NA,7,Tide,21,15,3,5.963,6.708
Ostrea lurida,19,NA,3,Tide,21,18,7,5.966,6.218
Ostrea lurida,19,NA,10,Tide,15,24,12,5.969,6.939
Ostrea lurida,19,NA,8,No Tide,21,24,12,5.974,7.034
Ostrea lurida,19,NA,3,Tide,21,18,8,6.277,5.98
Ostrea lurida,19,NA,9,Tide,15,18,6,6,6.827
Ostrea lurida,19,NA,6,No Tide,15,15,2,6.004,6.934
Ostrea lurida,19,NA,9,No Tide,15,15,3,6.004,6.946
Ostrea lurida,19,NA,6,No Tide,21,21,20,6.007,8.289
Ostrea lurida,19,NA,2,Tide,21,15,3,6.009,7.452
Ostrea lurida,19,NA,9,Tide,15,15,2,6.377,6.015
Ostrea lurida,19,NA,2,Tide,21,15,2,6.019,7.02
Ostrea lurida,19,NA,6,Tide,21,24,14,6.506,6.03
Ostrea lurida,19,NA,2,No Tide,21,15,5,6.271,6.033
Ostrea lurida,19,NA,8,No Tide,21,15,5,6.033,7.707
Ostrea lurida,19,NA,3,No Tide,21,24,13,6.086,6.039
Ostrea lurida,19,NA,5,No Tide,15,15,3,6.045,6.363
Ostrea lurida,19,NA,10,Tide,15,24,14,6.045,6.352
Ostrea lurida,19,NA,10,Tide,15,21,16,6.047,7.845
Ostrea lurida,19,NA,5,Tide,15,21,20,6.047,6.571
Ostrea lurida,19,NA,6,Tide,15,24,13,6.062,7.377
Ostrea lurida,19,NA,3,No Tide,15,21,17,6.064,6.228
Ostrea lurida,19,NA,9,No Tide,15,24,12,6.065,7.887
Ostrea lurida,19,NA,6,No Tide,21,24,13,6.066,8.547
Ostrea lurida,19,NA,1,No Tide,21,21,17,6.069,6.868
Ostrea lurida,19,NA,3,No Tide,21,21,19,6.076,6.495
Ostrea lurida,19,NA,10,Tide,15,15,1,6.171,6.085
Ostrea lurida,19,NA,6,No Tide,21,15,1,6.091,6.416
Ostrea lurida,19,NA,5,Tide,21,21,20,6.096,6.851
Ostrea lurida,19,NA,6,No Tide,15,21,19,6.101,8.14
Ostrea lurida,19,NA,3,No Tide,21,15,5,6.102,7.211
Ostrea lurida,19,NA,6,Tide,21,21,19,6.112,7.126
Ostrea lurida,19,NA,4,No Tide,15,18,7,6.116,6.901
Ostrea lurida,19,NA,4,No Tide,21,18,8,6.125,6.946
Ostrea lurida,19,NA,4,Tide,15,24,13,6.126,7.497
Ostrea lurida,19,NA,6,No Tide,15,21,20,6.138,6.81
Ostrea lurida,19,NA,3,No Tide,15,15,4,6.141,7.338
Ostrea lurida,19,NA,8,Tide,15,15,5,6.144,6.683
Ostrea lurida,19,NA,10,No Tide,15,21,17,6.152,6.868
Ostrea lurida,19,NA,5,No Tide,15,24,12,6.154,8.325
Ostrea lurida,19,NA,1,No Tide,21,24,13,6.156,7.769
Ostrea lurida,19,NA,8,No Tide,21,18,9,6.157,6.641
Ostrea lurida,19,NA,2,No Tide,15,24,12,6.157,7.857
Ostrea lurida,19,NA,1,No Tide,15,21,16,6.157,7.922
Ostrea lurida,19,NA,10,No Tide,15,24,12,6.161,7.03
Ostrea lurida,19,NA,2,No Tide,15,24,13,6.165,7.541
Ostrea lurida,19,NA,2,No Tide,15,15,5,6.169,8.434
Ostrea lurida,19,NA,7,Tide,15,18,9,6.176,8.062
Ostrea lurida,19,NA,1,No Tide,15,21,18,6.184,8.952
Ostrea lurida,19,NA,10,No Tide,15,18,6,6.187,6.507
Ostrea lurida,19,NA,6,No Tide,21,18,6,6.187,7.365
Ostrea lurida,19,NA,5,No Tide,21,21,16,6.187,9.169
Ostrea lurida,19,NA,6,Tide,21,18,8,6.188,6.477
Ostrea lurida,19,NA,7,Tide,21,24,12,6.192,7.311
Ostrea lurida,19,NA,1,No Tide,15,18,6,6.208,6.315
Ostrea lurida,19,NA,5,Tide,21,15,3,6.211,8.052
Ostrea lurida,19,NA,9,No Tide,15,18,8,6.218,8.838
Ostrea lurida,19,NA,4,Tide,21,24,13,6.221,7.173
Ostrea lurida,19,NA,2,Tide,15,21,16,6.244,7.5
Ostrea lurida,19,NA,6,Tide,21,24,12,6.248,6.58
Ostrea lurida,19,NA,8,No Tide,15,18,8,6.256,9.551
Ostrea lurida,19,NA,6,Tide,21,18,9,6.257,7.328
Ostrea lurida,19,NA,8,Tide,21,21,20,6.484,6.267
Ostrea lurida,19,NA,4,Tide,15,15,3,6.271,8.172
Ostrea lurida,19,NA,1,Tide,15,15,4,6.294,7.515
Ostrea lurida,19,NA,6,No Tide,15,18,8,6.3,8.682
Ostrea lurida,19,NA,10,No Tide,21,18,10,6.303,6.685
Ostrea lurida,19,NA,4,No Tide,15,18,8,6.306,7.59
Ostrea lurida,19,NA,1,No Tide,21,18,9,6.386,6.325
Ostrea lurida,19,NA,2,Tide,15,21,18,6.325,7.509
Ostrea lurida,19,NA,10,Tide,15,21,18,6.326,7.357
Ostrea lurida,19,NA,5,No Tide,21,21,18,6.332,6.82
Ostrea lurida,19,NA,1,No Tide,21,24,14,6.34,7.628
Ostrea lurida,19,NA,7,No Tide,15,21,16,6.34,8.016
Ostrea lurida,19,NA,10,Tide,21,24,14,6.355,6.533
Ostrea lurida,19,NA,4,No Tide,21,18,10,6.423,6.376
Ostrea lurida,19,NA,7,Tide,21,18,10,6.381,7.047
Ostrea lurida,19,NA,7,No Tide,15,15,1,6.39,7.586
Ostrea lurida,19,NA,7,Tide,21,18,8,6.414,8.078
Ostrea lurida,19,NA,3,No Tide,15,15,1,6.423,7.092
Ostrea lurida,19,NA,2,No Tide,21,24,13,6.454,8.221
Ostrea lurida,19,NA,4,Tide,15,21,20,6.456,7.189
Ostrea lurida,19,NA,5,Tide,15,24,13,6.464,7.912
Ostrea lurida,19,NA,1,No Tide,21,21,16,6.469,7.302
Ostrea lurida,19,NA,5,No Tide,15,15,2,6.471,7.95
Ostrea lurida,19,NA,5,Tide,21,24,13,6.5,7.775
Ostrea lurida,19,NA,4,No Tide,21,21,16,6.559,6.504
Ostrea lurida,19,NA,4,No Tide,15,24,11,6.698,6.506
Ostrea lurida,19,NA,4,Tide,15,15,5,6.9,6.512
Ostrea lurida,19,NA,5,Tide,15,18,6,6.538,7.582
Ostrea lurida,19,NA,3,Tide,21,24,14,6.539,7.267
Ostrea lurida,19,NA,3,No Tide,21,18,8,6.542,7.869
Ostrea lurida,19,NA,5,Tide,15,24,12,6.545,7.46
Ostrea lurida,19,NA,6,No Tide,15,21,16,6.546,7.792
Ostrea lurida,19,NA,8,Tide,15,15,4,6.565,7.178
Ostrea lurida,19,NA,8,Tide,15,21,20,6.571,9.082
Ostrea lurida,19,NA,8,Tide,21,21,16,6.575,8.256
Ostrea lurida,19,NA,3,No Tide,15,24,13,6.58,7.098
Ostrea lurida,19,NA,7,Tide,15,24,13,6.611,7.058
Ostrea lurida,19,NA,8,Tide,15,21,18,6.868,6.619
Ostrea lurida,19,NA,7,Tide,15,18,8,7.491,6.626
Ostrea lurida,19,NA,5,No Tide,21,21,19,6.655,6.899
Ostrea lurida,19,NA,6,Tide,15,24,15,7.314,6.657
Ostrea lurida,19,NA,1,No Tide,21,24,12,6.662,8.536
Ostrea lurida,19,NA,1,Tide,15,18,10,6.671,6.848
Ostrea lurida,19,NA,9,Tide,21,21,20,6.673,6.872
Ostrea lurida,19,NA,2,Tide,21,21,17,6.688,7.681
Ostrea lurida,19,NA,7,No Tide,21,15,1,7.481,6.689
Ostrea lurida,19,NA,1,No Tide,21,21,20,6.697,8.214
Ostrea lurida,19,NA,9,Tide,15,24,12,6.71,7.911
Ostrea lurida,19,NA,3,Tide,15,15,3,6.716,7.428
Ostrea lurida,19,NA,1,Tide,15,18,8,6.736,7.607
Ostrea lurida,19,NA,1,No Tide,21,15,4,6.757,8.263
Ostrea lurida,19,NA,5,No Tide,15,18,8,6.777,8.055
Ostrea lurida,19,NA,6,No Tide,15,15,3,6.81,8.345
Ostrea lurida,19,NA,8,No Tide,21,18,8,6.816,8.215
Ostrea lurida,19,NA,3,No Tide,15,21,20,7.193,6.841
Ostrea lurida,19,NA,4,No Tide,15,15,1,6.847,9.217
Ostrea lurida,19,NA,6,No Tide,21,18,7,6.864,8.582
Ostrea lurida,19,NA,6,Tide,21,15,5,6.869,8.383
Ostrea lurida,19,NA,1,No Tide,15,15,3,6.89,8.876
Ostrea lurida,19,NA,10,No Tide,15,18,10,6.89,7.372
Ostrea lurida,19,NA,10,No Tide,21,15,5,6.891,7.462
Ostrea lurida,19,NA,10,No Tide,21,21,16,6.899,8.419
Ostrea lurida,19,NA,8,Tide,21,15,1,6.903,8.405
Ostrea lurida,19,NA,4,No Tide,21,15,5,6.91,7.053
Ostrea lurida,19,NA,4,No Tide,21,15,3,7.273,6.921
Ostrea lurida,19,NA,3,Tide,15,24,15,6.93,7.958
Ostrea lurida,19,NA,10,Tide,15,15,2,6.932,7.623
Ostrea lurida,19,NA,8,No Tide,15,15,2,6.948,9.11
Ostrea lurida,19,NA,5,No Tide,15,21,16,6.964,7.229
Ostrea lurida,19,NA,7,Tide,21,24,15,7.161,6.979
Ostrea lurida,19,NA,6,No Tide,21,15,2,6.989,7.726
Ostrea lurida,19,NA,1,Tide,21,18,8,7.001,7.053
Ostrea lurida,19,NA,4,Tide,15,18,8,7.042,7.126
Ostrea lurida,19,NA,7,No Tide,15,24,12,7.14,7.09
Ostrea lurida,19,NA,3,No Tide,15,21,18,7.097,7.711
Ostrea lurida,19,NA,7,No Tide,21,18,8,7.116,10.381
Ostrea lurida,19,NA,5,Tide,21,18,8,7.37,7.128
Ostrea lurida,19,NA,8,No Tide,21,15,3,7.142,8.129
Ostrea lurida,19,NA,10,Tide,21,21,20,7.431,7.148
Ostrea lurida,19,NA,8,Tide,21,15,2,7.181,8.568
Ostrea lurida,19,NA,6,Tide,15,15,4,7.211,8.001
Ostrea lurida,19,NA,2,No Tide,21,21,16,7.211,7.321
Ostrea lurida,19,NA,3,Tide,21,24,11,7.224,8.148
Ostrea lurida,19,NA,7,Tide,15,15,4,7.231,7.859
Ostrea lurida,19,NA,7,Tide,15,15,3,7.238,8.584
Ostrea lurida,19,NA,6,No Tide,15,15,5,7.31,8.186
Ostrea lurida,19,NA,1,Tide,21,15,2,8.488,7.311
Ostrea lurida,19,NA,7,No Tide,21,21,18,7.325,9.259
Ostrea lurida,19,NA,10,Tide,21,15,4,7.359,8.509
Ostrea lurida,19,NA,6,No Tide,21,18,8,7.379,10.262
Ostrea lurida,19,NA,2,Tide,21,15,4,7.413,7.441
Ostrea lurida,19,NA,4,No Tide,15,15,2,7.444,7.618
Ostrea lurida,19,NA,7,No Tide,15,18,8,7.491,10.549
Ostrea lurida,19,NA,8,Tide,15,18,8,8.761,7.494
Ostrea lurida,19,NA,3,No Tide,15,18,8,7.521,8.208
Ostrea lurida,19,NA,1,No Tide,15,15,5,8.62,7.531
Ostrea lurida,19,NA,10,No Tide,15,18,8,7.549,8.109
Ostrea lurida,19,NA,5,Tide,21,21,19,7.616,7.552
Ostrea lurida,19,NA,8,Tide,21,18,8,9.31,7.566
Ostrea lurida,19,NA,6,No Tide,15,18,7,7.58,7.595
Ostrea lurida,19,NA,2,No Tide,21,18,6,7.615,7.928
Ostrea lurida,19,NA,4,Tide,15,15,1,7.617,7.855
Ostrea lurida,19,NA,3,No Tide,21,21,16,7.654,8.251
Ostrea lurida,19,NA,4,Tide,21,18,8,7.698,7.833
Ostrea lurida,19,NA,6,Tide,15,21,16,8.336,7.739
Ostrea lurida,19,NA,8,Tide,21,15,3,7.804,7.762
Ostrea lurida,19,NA,3,Tide,15,24,14,7.801,8.261
Ostrea lurida,19,NA,5,Tide,15,18,8,7.903,8.203
Ostrea lurida,19,NA,7,Tide,21,15,2,8.004,8.106
Ostrea lurida,19,NA,8,No Tide,15,24,13,8.193,10.117
Ostrea lurida,19,NA,6,Tide,21,15,3,8.203,8.716
Ostrea lurida,19,NA,9,No Tide,15,15,2,8.375,8.599
Ostrea lurida,19,NA,10,No Tide,15,21,20,8.958,8.557
Ostrea lurida,19,NA,6,No Tide,15,15,1,8.614,8.736
Ostrea lurida,19,NA,9,No Tide,21,21,16,8.881,9.199
Ostrea lurida,19,NA,8,Tide,15,15,1,10.275,9.331
