Species,Day,Date,Rep,L_W,SH_Tide,SH_Temp,MHW,Tank,Size_mm
Ostrea lurida,19,,7,W,Tide,15,15,5,3.032
Ostrea lurida,19,,7,W,No Tide,15,15,3,3.119
Ostrea lurida,19,,9,W,No Tide,15,15,1,3.259
Ostrea lurida,19,,10,W,No Tide,15,15,1,3.303
Ostrea lurida,19,,3,W,Tide,15,15,4,3.639
Ostrea lurida,19,,8,W,No Tide,15,15,5,3.686
Ostrea lurida,19,,1,W,Tide,15,15,2,3.86
Ostrea lurida,19,,7,W,Tide,15,15,2,3.93
Ostrea lurida,19,,9,W,Tide,15,15,5,3.935
Ostrea lurida,19,,10,W,No Tide,15,15,3,3.938
Ostrea lurida,19,,5,W,Tide,15,15,3,3.983
Ostrea lurida,19,,9,W,Tide,15,15,4,4.028
Ostrea lurida,19,,10,W,Tide,15,15,5,4.068
Ostrea lurida,19,,10,W,Tide,15,15,3,4.075
Ostrea lurida,19,,6,W,Tide,15,15,2,4.1
Ostrea lurida,19,,1,W,Tide,15,15,1,4.13
Ostrea lurida,19,,2,W,Tide,15,15,1,4.173
Ostrea lurida,19,,4,W,Tide,15,15,4,4.187
Ostrea lurida,19,,2,W,Tide,15,15,2,4.217
Ostrea lurida,19,,2,L,Tide,15,15,1,4.251
Ostrea lurida,19,,5,W,No Tide,15,15,5,4.276
Ostrea lurida,19,,5,W,No Tide,15,15,1,4.289
Ostrea lurida,19,,2,W,Tide,15,15,5,4.295
Ostrea lurida,19,,7,L,No Tide,15,15,3,4.335
Ostrea lurida,19,,9,W,Tide,15,15,3,4.411
Ostrea lurida,19,,10,W,No Tide,15,15,4,4.414
Ostrea lurida,19,,4,W,No Tide,15,15,4,4.471
Ostrea lurida,19,,8,W,No Tide,15,15,1,4.478
Ostrea lurida,19,,5,W,No Tide,15,15,4,4.485
Ostrea lurida,19,,5,W,Tide,15,15,4,4.525
Ostrea lurida,19,,1,W,No Tide,15,15,2,4.535
Ostrea lurida,19,,9,W,No Tide,15,15,5,4.562
Ostrea lurida,19,,8,W,No Tide,15,15,4,4.6
Ostrea lurida,19,,9,W,No Tide,15,15,4,4.625
Ostrea lurida,19,,7,W,Tide,15,15,1,4.656
Ostrea lurida,19,,5,W,Tide,15,15,5,4.685
Ostrea lurida,19,,4,W,No Tide,15,15,3,4.7
Ostrea lurida,19,,9,L,Tide,15,15,5,4.703
Ostrea lurida,19,,7,W,No Tide,15,15,5,4.798
Ostrea lurida,19,,1,W,Tide,15,15,5,4.805
Ostrea lurida,19,,8,L,No Tide,15,15,5,4.863
Ostrea lurida,19,,1,W,No Tide,15,15,4,4.874
Ostrea lurida,19,,8,W,Tide,15,15,3,4.894
Ostrea lurida,19,,10,L,Tide,15,15,5,4.916
Ostrea lurida,19,,4,W,No Tide,15,15,5,4.943
Ostrea lurida,19,,10,L,No Tide,15,15,1,4.944
Ostrea lurida,19,,5,L,Tide,15,15,5,4.969
Ostrea lurida,19,,5,W,Tide,15,15,1,5.023
Ostrea lurida,19,,3,W,No Tide,15,15,3,5.088
Ostrea lurida,19,,2,W,No Tide,15,15,3,5.116
Ostrea lurida,19,,2,L,Tide,15,15,5,5.122
Ostrea lurida,19,,3,W,No Tide,15,15,5,5.124
Ostrea lurida,19,,3,W,Tide,15,15,5,5.139
Ostrea lurida,19,,9,L,No Tide,15,15,1,5.192
Ostrea lurida,19,,10,W,No Tide,15,15,2,5.199
Ostrea lurida,19,,9,W,Tide,15,15,1,5.238
Ostrea lurida,19,,3,L,Tide,15,15,4,5.253
Ostrea lurida,19,,1,L,Tide,15,15,2,5.272
Ostrea lurida,19,,5,W,Tide,15,15,2,5.277
Ostrea lurida,19,,5,L,Tide,15,15,4,5.283
Ostrea lurida,19,,6,W,Tide,15,15,1,5.286
Ostrea lurida,19,,2,W,Tide,15,15,4,5.34
Ostrea lurida,19,,7,W,No Tide,15,15,2,5.373
Ostrea lurida,19,,5,L,Tide,15,15,1,5.397
Ostrea lurida,19,,1,W,No Tide,15,15,1,5.405
Ostrea lurida,19,,3,W,Tide,15,15,2,5.459
Ostrea lurida,19,,2,W,No Tide,15,15,1,5.493
Ostrea lurida,19,,2,W,No Tide,15,15,4,5.54
Ostrea lurida,19,,8,W,No Tide,15,15,3,5.566
Ostrea lurida,19,,3,W,No Tide,15,15,2,5.576
Ostrea lurida,19,,10,W,No Tide,15,15,5,5.598
Ostrea lurida,19,,8,L,No Tide,15,15,1,5.602
Ostrea lurida,19,,8,L,No Tide,15,15,4,5.614
Ostrea lurida,19,,2,W,No Tide,15,15,2,5.642
Ostrea lurida,19,,8,W,Tide,15,15,2,5.652
Ostrea lurida,19,,4,L,Tide,15,15,4,5.657
Ostrea lurida,19,,10,W,Tide,15,15,4,5.665
Ostrea lurida,19,,2,W,Tide,15,15,3,5.666
Ostrea lurida,19,,2,L,No Tide,15,15,3,5.676
Ostrea lurida,19,,7,W,No Tide,15,15,4,5.676
Ostrea lurida,19,,7,L,Tide,15,15,5,5.687
Ostrea lurida,19,,1,W,Tide,15,15,3,5.694
Ostrea lurida,19,,4,L,Tide,15,15,2,5.746
Ostrea lurida,19,,6,W,Tide,15,15,5,5.747
Ostrea lurida,19,,3,W,Tide,15,15,1,5.756
Ostrea lurida,19,,9,L,No Tide,15,15,5,5.768
Ostrea lurida,19,,6,W,Tide,15,15,3,5.787
Ostrea lurida,19,,9,L,Tide,15,15,1,5.797
Ostrea lurida,19,,5,L,Tide,15,15,3,5.8
Ostrea lurida,19,,6,W,No Tide,15,15,4,5.807
Ostrea lurida,19,,4,W,Tide,15,15,2,5.848
Ostrea lurida,19,,1,L,No Tide,15,15,2,5.857
Ostrea lurida,19,,9,L,Tide,15,15,4,5.917
Ostrea lurida,19,,2,L,Tide,15,15,2,5.944
Ostrea lurida,19,,10,L,No Tide,15,15,4,5.971
Ostrea lurida,19,,6,W,No Tide,15,15,2,6.004
Ostrea lurida,19,,9,W,No Tide,15,15,3,6.004
Ostrea lurida,19,,9,L,Tide,15,15,2,6.015
Ostrea lurida,19,,10,L,Tide,15,15,4,6.028
Ostrea lurida,19,,5,W,No Tide,15,15,3,6.045
Ostrea lurida,19,,7,L,No Tide,15,15,5,6.049
Ostrea lurida,19,,10,L,Tide,15,15,1,6.085
Ostrea lurida,19,,3,W,No Tide,15,15,4,6.141
Ostrea lurida,19,,8,W,Tide,15,15,5,6.144
Ostrea lurida,19,,9,L,No Tide,15,15,4,6.161
Ostrea lurida,19,,2,W,No Tide,15,15,5,6.169
Ostrea lurida,19,,10,W,Tide,15,15,1,6.171
Ostrea lurida,19,,10,L,No Tide,15,15,2,6.249
Ostrea lurida,19,,9,L,Tide,15,15,3,6.267
Ostrea lurida,19,,4,W,Tide,15,15,3,6.271
Ostrea lurida,19,,5,L,No Tide,15,15,5,6.284
Ostrea lurida,19,,3,L,Tide,15,15,2,6.289
Ostrea lurida,19,,1,W,Tide,15,15,4,6.294
Ostrea lurida,19,,5,L,No Tide,15,15,3,6.363
Ostrea lurida,19,,10,L,No Tide,15,15,3,6.376
Ostrea lurida,19,,9,W,Tide,15,15,2,6.377
Ostrea lurida,19,,7,L,Tide,15,15,2,6.381
Ostrea lurida,19,,7,W,No Tide,15,15,1,6.39
Ostrea lurida,19,,3,W,No Tide,15,15,1,6.423
Ostrea lurida,19,,4,L,No Tide,15,15,5,6.444
Ostrea lurida,19,,8,L,Tide,15,15,3,6.468
Ostrea lurida,19,,5,W,No Tide,15,15,2,6.471
Ostrea lurida,19,,4,L,Tide,15,15,5,6.512
Ostrea lurida,19,,8,W,Tide,15,15,4,6.565
Ostrea lurida,19,,8,L,Tide,15,15,5,6.683
Ostrea lurida,19,,7,L,Tide,15,15,1,6.708
Ostrea lurida,19,,3,W,Tide,15,15,3,6.716
Ostrea lurida,19,,2,L,Tide,15,15,4,6.732
Ostrea lurida,19,,10,L,Tide,15,15,3,6.779
Ostrea lurida,19,,6,L,Tide,15,15,5,6.79
Ostrea lurida,19,,6,W,No Tide,15,15,3,6.81
Ostrea lurida,19,,6,L,Tide,15,15,2,6.827
Ostrea lurida,19,,5,L,No Tide,15,15,1,6.84
Ostrea lurida,19,,4,W,No Tide,15,15,1,6.847
Ostrea lurida,19,,1,L,Tide,15,15,1,6.851
Ostrea lurida,19,,5,L,No Tide,15,15,4,6.864
Ostrea lurida,19,,1,W,No Tide,15,15,3,6.89
Ostrea lurida,19,,4,W,Tide,15,15,5,6.9
Ostrea lurida,19,,10,W,Tide,15,15,2,6.932
Ostrea lurida,19,,6,L,No Tide,15,15,2,6.934
Ostrea lurida,19,,9,L,No Tide,15,15,3,6.946
Ostrea lurida,19,,8,W,No Tide,15,15,2,6.948
Ostrea lurida,19,,3,L,No Tide,15,15,1,7.092
Ostrea lurida,19,,4,L,No Tide,15,15,3,7.119
Ostrea lurida,19,,1,L,No Tide,15,15,1,7.123
Ostrea lurida,19,,1,L,Tide,15,15,3,7.133
Ostrea lurida,19,,5,L,Tide,15,15,2,7.134
Ostrea lurida,19,,3,L,No Tide,15,15,2,7.139
Ostrea lurida,19,,8,L,Tide,15,15,4,7.178
Ostrea lurida,19,,3,L,No Tide,15,15,3,7.185
Ostrea lurida,19,,6,W,Tide,15,15,4,7.211
Ostrea lurida,19,,7,W,Tide,15,15,4,7.231
Ostrea lurida,19,,7,W,Tide,15,15,3,7.238
Ostrea lurida,19,,6,L,No Tide,15,15,4,7.297
Ostrea lurida,19,,6,W,No Tide,15,15,5,7.31
Ostrea lurida,19,,2,L,No Tide,15,15,4,7.333
Ostrea lurida,19,,3,L,No Tide,15,15,4,7.338
Ostrea lurida,19,,1,L,No Tide,15,15,4,7.415
Ostrea lurida,19,,3,L,Tide,15,15,3,7.428
Ostrea lurida,19,,4,W,No Tide,15,15,2,7.444
Ostrea lurida,19,,3,L,Tide,15,15,5,7.445
Ostrea lurida,19,,7,L,No Tide,15,15,4,7.474
Ostrea lurida,19,,7,L,No Tide,15,15,2,7.513
Ostrea lurida,19,,1,L,Tide,15,15,4,7.515
Ostrea lurida,19,,1,L,No Tide,15,15,5,7.531
Ostrea lurida,19,,1,L,Tide,15,15,5,7.571
Ostrea lurida,19,,7,L,No Tide,15,15,1,7.586
Ostrea lurida,19,,4,W,Tide,15,15,1,7.617
Ostrea lurida,19,,4,L,No Tide,15,15,2,7.618
Ostrea lurida,19,,10,L,Tide,15,15,2,7.623
Ostrea lurida,19,,8,L,Tide,15,15,2,7.653
Ostrea lurida,19,,2,L,No Tide,15,15,1,7.654
Ostrea lurida,19,,10,L,No Tide,15,15,5,7.674
Ostrea lurida,19,,3,L,No Tide,15,15,5,7.692
Ostrea lurida,19,,4,L,Tide,15,15,1,7.855
Ostrea lurida,19,,7,L,Tide,15,15,4,7.859
Ostrea lurida,19,,4,L,No Tide,15,15,4,7.907
Ostrea lurida,19,,5,L,No Tide,15,15,2,7.95
Ostrea lurida,19,,6,L,Tide,15,15,4,8.001
Ostrea lurida,19,,6,L,Tide,15,15,3,8.012
Ostrea lurida,19,,8,L,No Tide,15,15,3,8.012
Ostrea lurida,19,,4,L,Tide,15,15,3,8.172
Ostrea lurida,19,,6,L,No Tide,15,15,5,8.186
Ostrea lurida,19,,6,L,No Tide,15,15,3,8.345
Ostrea lurida,19,,9,W,No Tide,15,15,2,8.375
Ostrea lurida,19,,2,L,No Tide,15,15,5,8.434
Ostrea lurida,19,,3,L,Tide,15,15,1,8.439
Ostrea lurida,19,,2,L,No Tide,15,15,2,8.468
Ostrea lurida,19,,7,L,Tide,15,15,3,8.584
Ostrea lurida,19,,9,L,No Tide,15,15,2,8.599
Ostrea lurida,19,,6,W,No Tide,15,15,1,8.614
Ostrea lurida,19,,1,W,No Tide,15,15,5,8.62
Ostrea lurida,19,,6,L,No Tide,15,15,1,8.736
Ostrea lurida,19,,2,L,Tide,15,15,3,8.752
Ostrea lurida,19,,1,L,No Tide,15,15,3,8.876
Ostrea lurida,19,,8,L,No Tide,15,15,2,9.11
Ostrea lurida,19,,4,L,No Tide,15,15,1,9.217
Ostrea lurida,19,,8,L,Tide,15,15,1,9.331
Ostrea lurida,19,,6,L,Tide,15,15,1,10.068
Ostrea lurida,19,,8,W,Tide,15,15,1,10.275
Ostrea lurida,19,,9,W,Tide,15,18,9,3.304
Ostrea lurida,19,,4,W,No Tide,15,18,9,3.322
Ostrea lurida,19,,6,W,No Tide,15,18,6,3.342
Ostrea lurida,19,,7,W,Tide,15,18,7,3.36
Ostrea lurida,19,,4,W,Tide,15,18,10,3.372
Ostrea lurida,19,,5,W,No Tide,15,18,10,3.42
Ostrea lurida,19,,4,L,No Tide,15,18,9,3.47
Ostrea lurida,19,,9,W,No Tide,15,18,7,3.497
Ostrea lurida,19,,2,W,No Tide,15,18,9,3.594
Ostrea lurida,19,,2,W,No Tide,15,18,10,3.639
Ostrea lurida,19,,8,W,Tide,15,18,6,3.71
Ostrea lurida,19,,3,W,No Tide,15,18,7,3.726
Ostrea lurida,19,,8,W,Tide,15,18,7,3.82
Ostrea lurida,19,,2,W,Tide,15,18,6,3.829
Ostrea lurida,19,,7,W,No Tide,15,18,10,3.842
Ostrea lurida,19,,7,W,No Tide,15,18,6,3.863
Ostrea lurida,19,,3,W,Tide,15,18,10,3.904
Ostrea lurida,19,,2,L,No Tide,15,18,10,3.969
Ostrea lurida,19,,10,W,Tide,15,18,7,4.025
Ostrea lurida,19,,9,W,Tide,15,18,10,4.048
Ostrea lurida,19,,8,W,No Tide,15,18,10,4.062
Ostrea lurida,19,,5,L,No Tide,15,18,10,4.085
Ostrea lurida,19,,6,W,Tide,15,18,6,4.086
Ostrea lurida,19,,2,W,No Tide,15,18,7,4.205
Ostrea lurida,19,,1,W,No Tide,15,18,7,4.211
Ostrea lurida,19,,3,L,No Tide,15,18,7,4.217
Ostrea lurida,19,,5,W,Tide,15,18,9,4.219
Ostrea lurida,19,,5,W,No Tide,15,18,7,4.229
Ostrea lurida,19,,7,W,No Tide,15,18,9,4.239
Ostrea lurida,19,,7,L,Tide,15,18,7,4.244
Ostrea lurida,19,,5,W,No Tide,15,18,9,4.25
Ostrea lurida,19,,9,W,No Tide,15,18,6,4.284
Ostrea lurida,19,,4,W,Tide,15,18,6,4.306
Ostrea lurida,19,,9,W,No Tide,15,18,9,4.329
Ostrea lurida,19,,1,W,Tide,15,18,6,4.347
Ostrea lurida,19,,8,W,No Tide,15,18,9,4.358
Ostrea lurida,19,,8,L,Tide,15,18,7,4.385
Ostrea lurida,19,,6,W,Tide,15,18,10,4.395
Ostrea lurida,19,,2,L,No Tide,15,18,9,4.418
Ostrea lurida,19,,10,L,Tide,15,18,10,4.424
Ostrea lurida,19,,9,W,Tide,15,18,8,4.441
Ostrea lurida,19,,10,W,Tide,15,18,8,4.491
Ostrea lurida,19,,2,L,No Tide,15,18,7,4.496
Ostrea lurida,19,,3,W,Tide,15,18,9,4.508
Ostrea lurida,19,,10,W,Tide,15,18,10,4.541
Ostrea lurida,19,,4,W,Tide,15,18,7,4.546
Ostrea lurida,19,,3,W,Tide,15,18,6,4.556
Ostrea lurida,19,,3,W,No Tide,15,18,10,4.591
Ostrea lurida,19,,9,L,Tide,15,18,9,4.614
Ostrea lurida,19,,8,L,Tide,15,18,6,4.625
Ostrea lurida,19,,3,W,Tide,15,18,7,4.64
Ostrea lurida,19,,3,L,Tide,15,18,9,4.642
Ostrea lurida,19,,4,W,No Tide,15,18,6,4.645
Ostrea lurida,19,,7,W,Tide,15,18,10,4.667
Ostrea lurida,19,,5,W,Tide,15,18,10,4.698
Ostrea lurida,19,,2,L,Tide,15,18,7,4.71
Ostrea lurida,19,,8,L,No Tide,15,18,10,4.728
Ostrea lurida,19,,10,W,Tide,15,18,9,4.793
Ostrea lurida,19,,6,L,No Tide,15,18,6,4.804
Ostrea lurida,19,,2,L,Tide,15,18,9,4.806
Ostrea lurida,19,,2,W,Tide,15,18,10,4.822
Ostrea lurida,19,,5,W,Tide,15,18,7,4.858
Ostrea lurida,19,,4,L,Tide,15,18,10,4.892
Ostrea lurida,19,,3,W,No Tide,15,18,6,4.907
Ostrea lurida,19,,1,W,No Tide,15,18,9,4.91
Ostrea lurida,19,,6,L,No Tide,15,18,10,4.934
Ostrea lurida,19,,7,L,No Tide,15,18,10,4.944
Ostrea lurida,19,,4,W,No Tide,15,18,10,4.945
Ostrea lurida,19,,4,W,Tide,15,18,9,4.965
Ostrea lurida,19,,9,L,No Tide,15,18,7,4.968
Ostrea lurida,19,,5,W,No Tide,15,18,6,4.986
Ostrea lurida,19,,2,L,Tide,15,18,10,4.99
Ostrea lurida,19,,8,W,Tide,15,18,9,4.993
Ostrea lurida,19,,8,W,No Tide,15,18,6,5.005
Ostrea lurida,19,,6,W,No Tide,15,18,9,5.01
Ostrea lurida,19,,1,W,Tide,15,18,9,5.016
Ostrea lurida,19,,6,W,Tide,15,18,7,5.025
Ostrea lurida,19,,9,W,Tide,15,18,7,5.045
Ostrea lurida,19,,3,W,No Tide,15,18,9,5.057
Ostrea lurida,19,,2,W,Tide,15,18,7,5.086
Ostrea lurida,19,,7,W,No Tide,15,18,7,5.11
Ostrea lurida,19,,1,W,No Tide,15,18,10,5.12
Ostrea lurida,19,,7,L,No Tide,15,18,9,5.132
Ostrea lurida,19,,2,W,Tide,15,18,9,5.169
Ostrea lurida,19,,7,W,Tide,15,18,6,5.183
Ostrea lurida,19,,9,W,No Tide,15,18,10,5.208
Ostrea lurida,19,,10,W,No Tide,15,18,9,5.248
Ostrea lurida,19,,4,L,Tide,15,18,9,5.254
Ostrea lurida,19,,2,W,No Tide,15,18,8,5.265
Ostrea lurida,19,,9,L,Tide,15,18,7,5.274
Ostrea lurida,19,,6,W,No Tide,15,18,10,5.297
Ostrea lurida,19,,3,L,No Tide,15,18,6,5.309
Ostrea lurida,19,,9,L,No Tide,15,18,9,5.341
Ostrea lurida,19,,1,W,Tide,15,18,7,5.367
Ostrea lurida,19,,8,W,No Tide,15,18,7,5.372
Ostrea lurida,19,,1,L,No Tide,15,18,9,5.378
Ostrea lurida,19,,10,W,No Tide,15,18,7,5.394
Ostrea lurida,19,,4,L,Tide,15,18,7,5.41
Ostrea lurida,19,,7,L,No Tide,15,18,6,5.459
Ostrea lurida,19,,2,W,No Tide,15,18,6,5.463
Ostrea lurida,19,,1,W,No Tide,15,18,8,5.464
Ostrea lurida,19,,6,W,Tide,15,18,9,5.514
Ostrea lurida,19,,5,L,No Tide,15,18,9,5.517
Ostrea lurida,19,,8,W,Tide,15,18,10,5.536
Ostrea lurida,19,,10,W,Tide,15,18,6,5.541
Ostrea lurida,19,,3,L,Tide,15,18,10,5.559
Ostrea lurida,19,,8,L,No Tide,15,18,6,5.571
Ostrea lurida,19,,9,L,Tide,15,18,8,5.627
Ostrea lurida,19,,8,L,No Tide,15,18,9,5.638
Ostrea lurida,19,,5,L,No Tide,15,18,7,5.643
Ostrea lurida,19,,6,W,Tide,15,18,8,5.67
Ostrea lurida,19,,10,L,No Tide,15,18,7,5.709
Ostrea lurida,19,,4,L,Tide,15,18,6,5.743
Ostrea lurida,19,,9,L,Tide,15,18,10,5.767
Ostrea lurida,19,,3,W,Tide,15,18,8,5.768
Ostrea lurida,19,,2,W,Tide,15,18,8,5.789
Ostrea lurida,19,,3,L,No Tide,15,18,9,5.81
Ostrea lurida,19,,7,L,Tide,15,18,10,5.828
Ostrea lurida,19,,3,L,No Tide,15,18,10,5.869
Ostrea lurida,19,,1,L,No Tide,15,18,7,5.871
Ostrea lurida,19,,6,L,Tide,15,18,7,5.904
Ostrea lurida,19,,6,L,Tide,15,18,10,5.939
Ostrea lurida,19,,5,L,Tide,15,18,10,5.957
Ostrea lurida,19,,6,L,No Tide,15,18,9,5.968
Ostrea lurida,19,,2,L,Tide,15,18,6,6
Ostrea lurida,19,,9,W,Tide,15,18,6,6
Ostrea lurida,19,,1,L,No Tide,15,18,10,6.024
Ostrea lurida,19,,10,L,No Tide,15,18,9,6.093
Ostrea lurida,19,,5,L,Tide,15,18,7,6.112
Ostrea lurida,19,,4,W,No Tide,15,18,7,6.116
Ostrea lurida,19,,4,L,No Tide,15,18,6,6.153
Ostrea lurida,19,,7,W,Tide,15,18,9,6.176
Ostrea lurida,19,,10,W,No Tide,15,18,6,6.187
Ostrea lurida,19,,1,W,No Tide,15,18,6,6.208
Ostrea lurida,19,,9,W,No Tide,15,18,8,6.218
Ostrea lurida,19,,8,W,No Tide,15,18,8,6.256
Ostrea lurida,19,,7,L,No Tide,15,18,7,6.286
Ostrea lurida,19,,6,W,No Tide,15,18,8,6.3
Ostrea lurida,19,,4,W,No Tide,15,18,8,6.306
Ostrea lurida,19,,1,L,No Tide,15,18,6,6.315
Ostrea lurida,19,,9,L,No Tide,15,18,6,6.317
Ostrea lurida,19,,8,L,No Tide,15,18,7,6.366
Ostrea lurida,19,,1,L,Tide,15,18,6,6.393
Ostrea lurida,19,,2,L,Tide,15,18,8,6.415
Ostrea lurida,19,,2,L,No Tide,15,18,6,6.439
Ostrea lurida,19,,1,L,Tide,15,18,9,6.446
Ostrea lurida,19,,8,L,Tide,15,18,10,6.471
Ostrea lurida,19,,10,L,No Tide,15,18,6,6.507
Ostrea lurida,19,,6,L,Tide,15,18,9,6.517
Ostrea lurida,19,,5,W,Tide,15,18,6,6.538
Ostrea lurida,19,,5,L,Tide,15,18,9,6.622
Ostrea lurida,19,,7,L,Tide,15,18,8,6.626
Ostrea lurida,19,,10,L,Tide,15,18,8,6.65
Ostrea lurida,19,,1,W,Tide,15,18,10,6.671
Ostrea lurida,19,,3,L,Tide,15,18,6,6.687
Ostrea lurida,19,,6,L,Tide,15,18,6,6.717
Ostrea lurida,19,,7,L,Tide,15,18,6,6.726
Ostrea lurida,19,,10,L,Tide,15,18,9,6.734
Ostrea lurida,19,,1,W,Tide,15,18,8,6.736
Ostrea lurida,19,,5,W,No Tide,15,18,8,6.777
Ostrea lurida,19,,3,L,Tide,15,18,7,6.801
Ostrea lurida,19,,8,L,Tide,15,18,9,6.811
Ostrea lurida,19,,9,L,Tide,15,18,6,6.827
Ostrea lurida,19,,1,L,Tide,15,18,10,6.848
Ostrea lurida,19,,10,L,Tide,15,18,7,6.872
Ostrea lurida,19,,10,W,No Tide,15,18,10,6.89
Ostrea lurida,19,,4,L,No Tide,15,18,7,6.901
Ostrea lurida,19,,6,L,Tide,15,18,8,6.943
Ostrea lurida,19,,4,W,Tide,15,18,8,7.042
Ostrea lurida,19,,4,L,Tide,15,18,8,7.126
Ostrea lurida,19,,9,L,No Tide,15,18,10,7.186
Ostrea lurida,19,,5,L,No Tide,15,18,6,7.321
Ostrea lurida,19,,10,L,No Tide,15,18,10,7.372
Ostrea lurida,19,,10,L,Tide,15,18,6,7.404
Ostrea lurida,19,,7,W,Tide,15,18,8,7.491
Ostrea lurida,19,,7,W,No Tide,15,18,8,7.491
Ostrea lurida,19,,8,L,Tide,15,18,8,7.494
Ostrea lurida,19,,3,W,No Tide,15,18,8,7.521
Ostrea lurida,19,,10,W,No Tide,15,18,8,7.549
Ostrea lurida,19,,2,L,No Tide,15,18,8,7.566
Ostrea lurida,19,,6,W,No Tide,15,18,7,7.58
Ostrea lurida,19,,5,L,Tide,15,18,6,7.582
Ostrea lurida,19,,4,L,No Tide,15,18,8,7.59
Ostrea lurida,19,,6,L,No Tide,15,18,7,7.595
Ostrea lurida,19,,1,L,Tide,15,18,8,7.607
Ostrea lurida,19,,1,L,No Tide,15,18,8,7.621
Ostrea lurida,19,,1,L,Tide,15,18,7,7.705
Ostrea lurida,19,,5,W,Tide,15,18,8,7.903
Ostrea lurida,19,,3,L,Tide,15,18,8,7.98
Ostrea lurida,19,,5,L,No Tide,15,18,8,8.055
Ostrea lurida,19,,7,L,Tide,15,18,9,8.062
Ostrea lurida,19,,10,L,No Tide,15,18,8,8.109
Ostrea lurida,19,,5,L,Tide,15,18,8,8.203
Ostrea lurida,19,,3,L,No Tide,15,18,8,8.208
Ostrea lurida,19,,4,L,No Tide,15,18,10,8.592
Ostrea lurida,19,,6,L,No Tide,15,18,8,8.682
Ostrea lurida,19,,8,W,Tide,15,18,8,8.761
Ostrea lurida,19,,9,L,No Tide,15,18,8,8.838
Ostrea lurida,19,,8,L,No Tide,15,18,8,9.551
Ostrea lurida,19,,7,L,No Tide,15,18,8,10.549
Ostrea lurida,19,,5,W,Tide,15,21,17,2.857
Ostrea lurida,19,,5,W,No Tide,15,21,18,3.169
Ostrea lurida,19,,1,W,No Tide,15,21,17,3.23
Ostrea lurida,19,,1,W,Tide,15,21,17,3.358
Ostrea lurida,19,,3,W,No Tide,15,21,19,3.643
Ostrea lurida,19,,5,W,Tide,15,21,18,3.67
Ostrea lurida,19,,8,W,Tide,15,21,17,3.681
Ostrea lurida,19,,1,W,Tide,15,21,19,3.681
Ostrea lurida,19,,8,W,No Tide,15,21,19,3.72
Ostrea lurida,19,,1,W,No Tide,15,21,19,3.767
Ostrea lurida,19,,2,W,Tide,15,21,19,3.779
Ostrea lurida,19,,10,W,Tide,15,21,20,3.795
Ostrea lurida,19,,4,W,No Tide,15,21,17,3.874
Ostrea lurida,19,,5,W,Tide,15,21,19,3.891
Ostrea lurida,19,,1,W,Tide,15,21,20,3.919
Ostrea lurida,19,,5,L,Tide,15,21,17,3.989
Ostrea lurida,19,,9,W,No Tide,15,21,20,3.997
Ostrea lurida,19,,7,W,Tide,15,21,17,4.039
Ostrea lurida,19,,6,W,Tide,15,21,17,4.071
Ostrea lurida,19,,9,W,Tide,15,21,19,4.101
Ostrea lurida,19,,3,W,Tide,15,21,19,4.104
Ostrea lurida,19,,5,W,No Tide,15,21,19,4.12
Ostrea lurida,19,,7,W,No Tide,15,21,17,4.123
Ostrea lurida,19,,2,W,No Tide,15,21,17,4.214
Ostrea lurida,19,,8,W,No Tide,15,21,17,4.219
Ostrea lurida,19,,10,W,No Tide,15,21,19,4.27
Ostrea lurida,19,,3,W,Tide,15,21,16,4.283
Ostrea lurida,19,,3,W,No Tide,15,21,16,4.283
Ostrea lurida,19,,10,W,No Tide,15,21,16,4.293
Ostrea lurida,19,,6,W,No Tide,15,21,17,4.338
Ostrea lurida,19,,5,W,No Tide,15,21,20,4.367
Ostrea lurida,19,,1,L,Tide,15,21,17,4.408
Ostrea lurida,19,,9,W,Tide,15,21,17,4.444
Ostrea lurida,19,,2,L,No Tide,15,21,17,4.444
Ostrea lurida,19,,8,W,Tide,15,21,19,4.453
Ostrea lurida,19,,3,W,Tide,15,21,17,4.457
Ostrea lurida,19,,2,W,Tide,15,21,20,4.458
Ostrea lurida,19,,9,W,Tide,15,21,20,4.472
Ostrea lurida,19,,2,W,Tide,15,21,17,4.473
Ostrea lurida,19,,4,W,No Tide,15,21,20,4.486
Ostrea lurida,19,,6,W,Tide,15,21,19,4.534
Ostrea lurida,19,,8,L,Tide,15,21,17,4.54
Ostrea lurida,19,,7,W,Tide,15,21,18,4.553
Ostrea lurida,19,,8,L,No Tide,15,21,17,4.601
Ostrea lurida,19,,8,W,Tide,15,21,16,4.607
Ostrea lurida,19,,4,W,Tide,15,21,16,4.62
Ostrea lurida,19,,7,W,No Tide,15,21,18,4.621
Ostrea lurida,19,,9,W,No Tide,15,21,19,4.645
Ostrea lurida,19,,9,W,Tide,15,21,18,4.651
Ostrea lurida,19,,9,W,Tide,15,21,16,4.679
Ostrea lurida,19,,6,W,Tide,15,21,18,4.699
Ostrea lurida,19,,2,L,Tide,15,21,20,4.791
Ostrea lurida,19,,9,W,No Tide,15,21,18,4.793
Ostrea lurida,19,,7,W,Tide,15,21,19,4.796
Ostrea lurida,19,,2,W,No Tide,15,21,16,4.802
Ostrea lurida,19,,7,L,No Tide,15,21,17,4.811
Ostrea lurida,19,,3,W,Tide,15,21,20,4.818
Ostrea lurida,19,,4,W,No Tide,15,21,18,4.854
Ostrea lurida,19,,4,W,Tide,15,21,17,4.857
Ostrea lurida,19,,4,W,No Tide,15,21,19,4.882
Ostrea lurida,19,,3,L,Tide,15,21,19,4.883
Ostrea lurida,19,,6,L,No Tide,15,21,17,4.89
Ostrea lurida,19,,5,L,No Tide,15,21,18,4.907
Ostrea lurida,19,,3,W,Tide,15,21,18,4.94
Ostrea lurida,19,,1,L,No Tide,15,21,19,4.973
Ostrea lurida,19,,8,W,No Tide,15,21,18,4.974
Ostrea lurida,19,,6,W,Tide,15,21,20,5
Ostrea lurida,19,,9,W,No Tide,15,21,17,5.004
Ostrea lurida,19,,6,L,Tide,15,21,17,5.005
Ostrea lurida,19,,1,L,Tide,15,21,19,5.014
Ostrea lurida,19,,8,L,No Tide,15,21,19,5.038
Ostrea lurida,19,,1,W,Tide,15,21,18,5.039
Ostrea lurida,19,,1,W,No Tide,15,21,20,5.052
Ostrea lurida,19,,9,W,No Tide,15,21,16,5.065
Ostrea lurida,19,,8,W,No Tide,15,21,20,5.094
Ostrea lurida,19,,1,L,No Tide,15,21,17,5.11
Ostrea lurida,19,,7,W,No Tide,15,21,19,5.116
Ostrea lurida,19,,4,W,No Tide,15,21,16,5.122
Ostrea lurida,19,,9,L,Tide,15,21,19,5.13
Ostrea lurida,19,,6,W,No Tide,15,21,18,5.157
Ostrea lurida,19,,5,L,Tide,15,21,19,5.218
Ostrea lurida,19,,10,L,No Tide,15,21,16,5.258
Ostrea lurida,19,,5,L,No Tide,15,21,19,5.31
Ostrea lurida,19,,2,W,No Tide,15,21,19,5.311
Ostrea lurida,19,,10,W,Tide,15,21,19,5.338
Ostrea lurida,19,,8,L,Tide,15,21,16,5.354
Ostrea lurida,19,,8,W,No Tide,15,21,16,5.361
Ostrea lurida,19,,4,L,No Tide,15,21,20,5.394
Ostrea lurida,19,,3,L,Tide,15,21,20,5.404
Ostrea lurida,19,,4,W,Tide,15,21,18,5.407
Ostrea lurida,19,,3,L,No Tide,15,21,19,5.469
Ostrea lurida,19,,2,W,No Tide,15,21,18,5.48
Ostrea lurida,19,,7,W,No Tide,15,21,20,5.505
Ostrea lurida,19,,8,L,Tide,15,21,19,5.539
Ostrea lurida,19,,9,L,No Tide,15,21,20,5.546
Ostrea lurida,19,,5,L,No Tide,15,21,20,5.55
Ostrea lurida,19,,10,W,No Tide,15,21,18,5.568
Ostrea lurida,19,,9,L,No Tide,15,21,17,5.57
Ostrea lurida,19,,2,W,No Tide,15,21,20,5.578
Ostrea lurida,19,,4,L,No Tide,15,21,18,5.602
Ostrea lurida,19,,4,L,Tide,15,21,17,5.606
Ostrea lurida,19,,4,W,Tide,15,21,19,5.627
Ostrea lurida,19,,4,L,Tide,15,21,16,5.684
Ostrea lurida,19,,9,L,Tide,15,21,18,5.69
Ostrea lurida,19,,7,W,Tide,15,21,16,5.762
Ostrea lurida,19,,8,L,No Tide,15,21,16,5.769
Ostrea lurida,19,,7,W,Tide,15,21,20,5.789
Ostrea lurida,19,,5,W,No Tide,15,21,17,5.811
Ostrea lurida,19,,10,L,No Tide,15,21,18,5.812
Ostrea lurida,19,,5,W,Tide,15,21,16,5.821
Ostrea lurida,19,,9,L,No Tide,15,21,16,5.826
Ostrea lurida,19,,7,L,Tide,15,21,17,5.851
Ostrea lurida,19,,4,L,No Tide,15,21,17,5.934
Ostrea lurida,19,,9,L,Tide,15,21,16,5.984
Ostrea lurida,19,,4,L,No Tide,15,21,19,6.001
Ostrea lurida,19,,5,L,No Tide,15,21,17,6.023
Ostrea lurida,19,,2,L,Tide,15,21,17,6.031
Ostrea lurida,19,,6,L,Tide,15,21,18,6.033
Ostrea lurida,19,,10,W,Tide,15,21,16,6.047
Ostrea lurida,19,,5,W,Tide,15,21,20,6.047
Ostrea lurida,19,,5,L,Tide,15,21,16,6.058
Ostrea lurida,19,,3,W,No Tide,15,21,17,6.064
Ostrea lurida,19,,2,L,No Tide,15,21,18,6.066
Ostrea lurida,19,,10,L,Tide,15,21,20,6.078
Ostrea lurida,19,,7,L,Tide,15,21,18,6.083
Ostrea lurida,19,,6,W,No Tide,15,21,19,6.101
Ostrea lurida,19,,2,L,No Tide,15,21,19,6.113
Ostrea lurida,19,,6,W,No Tide,15,21,20,6.138
Ostrea lurida,19,,10,W,No Tide,15,21,17,6.152
Ostrea lurida,19,,1,W,No Tide,15,21,16,6.157
Ostrea lurida,19,,1,W,No Tide,15,21,18,6.184
Ostrea lurida,19,,3,L,No Tide,15,21,16,6.205
Ostrea lurida,19,,6,L,Tide,15,21,20,6.214
Ostrea lurida,19,,3,L,No Tide,15,21,17,6.228
Ostrea lurida,19,,2,W,Tide,15,21,16,6.244
Ostrea lurida,19,,9,L,Tide,15,21,20,6.313
Ostrea lurida,19,,2,W,Tide,15,21,18,6.325
Ostrea lurida,19,,10,W,Tide,15,21,18,6.326
Ostrea lurida,19,,7,W,No Tide,15,21,16,6.34
Ostrea lurida,19,,10,L,No Tide,15,21,19,6.35
Ostrea lurida,19,,5,L,Tide,15,21,18,6.372
Ostrea lurida,19,,2,L,Tide,15,21,19,6.399
Ostrea lurida,19,,7,L,No Tide,15,21,18,6.437
Ostrea lurida,19,,4,W,Tide,15,21,20,6.456
Ostrea lurida,19,,4,L,Tide,15,21,18,6.494
Ostrea lurida,19,,1,L,Tide,15,21,18,6.508
Ostrea lurida,19,,8,L,No Tide,15,21,20,6.526
Ostrea lurida,19,,6,W,No Tide,15,21,16,6.546
Ostrea lurida,19,,5,L,Tide,15,21,20,6.571
Ostrea lurida,19,,8,W,Tide,15,21,20,6.571
Ostrea lurida,19,,3,L,Tide,15,21,16,6.578
Ostrea lurida,19,,1,L,Tide,15,21,20,6.596
Ostrea lurida,19,,8,L,Tide,15,21,18,6.619
Ostrea lurida,19,,1,L,No Tide,15,21,20,6.646
Ostrea lurida,19,,3,L,Tide,15,21,17,6.692
Ostrea lurida,19,,2,L,No Tide,15,21,16,6.723
Ostrea lurida,19,,7,L,No Tide,15,21,19,6.742
Ostrea lurida,19,,6,L,No Tide,15,21,20,6.81
Ostrea lurida,19,,3,L,No Tide,15,21,20,6.841
Ostrea lurida,19,,4,L,Tide,15,21,19,6.864
Ostrea lurida,19,,10,L,No Tide,15,21,17,6.868
Ostrea lurida,19,,8,W,Tide,15,21,18,6.868
Ostrea lurida,19,,8,L,No Tide,15,21,18,6.887
Ostrea lurida,19,,5,W,No Tide,15,21,16,6.964
Ostrea lurida,19,,9,L,Tide,15,21,17,7.085
Ostrea lurida,19,,3,W,No Tide,15,21,18,7.097
Ostrea lurida,19,,9,L,No Tide,15,21,18,7.181
Ostrea lurida,19,,4,L,Tide,15,21,20,7.189
Ostrea lurida,19,,3,W,No Tide,15,21,20,7.193
Ostrea lurida,19,,6,L,Tide,15,21,19,7.197
Ostrea lurida,19,,5,L,No Tide,15,21,16,7.229
Ostrea lurida,19,,7,L,Tide,15,21,20,7.282
Ostrea lurida,19,,7,L,Tide,15,21,16,7.316
Ostrea lurida,19,,7,L,No Tide,15,21,20,7.347
Ostrea lurida,19,,10,L,Tide,15,21,18,7.357
Ostrea lurida,19,,3,L,Tide,15,21,18,7.404
Ostrea lurida,19,,4,L,No Tide,15,21,16,7.457
Ostrea lurida,19,,2,L,Tide,15,21,16,7.5
Ostrea lurida,19,,2,L,Tide,15,21,18,7.509
Ostrea lurida,19,,10,L,Tide,15,21,19,7.547
Ostrea lurida,19,,2,L,No Tide,15,21,20,7.556
Ostrea lurida,19,,9,L,No Tide,15,21,19,7.61
Ostrea lurida,19,,3,L,No Tide,15,21,18,7.711
Ostrea lurida,19,,6,L,Tide,15,21,16,7.739
Ostrea lurida,19,,6,L,No Tide,15,21,16,7.792
Ostrea lurida,19,,10,L,Tide,15,21,16,7.845
Ostrea lurida,19,,1,L,No Tide,15,21,16,7.922
Ostrea lurida,19,,7,L,No Tide,15,21,16,8.016
Ostrea lurida,19,,7,L,Tide,15,21,19,8.034
Ostrea lurida,19,,6,L,No Tide,15,21,19,8.14
Ostrea lurida,19,,6,W,Tide,15,21,16,8.336
Ostrea lurida,19,,10,L,No Tide,15,21,20,8.557
Ostrea lurida,19,,1,L,No Tide,15,21,18,8.952
Ostrea lurida,19,,10,W,No Tide,15,21,20,8.958
Ostrea lurida,19,,6,L,No Tide,15,21,18,9.011
Ostrea lurida,19,,8,L,Tide,15,21,20,9.082
Ostrea lurida,19,,1,L,Tide,15,21,16,
Ostrea lurida,19,,1,W,Tide,15,21,16,
Ostrea lurida,19,,10,L,Tide,15,21,17,
Ostrea lurida,19,,10,W,Tide,15,21,17,
Ostrea lurida,19,,6,W,No Tide,15,24,15,2.98
Ostrea lurida,19,,8,W,Tide,15,24,11,3.424
Ostrea lurida,19,,9,W,Tide,15,24,11,3.525
Ostrea lurida,19,,10,W,Tide,15,24,13,3.678
Ostrea lurida,19,,8,W,No Tide,15,24,15,3.723
Ostrea lurida,19,,2,W,Tide,15,24,11,3.795
Ostrea lurida,19,,2,W,Tide,15,24,15,3.795
Ostrea lurida,19,,2,W,No Tide,15,24,15,3.83
Ostrea lurida,19,,6,W,Tide,15,24,14,3.835
Ostrea lurida,19,,10,W,No Tide,15,24,14,3.871
Ostrea lurida,19,,2,W,Tide,15,24,14,3.98
Ostrea lurida,19,,7,W,No Tide,15,24,14,3.999
Ostrea lurida,19,,1,W,No Tide,15,24,12,4.025
Ostrea lurida,19,,6,L,No Tide,15,24,15,4.039
Ostrea lurida,19,,6,W,No Tide,15,24,11,4.074
Ostrea lurida,19,,4,L,No Tide,15,24,15,4.105
Ostrea lurida,19,,8,W,Tide,15,24,14,4.147
Ostrea lurida,19,,7,W,No Tide,15,24,15,4.167
Ostrea lurida,19,,4,W,No Tide,15,24,15,4.197
Ostrea lurida,19,,9,W,Tide,15,24,13,4.247
Ostrea lurida,19,,4,W,Tide,15,24,15,4.287
Ostrea lurida,19,,7,L,No Tide,15,24,14,4.293
Ostrea lurida,19,,3,W,Tide,15,24,11,4.304
Ostrea lurida,19,,1,W,No Tide,15,24,13,4.311
Ostrea lurida,19,,5,W,Tide,15,24,14,4.316
Ostrea lurida,19,,2,L,Tide,15,24,15,4.365
Ostrea lurida,19,,4,W,No Tide,15,24,14,4.366
Ostrea lurida,19,,3,W,No Tide,15,24,15,4.393
Ostrea lurida,19,,7,W,No Tide,15,24,11,4.471
Ostrea lurida,19,,3,W,No Tide,15,24,12,4.482
Ostrea lurida,19,,1,W,Tide,15,24,12,4.491
Ostrea lurida,19,,1,W,No Tide,15,24,15,4.491
Ostrea lurida,19,,9,W,Tide,15,24,14,4.523
Ostrea lurida,19,,4,W,Tide,15,24,11,4.526
Ostrea lurida,19,,5,W,No Tide,15,24,15,4.536
Ostrea lurida,19,,9,L,Tide,15,24,11,4.54
Ostrea lurida,19,,8,W,Tide,15,24,15,4.547
Ostrea lurida,19,,3,W,Tide,15,24,12,4.56
Ostrea lurida,19,,1,W,Tide,15,24,14,4.564
Ostrea lurida,19,,7,W,Tide,15,24,15,4.669
Ostrea lurida,19,,9,L,Tide,15,24,14,4.698
Ostrea lurida,19,,8,W,Tide,15,24,12,4.722
Ostrea lurida,19,,8,L,No Tide,15,24,14,4.757
Ostrea lurida,19,,4,L,Tide,15,24,11,4.777
Ostrea lurida,19,,8,W,No Tide,15,24,11,4.817
Ostrea lurida,19,,9,W,No Tide,15,24,14,4.819
Ostrea lurida,19,,1,L,No Tide,15,24,14,4.827
Ostrea lurida,19,,3,W,No Tide,15,24,11,4.835
Ostrea lurida,19,,9,W,No Tide,15,24,15,4.837
Ostrea lurida,19,,8,L,No Tide,15,24,11,4.841
Ostrea lurida,19,,4,W,No Tide,15,24,13,4.852
Ostrea lurida,19,,1,W,No Tide,15,24,11,4.871
Ostrea lurida,19,,8,W,No Tide,15,24,14,4.885
Ostrea lurida,19,,5,L,Tide,15,24,14,4.892
Ostrea lurida,19,,2,W,Tide,15,24,13,4.902
Ostrea lurida,19,,10,W,No Tide,15,24,11,4.908
Ostrea lurida,19,,7,W,Tide,15,24,11,4.922
Ostrea lurida,19,,1,W,No Tide,15,24,14,4.937
Ostrea lurida,19,,2,W,Tide,15,24,12,4.974
Ostrea lurida,19,,2,W,No Tide,15,24,11,4.976
Ostrea lurida,19,,10,W,Tide,15,24,11,4.979
Ostrea lurida,19,,8,W,No Tide,15,24,12,4.983
Ostrea lurida,19,,5,W,Tide,15,24,11,4.991
Ostrea lurida,19,,7,W,No Tide,15,24,13,4.992
Ostrea lurida,19,,4,L,Tide,15,24,15,5.019
Ostrea lurida,19,,1,L,No Tide,15,24,12,5.023
Ostrea lurida,19,,4,W,Tide,15,24,12,5.058
Ostrea lurida,19,,10,W,Tide,15,24,15,5.07
Ostrea lurida,19,,10,L,Tide,15,24,13,5.074
Ostrea lurida,19,,9,W,No Tide,15,24,11,5.078
Ostrea lurida,19,,4,W,Tide,15,24,14,5.119
Ostrea lurida,19,,7,L,Tide,15,24,15,5.136
Ostrea lurida,19,,10,L,No Tide,15,24,11,5.145
Ostrea lurida,19,,10,L,Tide,15,24,11,5.154
Ostrea lurida,19,,9,W,No Tide,15,24,13,5.168
Ostrea lurida,19,,10,W,No Tide,15,24,15,5.182
Ostrea lurida,19,,2,L,Tide,15,24,12,5.258
Ostrea lurida,19,,6,L,Tide,15,24,14,5.302
Ostrea lurida,19,,1,W,Tide,15,24,13,5.318
Ostrea lurida,19,,6,W,Tide,15,24,12,5.364
Ostrea lurida,19,,5,L,Tide,15,24,11,5.41
Ostrea lurida,19,,10,W,No Tide,15,24,13,5.414
Ostrea lurida,19,,8,L,Tide,15,24,15,5.421
Ostrea lurida,19,,2,L,Tide,15,24,11,5.423
Ostrea lurida,19,,5,W,Tide,15,24,15,5.424
Ostrea lurida,19,,5,L,No Tide,15,24,15,5.43
Ostrea lurida,19,,9,L,Tide,15,24,13,5.458
Ostrea lurida,19,,6,L,No Tide,15,24,11,5.469
Ostrea lurida,19,,6,W,No Tide,15,24,12,5.482
Ostrea lurida,19,,2,W,No Tide,15,24,14,5.482
Ostrea lurida,19,,3,W,Tide,15,24,13,5.49
Ostrea lurida,19,,3,L,No Tide,15,24,11,5.506
Ostrea lurida,19,,9,W,Tide,15,24,15,5.516
Ostrea lurida,19,,6,W,No Tide,15,24,14,5.531
Ostrea lurida,19,,7,L,Tide,15,24,12,5.581
Ostrea lurida,19,,4,L,Tide,15,24,14,5.597
Ostrea lurida,19,,8,L,No Tide,15,24,15,5.605
Ostrea lurida,19,,7,W,Tide,15,24,12,5.606
Ostrea lurida,19,,1,W,Tide,15,24,15,5.61
Ostrea lurida,19,,8,W,Tide,15,24,13,5.617
Ostrea lurida,19,,5,W,No Tide,15,24,11,5.64
Ostrea lurida,19,,5,L,No Tide,15,24,14,5.677
Ostrea lurida,19,,7,L,No Tide,15,24,11,5.707
Ostrea lurida,19,,1,W,Tide,15,24,11,5.709
Ostrea lurida,19,,3,W,No Tide,15,24,14,5.714
Ostrea lurida,19,,8,L,Tide,15,24,11,5.736
Ostrea lurida,19,,4,L,No Tide,15,24,13,5.736
Ostrea lurida,19,,3,L,No Tide,15,24,15,5.742
Ostrea lurida,19,,9,L,No Tide,15,24,15,5.751
Ostrea lurida,19,,10,L,No Tide,15,24,14,5.752
Ostrea lurida,19,,2,L,No Tide,15,24,15,5.759
Ostrea lurida,19,,5,L,Tide,15,24,15,5.782
Ostrea lurida,19,,3,L,Tide,15,24,12,5.828
Ostrea lurida,19,,8,L,Tide,15,24,12,5.836
Ostrea lurida,19,,3,L,Tide,15,24,13,5.891
Ostrea lurida,19,,9,L,No Tide,15,24,11,5.91
Ostrea lurida,19,,4,L,No Tide,15,24,14,5.912
Ostrea lurida,19,,7,W,Tide,15,24,14,5.919
Ostrea lurida,19,,5,W,No Tide,15,24,13,5.92
Ostrea lurida,19,,6,W,Tide,15,24,11,5.941
Ostrea lurida,19,,6,W,No Tide,15,24,13,5.944
Ostrea lurida,19,,10,L,No Tide,15,24,15,5.945
Ostrea lurida,19,,4,W,No Tide,15,24,12,5.955
Ostrea lurida,19,,10,W,Tide,15,24,12,5.969
Ostrea lurida,19,,7,L,Tide,15,24,11,5.974
Ostrea lurida,19,,1,L,No Tide,15,24,11,6.005
Ostrea lurida,19,,10,W,Tide,15,24,14,6.045
Ostrea lurida,19,,6,W,Tide,15,24,13,6.062
Ostrea lurida,19,,9,W,No Tide,15,24,12,6.065
Ostrea lurida,19,,5,W,No Tide,15,24,14,6.077
Ostrea lurida,19,,1,L,Tide,15,24,12,6.083
Ostrea lurida,19,,4,W,Tide,15,24,13,6.126
Ostrea lurida,19,,6,L,No Tide,15,24,14,6.138
Ostrea lurida,19,,6,L,No Tide,15,24,12,6.143
Ostrea lurida,19,,8,L,Tide,15,24,13,6.146
Ostrea lurida,19,,5,W,No Tide,15,24,12,6.154
Ostrea lurida,19,,2,W,No Tide,15,24,12,6.157
Ostrea lurida,19,,10,W,No Tide,15,24,12,6.161
Ostrea lurida,19,,2,W,No Tide,15,24,13,6.165
Ostrea lurida,19,,1,L,No Tide,15,24,15,6.166
Ostrea lurida,19,,2,L,Tide,15,24,14,6.217
Ostrea lurida,19,,7,L,No Tide,15,24,15,6.217
Ostrea lurida,19,,2,L,No Tide,15,24,14,6.22
Ostrea lurida,19,,1,L,No Tide,15,24,13,6.224
Ostrea lurida,19,,1,L,Tide,15,24,15,6.298
Ostrea lurida,19,,10,L,Tide,15,24,14,6.352
Ostrea lurida,19,,9,L,No Tide,15,24,14,6.384
Ostrea lurida,19,,6,L,Tide,15,24,11,6.413
Ostrea lurida,19,,3,L,No Tide,15,24,14,6.425
Ostrea lurida,19,,4,L,No Tide,15,24,12,6.436
Ostrea lurida,19,,3,L,No Tide,15,24,12,6.444
Ostrea lurida,19,,5,W,Tide,15,24,13,6.464
Ostrea lurida,19,,4,L,No Tide,15,24,11,6.506
Ostrea lurida,19,,2,L,No Tide,15,24,11,6.534
Ostrea lurida,19,,5,W,Tide,15,24,12,6.545
Ostrea lurida,19,,3,W,No Tide,15,24,13,6.58
Ostrea lurida,19,,7,W,Tide,15,24,13,6.611
Ostrea lurida,19,,2,L,Tide,15,24,13,6.615
Ostrea lurida,19,,8,L,Tide,15,24,14,6.64
Ostrea lurida,19,,8,L,No Tide,15,24,12,6.653
Ostrea lurida,19,,6,L,Tide,15,24,15,6.657
Ostrea lurida,19,,4,W,No Tide,15,24,11,6.698
Ostrea lurida,19,,9,W,Tide,15,24,12,6.71
Ostrea lurida,19,,1,L,Tide,15,24,11,6.785
Ostrea lurida,19,,7,L,Tide,15,24,14,6.791
Ostrea lurida,19,,6,L,Tide,15,24,12,6.81
Ostrea lurida,19,,1,L,Tide,15,24,13,6.819
Ostrea lurida,19,,3,L,Tide,15,24,11,6.888
Ostrea lurida,19,,9,L,Tide,15,24,15,6.908
Ostrea lurida,19,,10,L,Tide,15,24,15,6.911
Ostrea lurida,19,,9,L,No Tide,15,24,13,6.926
Ostrea lurida,19,,3,W,Tide,15,24,15,6.93
Ostrea lurida,19,,10,L,Tide,15,24,12,6.939
Ostrea lurida,19,,10,L,No Tide,15,24,12,7.03
Ostrea lurida,19,,7,L,Tide,15,24,13,7.058
Ostrea lurida,19,,7,L,No Tide,15,24,12,7.09
Ostrea lurida,19,,3,L,No Tide,15,24,13,7.098
Ostrea lurida,19,,1,L,Tide,15,24,14,7.123
Ostrea lurida,19,,7,W,No Tide,15,24,12,7.14
Ostrea lurida,19,,6,L,No Tide,15,24,13,7.153
Ostrea lurida,19,,10,L,No Tide,15,24,13,7.186
Ostrea lurida,19,,6,W,Tide,15,24,15,7.314
Ostrea lurida,19,,6,L,Tide,15,24,13,7.377
Ostrea lurida,19,,5,L,No Tide,15,24,13,7.391
Ostrea lurida,19,,5,L,No Tide,15,24,11,7.393
Ostrea lurida,19,,5,L,Tide,15,24,12,7.46
Ostrea lurida,19,,4,L,Tide,15,24,13,7.497
Ostrea lurida,19,,2,L,No Tide,15,24,13,7.541
Ostrea lurida,19,,4,L,Tide,15,24,12,7.644
Ostrea lurida,19,,3,W,Tide,15,24,14,7.801
Ostrea lurida,19,,2,L,No Tide,15,24,12,7.857
Ostrea lurida,19,,9,L,No Tide,15,24,12,7.887
Ostrea lurida,19,,9,L,Tide,15,24,12,7.911
Ostrea lurida,19,,5,L,Tide,15,24,13,7.912
Ostrea lurida,19,,3,L,Tide,15,24,15,7.958
Ostrea lurida,19,,8,W,No Tide,15,24,13,8.193
Ostrea lurida,19,,3,L,Tide,15,24,14,8.261
Ostrea lurida,19,,5,L,No Tide,15,24,12,8.325
Ostrea lurida,19,,7,L,No Tide,15,24,13,8.483
Ostrea lurida,19,,8,L,No Tide,15,24,13,10.117
Ostrea lurida,19,,8,W,No Tide,21,15,1,2.487
Ostrea lurida,19,,3,W,Tide,21,15,1,2.679
Ostrea lurida,19,,8,W,No Tide,21,15,4,2.924
Ostrea lurida,19,,6,W,Tide,21,15,1,3.152
Ostrea lurida,19,,1,W,Tide,21,15,5,3.33
Ostrea lurida,19,,9,W,Tide,21,15,2,3.41
Ostrea lurida,19,,3,W,No Tide,21,15,2,3.571
Ostrea lurida,19,,8,L,No Tide,21,15,1,3.632
Ostrea lurida,19,,9,W,Tide,21,15,5,3.725
Ostrea lurida,19,,3,L,Tide,21,15,1,3.814
Ostrea lurida,19,,10,W,No Tide,21,15,2,3.827
Ostrea lurida,19,,5,W,Tide,21,15,5,3.94
Ostrea lurida,19,,7,W,Tide,21,15,1,3.947
Ostrea lurida,19,,10,W,Tide,21,15,2,3.948
Ostrea lurida,19,,4,W,Tide,21,15,5,3.963
Ostrea lurida,19,,4,W,No Tide,21,15,4,3.965
Ostrea lurida,19,,7,W,Tide,21,15,4,3.967
Ostrea lurida,19,,5,W,No Tide,21,15,5,3.981
Ostrea lurida,19,,7,W,No Tide,21,15,4,3.989
Ostrea lurida,19,,10,W,No Tide,21,15,3,4.006
Ostrea lurida,19,,3,W,Tide,21,15,4,4.014
Ostrea lurida,19,,8,L,No Tide,21,15,4,4.031
Ostrea lurida,19,,8,W,No Tide,21,15,2,4.032
Ostrea lurida,19,,8,W,Tide,21,15,4,4.056
Ostrea lurida,19,,5,W,Tide,21,15,1,4.07
Ostrea lurida,19,,2,L,No Tide,21,15,1,4.077
Ostrea lurida,19,,9,W,No Tide,21,15,5,4.077
Ostrea lurida,19,,9,W,Tide,21,15,1,4.111
Ostrea lurida,19,,3,W,Tide,21,15,3,4.111
Ostrea lurida,19,,2,W,Tide,21,15,5,4.119
Ostrea lurida,19,,9,W,No Tide,21,15,2,4.156
Ostrea lurida,19,,6,W,No Tide,21,15,5,4.177
Ostrea lurida,19,,1,W,Tide,21,15,4,4.21
Ostrea lurida,19,,6,L,Tide,21,15,2,4.243
Ostrea lurida,19,,10,L,Tide,21,15,1,4.293
Ostrea lurida,19,,1,W,Tide,21,15,1,4.303
Ostrea lurida,19,,10,W,Tide,21,15,5,4.34
Ostrea lurida,19,,2,W,Tide,21,15,1,4.378
Ostrea lurida,19,,5,W,No Tide,21,15,1,4.383
Ostrea lurida,19,,3,L,Tide,21,15,4,4.441
Ostrea lurida,19,,10,W,No Tide,21,15,4,4.443
Ostrea lurida,19,,1,W,No Tide,21,15,2,4.473
Ostrea lurida,19,,1,L,Tide,21,15,5,4.495
Ostrea lurida,19,,7,W,No Tide,21,15,5,4.495
Ostrea lurida,19,,9,W,Tide,21,15,4,4.582
Ostrea lurida,19,,7,L,Tide,21,15,5,4.594
Ostrea lurida,19,,9,L,Tide,21,15,5,4.62
Ostrea lurida,19,,10,W,Tide,21,15,1,4.624
Ostrea lurida,19,,2,W,No Tide,21,15,3,4.652
Ostrea lurida,19,,3,L,Tide,21,15,2,4.694
Ostrea lurida,19,,1,L,Tide,21,15,4,4.723
Ostrea lurida,19,,4,W,No Tide,21,15,2,4.743
Ostrea lurida,19,,2,W,No Tide,21,15,1,4.761
Ostrea lurida,19,,4,L,Tide,21,15,2,4.823
Ostrea lurida,19,,5,W,Tide,21,15,2,4.827
Ostrea lurida,19,,5,L,Tide,21,15,5,4.829
Ostrea lurida,19,,9,L,No Tide,21,15,2,4.867
Ostrea lurida,19,,6,L,Tide,21,15,1,4.9
Ostrea lurida,19,,8,W,Tide,21,15,5,4.954
Ostrea lurida,19,,7,W,No Tide,21,15,3,4.975
Ostrea lurida,19,,8,L,Tide,21,15,4,4.978
Ostrea lurida,19,,2,L,Tide,21,15,1,4.98
Ostrea lurida,19,,5,W,No Tide,21,15,3,4.994
Ostrea lurida,19,,7,L,No Tide,21,15,4,5.011
Ostrea lurida,19,,9,W,No Tide,21,15,4,5.039
Ostrea lurida,19,,4,W,Tide,21,15,3,5.054
Ostrea lurida,19,,7,W,No Tide,21,15,2,5.069
Ostrea lurida,19,,6,W,No Tide,21,15,3,5.122
Ostrea lurida,19,,9,L,No Tide,21,15,4,5.176
Ostrea lurida,19,,5,W,No Tide,21,15,2,5.179
Ostrea lurida,19,,9,W,No Tide,21,15,3,5.204
Ostrea lurida,19,,3,W,Tide,21,15,5,5.303
Ostrea lurida,19,,1,W,No Tide,21,15,1,5.304
Ostrea lurida,19,,3,L,Tide,21,15,3,5.339
Ostrea lurida,19,,10,L,No Tide,21,15,3,5.4
Ostrea lurida,19,,3,L,No Tide,21,15,4,5.418
Ostrea lurida,19,,7,L,Tide,21,15,1,5.431
Ostrea lurida,19,,10,L,Tide,21,15,5,5.433
Ostrea lurida,19,,7,L,No Tide,21,15,5,5.448
Ostrea lurida,19,,3,W,No Tide,21,15,1,5.461
Ostrea lurida,19,,8,L,No Tide,21,15,2,5.468
Ostrea lurida,19,,9,L,Tide,21,15,2,5.495
Ostrea lurida,19,,7,L,Tide,21,15,4,5.524
Ostrea lurida,19,,4,W,No Tide,21,15,1,5.532
Ostrea lurida,19,,4,W,Tide,21,15,4,5.534
Ostrea lurida,19,,10,L,Tide,21,15,2,5.556
Ostrea lurida,19,,9,W,Tide,21,15,3,5.556
Ostrea lurida,19,,2,W,No Tide,21,15,2,5.568
Ostrea lurida,19,,7,W,Tide,21,15,5,5.585
Ostrea lurida,19,,5,L,Tide,21,15,1,5.647
Ostrea lurida,19,,1,W,No Tide,21,15,5,5.651
Ostrea lurida,19,,10,W,No Tide,21,15,1,5.664
Ostrea lurida,19,,10,W,Tide,21,15,3,5.668
Ostrea lurida,19,,9,W,No Tide,21,15,1,5.688
Ostrea lurida,19,,5,L,Tide,21,15,4,5.692
Ostrea lurida,19,,8,L,Tide,21,15,5,5.719
Ostrea lurida,19,,6,W,No Tide,21,15,4,5.737
Ostrea lurida,19,,5,W,No Tide,21,15,4,5.744
Ostrea lurida,19,,1,W,Tide,21,15,3,5.775
Ostrea lurida,19,,6,W,Tide,21,15,4,5.82
Ostrea lurida,19,,5,L,Tide,21,15,2,5.835
Ostrea lurida,19,,3,W,No Tide,21,15,3,5.871
Ostrea lurida,19,,2,W,No Tide,21,15,4,5.876
Ostrea lurida,19,,3,L,Tide,21,15,5,5.878
Ostrea lurida,19,,1,W,No Tide,21,15,3,5.884
Ostrea lurida,19,,6,L,No Tide,21,15,5,5.903
Ostrea lurida,19,,1,L,No Tide,21,15,1,5.913
Ostrea lurida,19,,4,L,Tide,21,15,5,5.916
Ostrea lurida,19,,2,L,No Tide,21,15,3,5.918
Ostrea lurida,19,,4,W,Tide,21,15,1,5.927
Ostrea lurida,19,,7,W,Tide,21,15,3,5.963
Ostrea lurida,19,,9,L,No Tide,21,15,3,5.984
Ostrea lurida,19,,2,W,Tide,21,15,3,6.009
Ostrea lurida,19,,2,W,Tide,21,15,2,6.019
Ostrea lurida,19,,2,L,No Tide,21,15,5,6.033
Ostrea lurida,19,,8,W,No Tide,21,15,5,6.033
Ostrea lurida,19,,5,W,Tide,21,15,4,6.053
Ostrea lurida,19,,6,W,No Tide,21,15,1,6.091
Ostrea lurida,19,,3,W,No Tide,21,15,5,6.102
Ostrea lurida,19,,3,W,Tide,21,15,2,6.148
Ostrea lurida,19,,3,L,No Tide,21,15,2,6.148
Ostrea lurida,19,,4,L,Tide,21,15,3,6.174
Ostrea lurida,19,,5,L,No Tide,21,15,4,6.177
Ostrea lurida,19,,10,L,Tide,21,15,3,6.198
Ostrea lurida,19,,5,W,Tide,21,15,3,6.211
Ostrea lurida,19,,2,W,No Tide,21,15,5,6.271
Ostrea lurida,19,,1,L,Tide,21,15,1,6.29
Ostrea lurida,19,,5,L,No Tide,21,15,5,6.308
Ostrea lurida,19,,6,L,No Tide,21,15,3,6.327
Ostrea lurida,19,,4,L,No Tide,21,15,4,6.352
Ostrea lurida,19,,5,L,No Tide,21,15,2,6.411
Ostrea lurida,19,,6,L,No Tide,21,15,1,6.416
Ostrea lurida,19,,7,L,No Tide,21,15,2,6.49
Ostrea lurida,19,,9,L,No Tide,21,15,1,6.506
Ostrea lurida,19,,3,L,No Tide,21,15,3,6.616
Ostrea lurida,19,,5,L,No Tide,21,15,3,6.645
Ostrea lurida,19,,2,L,Tide,21,15,5,6.645
Ostrea lurida,19,,4,L,Tide,21,15,4,6.667
Ostrea lurida,19,,7,L,No Tide,21,15,1,6.689
Ostrea lurida,19,,7,L,Tide,21,15,3,6.708
Ostrea lurida,19,,1,W,No Tide,21,15,4,6.757
Ostrea lurida,19,,9,L,Tide,21,15,4,6.759
Ostrea lurida,19,,6,L,No Tide,21,15,4,6.766
Ostrea lurida,19,,3,W,No Tide,21,15,4,6.77
Ostrea lurida,19,,10,L,No Tide,21,15,4,6.791
Ostrea lurida,19,,9,L,No Tide,21,15,5,6.798
Ostrea lurida,19,,6,L,Tide,21,15,4,6.839
Ostrea lurida,19,,3,L,No Tide,21,15,1,6.843
Ostrea lurida,19,,6,W,Tide,21,15,5,6.869
Ostrea lurida,19,,5,L,No Tide,21,15,1,6.883
Ostrea lurida,19,,10,W,No Tide,21,15,5,6.891
Ostrea lurida,19,,8,W,Tide,21,15,1,6.903
Ostrea lurida,19,,4,W,No Tide,21,15,5,6.91
Ostrea lurida,19,,4,L,No Tide,21,15,3,6.921
Ostrea lurida,19,,4,L,Tide,21,15,1,6.928
Ostrea lurida,19,,1,L,No Tide,21,15,5,6.959
Ostrea lurida,19,,10,L,No Tide,21,15,1,6.979
Ostrea lurida,19,,6,W,No Tide,21,15,2,6.989
Ostrea lurida,19,,2,L,Tide,21,15,2,7.02
Ostrea lurida,19,,4,L,No Tide,21,15,5,7.053
Ostrea lurida,19,,8,W,No Tide,21,15,3,7.142
Ostrea lurida,19,,8,W,Tide,21,15,2,7.181
Ostrea lurida,19,,2,L,No Tide,21,15,4,7.203
Ostrea lurida,19,,3,L,No Tide,21,15,5,7.211
Ostrea lurida,19,,4,W,No Tide,21,15,3,7.273
Ostrea lurida,19,,7,L,No Tide,21,15,3,7.273
Ostrea lurida,19,,1,L,Tide,21,15,2,7.311
Ostrea lurida,19,,9,L,Tide,21,15,1,7.355
Ostrea lurida,19,,10,W,Tide,21,15,4,7.359
Ostrea lurida,19,,2,W,Tide,21,15,4,7.413
Ostrea lurida,19,,2,L,Tide,21,15,4,7.441
Ostrea lurida,19,,4,L,No Tide,21,15,2,7.45
Ostrea lurida,19,,2,L,Tide,21,15,3,7.452
Ostrea lurida,19,,10,L,No Tide,21,15,5,7.462
Ostrea lurida,19,,7,W,No Tide,21,15,1,7.481
Ostrea lurida,19,,9,L,Tide,21,15,3,7.497
Ostrea lurida,19,,10,L,No Tide,21,15,2,7.609
Ostrea lurida,19,,4,L,No Tide,21,15,1,7.658
Ostrea lurida,19,,1,L,No Tide,21,15,2,7.704
Ostrea lurida,19,,8,L,No Tide,21,15,5,7.707
Ostrea lurida,19,,6,L,No Tide,21,15,2,7.726
Ostrea lurida,19,,8,L,Tide,21,15,3,7.762
Ostrea lurida,19,,4,W,Tide,21,15,2,7.798
Ostrea lurida,19,,8,W,Tide,21,15,3,7.804
Ostrea lurida,19,,1,L,Tide,21,15,3,7.842
Ostrea lurida,19,,1,L,No Tide,21,15,3,7.908
Ostrea lurida,19,,7,W,Tide,21,15,2,8.004
Ostrea lurida,19,,5,L,Tide,21,15,3,8.052
Ostrea lurida,19,,7,L,Tide,21,15,2,8.106
Ostrea lurida,19,,8,L,No Tide,21,15,3,8.129
Ostrea lurida,19,,6,W,Tide,21,15,2,8.178
Ostrea lurida,19,,6,W,Tide,21,15,3,8.203
Ostrea lurida,19,,1,L,No Tide,21,15,4,8.263
Ostrea lurida,19,,6,L,Tide,21,15,5,8.383
Ostrea lurida,19,,8,L,Tide,21,15,1,8.405
Ostrea lurida,19,,1,W,Tide,21,15,2,8.488
Ostrea lurida,19,,10,L,Tide,21,15,4,8.509
Ostrea lurida,19,,8,L,Tide,21,15,2,8.568
Ostrea lurida,19,,6,L,Tide,21,15,3,8.716
Ostrea lurida,19,,2,L,No Tide,21,15,2,10.08
Ostrea lurida,19,,7,W,No Tide,21,18,7,2.706
Ostrea lurida,19,,3,W,Tide,21,18,6,2.765
Ostrea lurida,19,,5,W,No Tide,21,18,8,3.075
Ostrea lurida,19,,9,W,No Tide,21,18,10,3.082
Ostrea lurida,19,,9,W,Tide,21,18,7,3.241
Ostrea lurida,19,,6,W,No Tide,21,18,10,3.259
Ostrea lurida,19,,10,W,Tide,21,18,9,3.346
Ostrea lurida,19,,8,W,No Tide,21,18,10,3.45
Ostrea lurida,19,,7,L,Tide,21,18,7,3.459
Ostrea lurida,19,,5,W,No Tide,21,18,7,3.467
Ostrea lurida,19,,2,W,Tide,21,18,7,3.481
Ostrea lurida,19,,7,W,No Tide,21,18,6,3.628
Ostrea lurida,19,,8,W,Tide,21,18,9,3.666
Ostrea lurida,19,,5,W,No Tide,21,18,10,3.76
Ostrea lurida,19,,5,W,Tide,21,18,6,3.764
Ostrea lurida,19,,1,W,Tide,21,18,6,3.848
Ostrea lurida,19,,4,W,No Tide,21,18,9,3.853
Ostrea lurida,19,,4,W,No Tide,21,18,7,3.857
Ostrea lurida,19,,5,W,Tide,21,18,10,3.87
Ostrea lurida,19,,2,W,Tide,21,18,6,3.874
Ostrea lurida,19,,7,W,Tide,21,18,7,3.875
Ostrea lurida,19,,1,W,No Tide,21,18,7,3.938
Ostrea lurida,19,,9,L,No Tide,21,18,10,3.94
Ostrea lurida,19,,5,W,No Tide,21,18,6,3.942
Ostrea lurida,19,,10,W,Tide,21,18,8,3.942
Ostrea lurida,19,,4,W,Tide,21,18,7,3.971
Ostrea lurida,19,,6,W,Tide,21,18,7,3.987
Ostrea lurida,19,,1,W,No Tide,21,18,10,3.998
Ostrea lurida,19,,2,W,Tide,21,18,8,4.044
Ostrea lurida,19,,3,L,Tide,21,18,6,4.056
Ostrea lurida,19,,3,W,Tide,21,18,9,4.071
Ostrea lurida,19,,1,W,Tide,21,18,7,4.074
Ostrea lurida,19,,6,W,Tide,21,18,6,4.084
Ostrea lurida,19,,7,L,No Tide,21,18,7,4.084
Ostrea lurida,19,,8,W,Tide,21,18,6,4.13
Ostrea lurida,19,,2,W,No Tide,21,18,9,4.161
Ostrea lurida,19,,9,W,Tide,21,18,9,4.179
Ostrea lurida,19,,7,W,Tide,21,18,6,4.191
Ostrea lurida,19,,4,L,No Tide,21,18,7,4.201
Ostrea lurida,19,,3,W,No Tide,21,18,9,4.235
Ostrea lurida,19,,4,W,Tide,21,18,10,4.237
Ostrea lurida,19,,2,W,No Tide,21,18,8,4.246
Ostrea lurida,19,,4,W,Tide,21,18,6,4.262
Ostrea lurida,19,,2,W,Tide,21,18,10,4.393
Ostrea lurida,19,,7,W,No Tide,21,18,10,4.522
Ostrea lurida,19,,5,W,Tide,21,18,7,4.531
Ostrea lurida,19,,2,W,No Tide,21,18,10,4.545
Ostrea lurida,19,,5,W,Tide,21,18,9,4.562
Ostrea lurida,19,,1,L,Tide,21,18,6,4.606
Ostrea lurida,19,,2,W,Tide,21,18,9,4.621
Ostrea lurida,19,,9,L,Tide,21,18,7,4.626
Ostrea lurida,19,,8,L,No Tide,21,18,10,4.627
Ostrea lurida,19,,10,L,Tide,21,18,9,4.636
Ostrea lurida,19,,10,W,Tide,21,18,10,4.659
Ostrea lurida,19,,2,L,Tide,21,18,7,4.686
Ostrea lurida,19,,7,W,Tide,21,18,9,4.696
Ostrea lurida,19,,2,L,Tide,21,18,6,4.732
Ostrea lurida,19,,10,W,No Tide,21,18,6,4.765
Ostrea lurida,19,,5,L,Tide,21,18,10,4.778
Ostrea lurida,19,,9,W,No Tide,21,18,9,4.836
Ostrea lurida,19,,9,W,No Tide,21,18,7,4.862
Ostrea lurida,19,,4,W,Tide,21,18,9,4.895
Ostrea lurida,19,,2,L,Tide,21,18,8,4.916
Ostrea lurida,19,,7,L,Tide,21,18,6,4.924
Ostrea lurida,19,,5,L,Tide,21,18,6,4.932
Ostrea lurida,19,,8,L,Tide,21,18,6,4.943
Ostrea lurida,19,,5,L,No Tide,21,18,8,4.96
Ostrea lurida,19,,8,L,Tide,21,18,9,5.029
Ostrea lurida,19,,3,L,Tide,21,18,9,5.072
Ostrea lurida,19,,2,W,No Tide,21,18,7,5.105
Ostrea lurida,19,,3,W,No Tide,21,18,10,5.151
Ostrea lurida,19,,6,L,Tide,21,18,7,5.173
Ostrea lurida,19,,5,W,No Tide,21,18,9,5.174
Ostrea lurida,19,,9,W,No Tide,21,18,8,5.188
Ostrea lurida,19,,10,L,Tide,21,18,8,5.191
Ostrea lurida,19,,10,W,No Tide,21,18,7,5.195
Ostrea lurida,19,,9,W,Tide,21,18,6,5.198
Ostrea lurida,19,,6,W,No Tide,21,18,9,5.213
Ostrea lurida,19,,8,W,Tide,21,18,7,5.214
Ostrea lurida,19,,4,L,No Tide,21,18,9,5.251
Ostrea lurida,19,,6,L,No Tide,21,18,10,5.255
Ostrea lurida,19,,10,W,Tide,21,18,6,5.258
Ostrea lurida,19,,4,L,Tide,21,18,10,5.264
Ostrea lurida,19,,6,W,Tide,21,18,10,5.27
Ostrea lurida,19,,4,W,No Tide,21,18,6,5.331
Ostrea lurida,19,,7,W,No Tide,21,18,9,5.352
Ostrea lurida,19,,8,W,No Tide,21,18,7,5.357
Ostrea lurida,19,,9,W,Tide,21,18,8,5.362
Ostrea lurida,19,,9,W,Tide,21,18,10,5.363
Ostrea lurida,19,,2,L,No Tide,21,18,8,5.403
Ostrea lurida,19,,9,L,Tide,21,18,9,5.427
Ostrea lurida,19,,5,L,No Tide,21,18,6,5.429
Ostrea lurida,19,,3,W,Tide,21,18,10,5.432
Ostrea lurida,19,,9,W,No Tide,21,18,6,5.459
Ostrea lurida,19,,2,L,No Tide,21,18,9,5.464
Ostrea lurida,19,,7,L,No Tide,21,18,10,5.475
Ostrea lurida,19,,7,L,No Tide,21,18,6,5.476
Ostrea lurida,19,,3,W,No Tide,21,18,6,5.483
Ostrea lurida,19,,5,L,No Tide,21,18,10,5.509
Ostrea lurida,19,,1,L,Tide,21,18,7,5.537
Ostrea lurida,19,,10,W,No Tide,21,18,8,5.545
Ostrea lurida,19,,1,W,Tide,21,18,10,5.562
Ostrea lurida,19,,1,L,No Tide,21,18,7,5.571
Ostrea lurida,19,,3,W,No Tide,21,18,7,5.62
Ostrea lurida,19,,1,W,No Tide,21,18,8,5.656
Ostrea lurida,19,,2,L,No Tide,21,18,7,5.684
Ostrea lurida,19,,4,L,Tide,21,18,9,5.696
Ostrea lurida,19,,8,W,No Tide,21,18,6,5.701
Ostrea lurida,19,,3,L,Tide,21,18,10,5.728
Ostrea lurida,19,,8,W,Tide,21,18,10,5.738
Ostrea lurida,19,,5,L,No Tide,21,18,7,5.747
Ostrea lurida,19,,10,L,No Tide,21,18,9,5.763
Ostrea lurida,19,,7,L,Tide,21,18,9,5.772
Ostrea lurida,19,,10,L,Tide,21,18,10,5.781
Ostrea lurida,19,,6,L,Tide,21,18,6,5.785
Ostrea lurida,19,,9,L,No Tide,21,18,7,5.86
Ostrea lurida,19,,1,W,Tide,21,18,9,5.867
Ostrea lurida,19,,4,L,Tide,21,18,7,5.913
Ostrea lurida,19,,9,L,Tide,21,18,6,5.945
Ostrea lurida,19,,1,W,No Tide,21,18,6,5.948
Ostrea lurida,19,,10,L,No Tide,21,18,6,5.948
Ostrea lurida,19,,3,W,Tide,21,18,7,5.966
Ostrea lurida,19,,9,L,No Tide,21,18,9,5.969
Ostrea lurida,19,,3,L,Tide,21,18,8,5.98
Ostrea lurida,19,,3,L,No Tide,21,18,10,5.981
Ostrea lurida,19,,5,L,Tide,21,18,7,6.023
Ostrea lurida,19,,10,W,No Tide,21,18,9,6.039
Ostrea lurida,19,,6,L,No Tide,21,18,9,6.063
Ostrea lurida,19,,4,W,No Tide,21,18,8,6.125
Ostrea lurida,19,,3,L,No Tide,21,18,9,6.139
Ostrea lurida,19,,8,W,No Tide,21,18,9,6.157
Ostrea lurida,19,,6,W,No Tide,21,18,6,6.187
Ostrea lurida,19,,6,W,Tide,21,18,8,6.188
Ostrea lurida,19,,2,L,Tide,21,18,9,6.207
Ostrea lurida,19,,3,L,Tide,21,18,7,6.218
Ostrea lurida,19,,5,L,Tide,21,18,9,6.225
Ostrea lurida,19,,6,W,Tide,21,18,9,6.257
Ostrea lurida,19,,3,W,Tide,21,18,8,6.277
Ostrea lurida,19,,10,W,No Tide,21,18,10,6.303
Ostrea lurida,19,,1,L,No Tide,21,18,9,6.325
Ostrea lurida,19,,4,L,No Tide,21,18,10,6.376
Ostrea lurida,19,,7,W,Tide,21,18,10,6.381
Ostrea lurida,19,,1,W,No Tide,21,18,9,6.386
Ostrea lurida,19,,1,L,No Tide,21,18,6,6.413
Ostrea lurida,19,,7,W,Tide,21,18,8,6.414
Ostrea lurida,19,,4,W,No Tide,21,18,10,6.423
Ostrea lurida,19,,9,L,Tide,21,18,10,6.444
Ostrea lurida,19,,6,L,Tide,21,18,8,6.477
Ostrea lurida,19,,8,L,No Tide,21,18,7,6.496
Ostrea lurida,19,,7,L,No Tide,21,18,9,6.498
Ostrea lurida,19,,3,W,No Tide,21,18,8,6.542
Ostrea lurida,19,,8,L,No Tide,21,18,6,6.596
Ostrea lurida,19,,8,L,No Tide,21,18,9,6.641
Ostrea lurida,19,,10,L,No Tide,21,18,10,6.685
Ostrea lurida,19,,5,L,No Tide,21,18,9,6.687
Ostrea lurida,19,,3,L,No Tide,21,18,7,6.702
Ostrea lurida,19,,10,L,Tide,21,18,6,6.717
Ostrea lurida,19,,2,L,Tide,21,18,10,6.717
Ostrea lurida,19,,3,L,No Tide,21,18,6,6.797
Ostrea lurida,19,,8,W,No Tide,21,18,8,6.816
Ostrea lurida,19,,6,W,No Tide,21,18,7,6.864
Ostrea lurida,19,,4,L,No Tide,21,18,6,6.869
Ostrea lurida,19,,4,L,No Tide,21,18,8,6.946
Ostrea lurida,19,,1,W,Tide,21,18,8,7.001
Ostrea lurida,19,,2,L,No Tide,21,18,10,7.01
Ostrea lurida,19,,1,L,No Tide,21,18,10,7.031
Ostrea lurida,19,,7,L,Tide,21,18,10,7.047
Ostrea lurida,19,,1,L,Tide,21,18,8,7.053
Ostrea lurida,19,,7,W,No Tide,21,18,8,7.116
Ostrea lurida,19,,5,L,Tide,21,18,8,7.128
Ostrea lurida,19,,8,L,Tide,21,18,10,7.215
Ostrea lurida,19,,10,L,No Tide,21,18,7,7.219
Ostrea lurida,19,,1,L,No Tide,21,18,8,7.308
Ostrea lurida,19,,6,L,Tide,21,18,9,7.328
Ostrea lurida,19,,6,L,No Tide,21,18,6,7.365
Ostrea lurida,19,,5,W,Tide,21,18,8,7.37
Ostrea lurida,19,,6,W,No Tide,21,18,8,7.379
Ostrea lurida,19,,8,L,Tide,21,18,7,7.382
Ostrea lurida,19,,1,L,Tide,21,18,10,7.512
Ostrea lurida,19,,8,L,Tide,21,18,8,7.566
Ostrea lurida,19,,2,W,No Tide,21,18,6,7.615
Ostrea lurida,19,,10,L,No Tide,21,18,8,7.63
Ostrea lurida,19,,4,W,Tide,21,18,8,7.698
Ostrea lurida,19,,4,L,Tide,21,18,6,7.744
Ostrea lurida,19,,1,L,Tide,21,18,9,7.76
Ostrea lurida,19,,9,L,No Tide,21,18,8,7.767
Ostrea lurida,19,,9,L,Tide,21,18,8,7.791
Ostrea lurida,19,,4,L,Tide,21,18,8,7.833
Ostrea lurida,19,,3,L,No Tide,21,18,8,7.869
Ostrea lurida,19,,2,L,No Tide,21,18,6,7.928
Ostrea lurida,19,,9,L,No Tide,21,18,6,8.071
Ostrea lurida,19,,7,L,Tide,21,18,8,8.078
Ostrea lurida,19,,8,L,No Tide,21,18,8,8.215
Ostrea lurida,19,,6,L,Tide,21,18,10,8.311
Ostrea lurida,19,,6,L,No Tide,21,18,7,8.582
Ostrea lurida,19,,8,W,Tide,21,18,8,9.31
Ostrea lurida,19,,6,L,No Tide,21,18,8,10.262
Ostrea lurida,19,,7,L,No Tide,21,18,8,10.381
Ostrea lurida,19,,10,L,Tide,21,18,7,
Ostrea lurida,19,,10,W,Tide,21,18,7,
Ostrea lurida,19,,7,W,No Tide,21,21,19,3.192
Ostrea lurida,19,,6,W,Tide,21,21,17,3.334
Ostrea lurida,19,,2,W,No Tide,21,21,18,3.362
Ostrea lurida,19,,1,W,No Tide,21,21,19,3.503
Ostrea lurida,19,,1,W,Tide,21,21,17,3.523
Ostrea lurida,19,,10,W,Tide,21,21,17,3.687
Ostrea lurida,19,,10,W,Tide,21,21,18,3.749
Ostrea lurida,19,,2,W,Tide,21,21,16,3.777
Ostrea lurida,19,,3,W,Tide,21,21,20,3.825
Ostrea lurida,19,,6,W,No Tide,21,21,17,3.828
Ostrea lurida,19,,3,W,No Tide,21,21,18,3.912
Ostrea lurida,19,,4,W,Tide,21,21,17,3.918
Ostrea lurida,19,,3,W,No Tide,21,21,17,3.962
Ostrea lurida,19,,1,W,Tide,21,21,18,4.048
Ostrea lurida,19,,10,W,No Tide,21,21,20,4.091
Ostrea lurida,19,,3,W,Tide,21,21,16,4.112
Ostrea lurida,19,,5,W,Tide,21,21,16,4.115
Ostrea lurida,19,,7,W,Tide,21,21,18,4.116
Ostrea lurida,19,,4,W,Tide,21,21,18,4.133
Ostrea lurida,19,,8,W,No Tide,21,21,20,4.215
Ostrea lurida,19,,2,W,Tide,21,21,19,4.269
Ostrea lurida,19,,7,W,No Tide,21,21,17,4.271
Ostrea lurida,19,,7,W,Tide,21,21,17,4.319
Ostrea lurida,19,,3,W,Tide,21,21,17,4.366
Ostrea lurida,19,,8,W,No Tide,21,21,17,4.374
Ostrea lurida,19,,6,W,Tide,21,21,18,4.387
Ostrea lurida,19,,6,L,No Tide,21,21,17,4.405
Ostrea lurida,19,,8,W,Tide,21,21,19,4.406
Ostrea lurida,19,,1,W,No Tide,21,21,18,4.44
Ostrea lurida,19,,4,W,No Tide,21,21,19,4.448
Ostrea lurida,19,,10,L,Tide,21,21,17,4.46
Ostrea lurida,19,,4,L,Tide,21,21,18,4.462
Ostrea lurida,19,,8,W,No Tide,21,21,16,4.556
Ostrea lurida,19,,2,L,Tide,21,21,16,4.581
Ostrea lurida,19,,10,W,Tide,21,21,19,4.588
Ostrea lurida,19,,2,W,No Tide,21,21,17,4.611
Ostrea lurida,19,,9,W,No Tide,21,21,17,4.612
Ostrea lurida,19,,1,W,Tide,21,21,20,4.618
Ostrea lurida,19,,7,W,Tide,21,21,20,4.628
Ostrea lurida,19,,8,L,Tide,21,21,18,4.684
Ostrea lurida,19,,6,L,Tide,21,21,17,4.711
Ostrea lurida,19,,4,W,Tide,21,21,16,4.718
Ostrea lurida,19,,3,L,No Tide,21,21,17,4.724
Ostrea lurida,19,,4,W,Tide,21,21,19,4.742
Ostrea lurida,19,,4,W,No Tide,21,21,18,4.799
Ostrea lurida,19,,9,W,Tide,21,21,19,4.811
Ostrea lurida,19,,7,W,Tide,21,21,16,4.826
Ostrea lurida,19,,2,W,No Tide,21,21,20,4.828
Ostrea lurida,19,,2,W,Tide,21,21,20,4.837
Ostrea lurida,19,,9,W,No Tide,21,21,18,4.865
Ostrea lurida,19,,8,W,No Tide,21,21,19,4.886
Ostrea lurida,19,,8,W,Tide,21,21,17,4.911
Ostrea lurida,19,,1,W,Tide,21,21,19,4.934
Ostrea lurida,19,,8,W,No Tide,21,21,18,4.971
Ostrea lurida,19,,4,W,No Tide,21,21,17,4.999
Ostrea lurida,19,,8,W,Tide,21,21,18,5.047
Ostrea lurida,19,,2,L,No Tide,21,21,18,5.06
Ostrea lurida,19,,1,L,Tide,21,21,20,5.065
Ostrea lurida,19,,8,L,No Tide,21,21,20,5.129
Ostrea lurida,19,,2,L,Tide,21,21,19,5.147
Ostrea lurida,19,,7,L,Tide,21,21,16,5.164
Ostrea lurida,19,,9,W,No Tide,21,21,19,5.187
Ostrea lurida,19,,5,W,No Tide,21,21,20,5.196
Ostrea lurida,19,,6,W,Tide,21,21,16,5.23
Ostrea lurida,19,,3,W,No Tide,21,21,20,5.234
Ostrea lurida,19,,7,L,Tide,21,21,17,5.246
Ostrea lurida,19,,2,W,No Tide,21,21,19,5.247
Ostrea lurida,19,,3,W,Tide,21,21,19,5.267
Ostrea lurida,19,,6,W,No Tide,21,21,18,5.268
Ostrea lurida,19,,7,L,No Tide,21,21,19,5.269
Ostrea lurida,19,,9,W,No Tide,21,21,20,5.269
Ostrea lurida,19,,4,L,Tide,21,21,17,5.296
Ostrea lurida,19,,7,L,Tide,21,21,18,5.319
Ostrea lurida,19,,5,W,Tide,21,21,17,5.347
Ostrea lurida,19,,10,W,Tide,21,21,16,5.354
Ostrea lurida,19,,5,L,No Tide,21,21,20,5.375
Ostrea lurida,19,,9,L,Tide,21,21,19,5.403
Ostrea lurida,19,,9,W,Tide,21,21,18,5.409
Ostrea lurida,19,,10,W,No Tide,21,21,17,5.428
Ostrea lurida,19,,6,W,No Tide,21,21,16,5.431
Ostrea lurida,19,,3,L,Tide,21,21,18,5.431
Ostrea lurida,19,,9,W,Tide,21,21,17,5.444
Ostrea lurida,19,,2,W,Tide,21,21,18,5.449
Ostrea lurida,19,,10,W,No Tide,21,21,19,5.465
Ostrea lurida,19,,1,L,Tide,21,21,17,5.484
Ostrea lurida,19,,2,L,Tide,21,21,20,5.54
Ostrea lurida,19,,6,W,No Tide,21,21,19,5.574
Ostrea lurida,19,,5,W,No Tide,21,21,17,5.591
Ostrea lurida,19,,1,L,No Tide,21,21,19,5.63
Ostrea lurida,19,,7,L,Tide,21,21,20,5.631
Ostrea lurida,19,,3,L,No Tide,21,21,20,5.642
Ostrea lurida,19,,8,L,No Tide,21,21,17,5.655
Ostrea lurida,19,,5,W,Tide,21,21,18,5.663
Ostrea lurida,19,,3,L,Tide,21,21,17,5.679
Ostrea lurida,19,,3,W,Tide,21,21,18,5.694
Ostrea lurida,19,,4,W,Tide,21,21,20,5.697
Ostrea lurida,19,,9,W,Tide,21,21,16,5.724
Ostrea lurida,19,,8,L,No Tide,21,21,18,5.738
Ostrea lurida,19,,5,L,Tide,21,21,17,5.77
Ostrea lurida,19,,3,L,Tide,21,21,20,5.815
Ostrea lurida,19,,7,L,No Tide,21,21,17,5.816
Ostrea lurida,19,,4,W,No Tide,21,21,20,5.818
Ostrea lurida,19,,5,L,Tide,21,21,16,5.826
Ostrea lurida,19,,1,L,Tide,21,21,19,5.842
Ostrea lurida,19,,8,L,Tide,21,21,17,5.846
Ostrea lurida,19,,7,W,No Tide,21,21,20,5.852
Ostrea lurida,19,,6,W,Tide,21,21,20,5.853
Ostrea lurida,19,,1,W,Tide,21,21,16,5.856
Ostrea lurida,19,,8,L,No Tide,21,21,19,5.862
Ostrea lurida,19,,9,L,No Tide,21,21,19,5.866
Ostrea lurida,19,,7,W,Tide,21,21,19,5.872
Ostrea lurida,19,,7,W,No Tide,21,21,16,5.875
Ostrea lurida,19,,6,L,No Tide,21,21,18,5.881
Ostrea lurida,19,,4,L,Tide,21,21,16,5.888
Ostrea lurida,19,,10,L,Tide,21,21,18,5.896
Ostrea lurida,19,,8,L,Tide,21,21,19,5.934
Ostrea lurida,19,,6,L,Tide,21,21,16,5.943
Ostrea lurida,19,,9,L,No Tide,21,21,20,5.944
Ostrea lurida,19,,4,L,No Tide,21,21,17,5.968
Ostrea lurida,19,,6,W,No Tide,21,21,20,6.007
Ostrea lurida,19,,1,W,No Tide,21,21,17,6.069
Ostrea lurida,19,,3,W,No Tide,21,21,19,6.076
Ostrea lurida,19,,5,W,Tide,21,21,20,6.096
Ostrea lurida,19,,6,W,Tide,21,21,19,6.112
Ostrea lurida,19,,7,L,No Tide,21,21,20,6.116
Ostrea lurida,19,,5,L,Tide,21,21,18,6.139
Ostrea lurida,19,,10,L,No Tide,21,21,20,6.142
Ostrea lurida,19,,5,W,No Tide,21,21,16,6.187
Ostrea lurida,19,,7,L,No Tide,21,21,16,6.261
Ostrea lurida,19,,8,L,Tide,21,21,20,6.267
Ostrea lurida,19,,10,L,No Tide,21,21,17,6.276
Ostrea lurida,19,,4,L,No Tide,21,21,18,6.287
Ostrea lurida,19,,1,L,Tide,21,21,18,6.32
Ostrea lurida,19,,10,L,Tide,21,21,16,6.327
Ostrea lurida,19,,5,W,No Tide,21,21,18,6.332
Ostrea lurida,19,,9,L,No Tide,21,21,18,6.347
Ostrea lurida,19,,2,L,No Tide,21,21,20,6.347
Ostrea lurida,19,,3,L,No Tide,21,21,18,6.389
Ostrea lurida,19,,3,L,Tide,21,21,16,6.455
Ostrea lurida,19,,2,L,No Tide,21,21,17,6.464
Ostrea lurida,19,,1,W,No Tide,21,21,16,6.469
Ostrea lurida,19,,8,W,Tide,21,21,20,6.484
Ostrea lurida,19,,3,L,No Tide,21,21,19,6.495
Ostrea lurida,19,,3,L,Tide,21,21,19,6.496
Ostrea lurida,19,,4,L,No Tide,21,21,16,6.504
Ostrea lurida,19,,4,W,No Tide,21,21,16,6.559
Ostrea lurida,19,,8,W,Tide,21,21,16,6.575
Ostrea lurida,19,,6,L,Tide,21,21,18,6.586
Ostrea lurida,19,,4,L,No Tide,21,21,20,6.631
Ostrea lurida,19,,1,L,No Tide,21,21,18,6.64
Ostrea lurida,19,,6,L,No Tide,21,21,19,6.646
Ostrea lurida,19,,5,W,No Tide,21,21,19,6.655
Ostrea lurida,19,,9,W,Tide,21,21,20,6.673
Ostrea lurida,19,,2,W,Tide,21,21,17,6.688
Ostrea lurida,19,,1,W,No Tide,21,21,20,6.697
Ostrea lurida,19,,7,L,Tide,21,21,19,6.716
Ostrea lurida,19,,5,L,No Tide,21,21,18,6.82
Ostrea lurida,19,,5,L,Tide,21,21,20,6.851
Ostrea lurida,19,,1,L,No Tide,21,21,17,6.868
Ostrea lurida,19,,9,L,Tide,21,21,20,6.872
Ostrea lurida,19,,10,W,No Tide,21,21,16,6.899
Ostrea lurida,19,,5,L,No Tide,21,21,19,6.899
Ostrea lurida,19,,4,L,Tide,21,21,19,6.925
Ostrea lurida,19,,9,L,No Tide,21,21,17,6.961
Ostrea lurida,19,,4,L,No Tide,21,21,19,6.993
Ostrea lurida,19,,9,L,Tide,21,21,17,7.029
Ostrea lurida,19,,2,L,No Tide,21,21,19,7.047
Ostrea lurida,19,,6,L,Tide,21,21,19,7.126
Ostrea lurida,19,,10,L,Tide,21,21,20,7.148
Ostrea lurida,19,,2,L,Tide,21,21,18,7.159
Ostrea lurida,19,,2,W,No Tide,21,21,16,7.211
Ostrea lurida,19,,5,L,No Tide,21,21,17,7.229
Ostrea lurida,19,,1,L,Tide,21,21,16,7.252
Ostrea lurida,19,,1,L,No Tide,21,21,16,7.302
Ostrea lurida,19,,2,L,No Tide,21,21,16,7.321
Ostrea lurida,19,,7,W,No Tide,21,21,18,7.325
Ostrea lurida,19,,9,L,Tide,21,21,18,7.338
Ostrea lurida,19,,6,L,No Tide,21,21,16,7.343
Ostrea lurida,19,,8,L,No Tide,21,21,16,7.356
Ostrea lurida,19,,10,W,Tide,21,21,20,7.431
Ostrea lurida,19,,9,L,Tide,21,21,16,7.456
Ostrea lurida,19,,5,L,Tide,21,21,19,7.552
Ostrea lurida,19,,5,W,Tide,21,21,19,7.616
Ostrea lurida,19,,10,L,Tide,21,21,19,7.65
Ostrea lurida,19,,3,W,No Tide,21,21,16,7.654
Ostrea lurida,19,,2,L,Tide,21,21,17,7.681
Ostrea lurida,19,,4,L,Tide,21,21,20,7.75
Ostrea lurida,19,,6,L,Tide,21,21,20,7.887
Ostrea lurida,19,,1,L,No Tide,21,21,20,8.214
Ostrea lurida,19,,3,L,No Tide,21,21,16,8.251
Ostrea lurida,19,,8,L,Tide,21,21,16,8.256
Ostrea lurida,19,,6,L,No Tide,21,21,20,8.289
Ostrea lurida,19,,10,L,No Tide,21,21,16,8.419
Ostrea lurida,19,,10,L,No Tide,21,21,19,8.795
Ostrea lurida,19,,9,W,No Tide,21,21,16,8.881
Ostrea lurida,19,,5,L,No Tide,21,21,16,9.169
Ostrea lurida,19,,9,L,No Tide,21,21,16,9.199
Ostrea lurida,19,,7,L,No Tide,21,21,18,9.259
Ostrea lurida,19,,10,L,No Tide,21,21,18,
Ostrea lurida,19,,10,W,No Tide,21,21,18,
Ostrea lurida,19,,7,W,Tide,21,24,14,3.069
Ostrea lurida,19,,9,W,No Tide,21,24,11,3.088
Ostrea lurida,19,,10,W,No Tide,21,24,11,3.12
Ostrea lurida,19,,7,W,Tide,21,24,11,3.131
Ostrea lurida,19,,3,W,No Tide,21,24,12,3.238
Ostrea lurida,19,,6,W,Tide,21,24,11,3.24
Ostrea lurida,19,,7,L,Tide,21,24,14,3.271
Ostrea lurida,19,,8,W,No Tide,21,24,11,3.444
Ostrea lurida,19,,5,W,Tide,21,24,14,3.48
Ostrea lurida,19,,5,W,Tide,21,24,15,3.484
Ostrea lurida,19,,3,W,No Tide,21,24,11,3.612
Ostrea lurida,19,,5,W,Tide,21,24,11,3.653
Ostrea lurida,19,,2,W,No Tide,21,24,14,3.699
Ostrea lurida,19,,4,W,Tide,21,24,11,3.718
Ostrea lurida,19,,9,W,Tide,21,24,14,3.754
Ostrea lurida,19,,10,W,No Tide,21,24,14,3.802
Ostrea lurida,19,,1,W,Tide,21,24,14,3.803
Ostrea lurida,19,,5,W,No Tide,21,24,14,3.823
Ostrea lurida,19,,6,W,Tide,21,24,15,3.837
Ostrea lurida,19,,4,W,Tide,21,24,12,3.88
Ostrea lurida,19,,2,L,Tide,21,24,11,3.904
Ostrea lurida,19,,10,W,No Tide,21,24,12,3.948
Ostrea lurida,19,,2,W,Tide,21,24,11,3.985
Ostrea lurida,19,,8,W,No Tide,21,24,14,4.033
Ostrea lurida,19,,3,W,Tide,21,24,12,4.053
Ostrea lurida,19,,8,L,No Tide,21,24,11,4.062
Ostrea lurida,19,,8,W,Tide,21,24,11,4.064
Ostrea lurida,19,,10,L,No Tide,21,24,11,4.069
Ostrea lurida,19,,4,W,No Tide,21,24,14,4.075
Ostrea lurida,19,,6,W,No Tide,21,24,15,4.078
Ostrea lurida,19,,4,W,No Tide,21,24,13,4.082
Ostrea lurida,19,,2,W,Tide,21,24,12,4.095
Ostrea lurida,19,,9,W,Tide,21,24,13,4.124
Ostrea lurida,19,,10,W,No Tide,21,24,15,4.141
Ostrea lurida,19,,8,W,No Tide,21,24,15,4.174
Ostrea lurida,19,,1,W,Tide,21,24,15,4.195
Ostrea lurida,19,,1,W,No Tide,21,24,15,4.212
Ostrea lurida,19,,7,W,Tide,21,24,13,4.215
Ostrea lurida,19,,6,L,Tide,21,24,11,4.226
Ostrea lurida,19,,4,W,No Tide,21,24,12,4.287
Ostrea lurida,19,,8,W,Tide,21,24,13,4.304
Ostrea lurida,19,,5,W,No Tide,21,24,12,4.306
Ostrea lurida,19,,10,L,No Tide,21,24,12,4.316
Ostrea lurida,19,,9,L,Tide,21,24,14,4.325
Ostrea lurida,19,,1,W,Tide,21,24,11,4.327
Ostrea lurida,19,,6,W,No Tide,21,24,12,4.335
Ostrea lurida,19,,9,W,No Tide,21,24,12,4.346
Ostrea lurida,19,,3,W,Tide,21,24,13,4.348
Ostrea lurida,19,,5,W,No Tide,21,24,13,4.382
Ostrea lurida,19,,4,W,No Tide,21,24,11,4.405
Ostrea lurida,19,,2,W,Tide,21,24,15,4.406
Ostrea lurida,19,,8,W,No Tide,21,24,13,4.469
Ostrea lurida,19,,7,W,No Tide,21,24,13,4.489
Ostrea lurida,19,,7,W,No Tide,21,24,11,4.511
Ostrea lurida,19,,7,W,No Tide,21,24,14,4.529
Ostrea lurida,19,,5,W,No Tide,21,24,11,4.534
Ostrea lurida,19,,4,W,Tide,21,24,14,4.538
Ostrea lurida,19,,9,W,No Tide,21,24,14,4.573
Ostrea lurida,19,,9,L,No Tide,21,24,11,4.581
Ostrea lurida,19,,7,W,No Tide,21,24,12,4.597
Ostrea lurida,19,,3,L,No Tide,21,24,12,4.631
Ostrea lurida,19,,4,L,No Tide,21,24,11,4.643
Ostrea lurida,19,,2,W,No Tide,21,24,15,4.669
Ostrea lurida,19,,10,W,Tide,21,24,15,4.704
Ostrea lurida,19,,9,W,Tide,21,24,15,4.711
Ostrea lurida,19,,2,L,No Tide,21,24,14,4.734
Ostrea lurida,19,,4,W,Tide,21,24,15,4.735
Ostrea lurida,19,,6,L,Tide,21,24,15,4.735
Ostrea lurida,19,,2,L,Tide,21,24,12,4.742
Ostrea lurida,19,,5,L,Tide,21,24,14,4.763
Ostrea lurida,19,,1,L,Tide,21,24,14,4.773
Ostrea lurida,19,,3,L,No Tide,21,24,11,4.774
Ostrea lurida,19,,4,L,Tide,21,24,11,4.777
Ostrea lurida,19,,3,L,No Tide,21,24,14,4.78
Ostrea lurida,19,,6,L,No Tide,21,24,15,4.828
Ostrea lurida,19,,5,L,Tide,21,24,11,4.851
Ostrea lurida,19,,7,W,No Tide,21,24,15,4.857
Ostrea lurida,19,,8,W,Tide,21,24,14,4.86
Ostrea lurida,19,,1,L,Tide,21,24,12,4.874
Ostrea lurida,19,,6,L,No Tide,21,24,11,4.888
Ostrea lurida,19,,6,W,No Tide,21,24,14,4.892
Ostrea lurida,19,,6,W,No Tide,21,24,11,4.895
Ostrea lurida,19,,1,W,Tide,21,24,12,4.896
Ostrea lurida,19,,8,W,Tide,21,24,12,4.911
Ostrea lurida,19,,2,W,No Tide,21,24,11,4.951
Ostrea lurida,19,,2,L,Tide,21,24,14,4.953
Ostrea lurida,19,,9,W,No Tide,21,24,15,4.983
Ostrea lurida,19,,7,L,No Tide,21,24,11,5.009
Ostrea lurida,19,,5,W,Tide,21,24,12,5.045
Ostrea lurida,19,,7,L,Tide,21,24,11,5.052
Ostrea lurida,19,,8,L,Tide,21,24,11,5.059
Ostrea lurida,19,,2,W,Tide,21,24,14,5.067
Ostrea lurida,19,,9,W,Tide,21,24,12,5.071
Ostrea lurida,19,,5,L,Tide,21,24,15,5.071
Ostrea lurida,19,,6,W,Tide,21,24,13,5.101
Ostrea lurida,19,,1,W,No Tide,21,24,11,5.108
Ostrea lurida,19,,4,L,No Tide,21,24,14,5.168
Ostrea lurida,19,,8,L,Tide,21,24,14,5.175
Ostrea lurida,19,,1,L,Tide,21,24,15,5.188
Ostrea lurida,19,,1,L,No Tide,21,24,15,5.217
Ostrea lurida,19,,10,L,Tide,21,24,11,5.268
Ostrea lurida,19,,10,W,No Tide,21,24,13,5.274
Ostrea lurida,19,,8,L,Tide,21,24,12,5.289
Ostrea lurida,19,,3,W,No Tide,21,24,15,5.296
Ostrea lurida,19,,8,L,No Tide,21,24,14,5.302
Ostrea lurida,19,,10,L,No Tide,21,24,15,5.326
Ostrea lurida,19,,3,W,Tide,21,24,15,5.345
Ostrea lurida,19,,10,W,Tide,21,24,12,5.359
Ostrea lurida,19,,5,L,No Tide,21,24,14,5.367
Ostrea lurida,19,,7,L,No Tide,21,24,14,5.379
Ostrea lurida,19,,6,L,No Tide,21,24,12,5.398
Ostrea lurida,19,,4,L,Tide,21,24,15,5.405
Ostrea lurida,19,,5,L,No Tide,21,24,11,5.479
Ostrea lurida,19,,5,L,No Tide,21,24,13,5.523
Ostrea lurida,19,,1,L,Tide,21,24,11,5.561
Ostrea lurida,19,,9,W,No Tide,21,24,13,5.565
Ostrea lurida,19,,5,L,No Tide,21,24,12,5.58
Ostrea lurida,19,,3,W,No Tide,21,24,14,5.585
Ostrea lurida,19,,10,W,Tide,21,24,13,5.624
Ostrea lurida,19,,9,W,Tide,21,24,11,5.645
Ostrea lurida,19,,6,L,No Tide,21,24,14,5.659
Ostrea lurida,19,,2,W,Tide,21,24,13,5.666
Ostrea lurida,19,,1,W,Tide,21,24,13,5.704
Ostrea lurida,19,,4,L,No Tide,21,24,12,5.726
Ostrea lurida,19,,4,L,Tide,21,24,12,5.75
Ostrea lurida,19,,6,L,Tide,21,24,13,5.758
Ostrea lurida,19,,8,W,Tide,21,24,15,5.772
Ostrea lurida,19,,5,W,No Tide,21,24,15,5.819
Ostrea lurida,19,,2,W,No Tide,21,24,12,5.834
Ostrea lurida,19,,4,W,No Tide,21,24,15,5.877
Ostrea lurida,19,,7,L,No Tide,21,24,12,5.889
Ostrea lurida,19,,10,W,Tide,21,24,11,5.897
Ostrea lurida,19,,8,L,No Tide,21,24,15,5.897
Ostrea lurida,19,,8,W,No Tide,21,24,12,5.974
Ostrea lurida,19,,2,L,Tide,21,24,15,5.995
Ostrea lurida,19,,10,L,Tide,21,24,12,6.006
Ostrea lurida,19,,9,L,No Tide,21,24,12,6.012
Ostrea lurida,19,,6,L,Tide,21,24,14,6.03
Ostrea lurida,19,,3,L,No Tide,21,24,13,6.039
Ostrea lurida,19,,2,L,No Tide,21,24,11,6.065
Ostrea lurida,19,,6,W,No Tide,21,24,13,6.066
Ostrea lurida,19,,3,W,No Tide,21,24,13,6.086
Ostrea lurida,19,,9,L,Tide,21,24,11,6.11
Ostrea lurida,19,,4,L,No Tide,21,24,13,6.136
Ostrea lurida,19,,1,W,No Tide,21,24,13,6.156
Ostrea lurida,19,,3,L,No Tide,21,24,15,6.165
Ostrea lurida,19,,7,W,Tide,21,24,12,6.192
Ostrea lurida,19,,4,L,Tide,21,24,14,6.216
Ostrea lurida,19,,4,W,Tide,21,24,13,6.221
Ostrea lurida,19,,9,L,Tide,21,24,15,6.235
Ostrea lurida,19,,6,W,Tide,21,24,12,6.248
Ostrea lurida,19,,8,L,Tide,21,24,13,6.29
Ostrea lurida,19,,1,W,No Tide,21,24,14,6.34
Ostrea lurida,19,,10,W,Tide,21,24,14,6.355
Ostrea lurida,19,,7,L,No Tide,21,24,15,6.362
Ostrea lurida,19,,7,L,Tide,21,24,13,6.404
Ostrea lurida,19,,10,L,Tide,21,24,15,6.408
Ostrea lurida,19,,2,W,No Tide,21,24,13,6.454
Ostrea lurida,19,,10,L,No Tide,21,24,14,6.46
Ostrea lurida,19,,4,L,No Tide,21,24,15,6.485
Ostrea lurida,19,,5,W,Tide,21,24,13,6.5
Ostrea lurida,19,,6,W,Tide,21,24,14,6.506
Ostrea lurida,19,,10,L,Tide,21,24,14,6.533
Ostrea lurida,19,,3,W,Tide,21,24,14,6.539
Ostrea lurida,19,,3,L,Tide,21,24,13,6.549
Ostrea lurida,19,,6,L,Tide,21,24,12,6.58
Ostrea lurida,19,,9,L,No Tide,21,24,14,6.627
Ostrea lurida,19,,1,W,No Tide,21,24,12,6.662
Ostrea lurida,19,,2,L,No Tide,21,24,15,6.667
Ostrea lurida,19,,7,L,No Tide,21,24,13,6.672
Ostrea lurida,19,,2,L,No Tide,21,24,12,6.715
Ostrea lurida,19,,1,L,Tide,21,24,13,6.723
Ostrea lurida,19,,5,L,Tide,21,24,12,6.733
Ostrea lurida,19,,8,L,Tide,21,24,15,6.766
Ostrea lurida,19,,9,L,No Tide,21,24,15,6.784
Ostrea lurida,19,,3,L,Tide,21,24,12,6.825
Ostrea lurida,19,,8,L,No Tide,21,24,13,6.873
Ostrea lurida,19,,9,L,No Tide,21,24,13,6.893
Ostrea lurida,19,,2,L,Tide,21,24,13,6.947
Ostrea lurida,19,,7,L,Tide,21,24,15,6.979
Ostrea lurida,19,,8,L,No Tide,21,24,12,7.034
Ostrea lurida,19,,5,L,No Tide,21,24,15,7.108
Ostrea lurida,19,,7,W,Tide,21,24,15,7.161
Ostrea lurida,19,,4,L,Tide,21,24,13,7.173
Ostrea lurida,19,,3,W,Tide,21,24,11,7.224
Ostrea lurida,19,,9,L,Tide,21,24,12,7.267
Ostrea lurida,19,,3,L,Tide,21,24,14,7.267
Ostrea lurida,19,,7,L,Tide,21,24,12,7.311
Ostrea lurida,19,,9,L,Tide,21,24,13,7.558
Ostrea lurida,19,,1,L,No Tide,21,24,14,7.628
Ostrea lurida,19,,10,L,Tide,21,24,13,7.64
Ostrea lurida,19,,1,L,No Tide,21,24,13,7.769
Ostrea lurida,19,,5,L,Tide,21,24,13,7.775
Ostrea lurida,19,,3,L,Tide,21,24,15,7.995
Ostrea lurida,19,,3,L,Tide,21,24,11,8.148
Ostrea lurida,19,,2,L,No Tide,21,24,13,8.221
Ostrea lurida,19,,10,L,No Tide,21,24,13,8.3
Ostrea lurida,19,,1,L,No Tide,21,24,11,8.313
Ostrea lurida,19,,1,L,No Tide,21,24,12,8.536
Ostrea lurida,19,,6,L,No Tide,21,24,13,8.547
