Species,Bag_Color,Tank,MHW,SH_Tide,SH_Temp,Rep,WeighBoat,Weigh_Boat_g...9,Weigh_Boat_g...10,B_S_T_g,B_T_g,Tissue.g,Shell.g,CI,DEAD,Notes
Crassostrea sikamea,Red,1,15˚C,Tide,15˚C,1,M1,1.9129,NA,3.4112,1.9128,NA,NA,NA,DEAD,NA
Crassostrea sikamea,Red,1,15˚C,Tide,15˚C,2,M2,1.9132,NA,3.6539,1.9153,NA,NA,NA,DEAD,NA
Crassostrea sikamea,Red,1,15˚C,Tide,15˚C,3,M3,1.9071,NA,4.045,1.997,NA,NA,NA,DEAD,NA
Crassostrea sikamea,Red,1,15˚C,Tide,15˚C,5,M5,1.8983,NA,3.941,1.9784,NA,NA,NA,DEAD,NA
Crassostrea sikamea,Red,2,15˚C,No Tide,15˚C,6,C6,1.9628,NA,NA,NA,NA,NA,NA,DEAD,NA
Crassostrea sikamea,Red,3,15˚C,Tide,21˚C,7,O-7,1.9171,NA,4.0924,1.9231,NA,NA,NA,DEAD,NA
Crassostrea sikamea,Red,4,15˚C,Tide,15˚C,1,V1,1.9239,NA,4.3112,1.9247,NA,NA,NA,DEAD,NA
Crassostrea sikamea,Red,4,15˚C,Tide,15˚C,2,V2,1.9472,NA,4.0404,1.9505,NA,NA,NA,DEAD,NA
Crassostrea sikamea,Red,5,15˚C,No Tide,15˚C,4,F4,1.9522,NA,3.6078,1.9551,NA,NA,NA,DEAD,NA
Crassostrea sikamea,Red,5,15˚C,No Tide,21˚C,3,G3,1.9884,NA,4.1045,1.9884,NA,NA,NA,DEAD,NA
Crassostrea sikamea,Red,5,15˚C,No Tide,21˚C,10,G10,1.9706,NA,3.4303,1.9704,NA,NA,NA,DEAD,NA
Crassostrea sikamea,Red,6,18˚C,No Tide,15˚C,3,N3,1.9199,NA,3.7228,1.9216,NA,NA,NA,DEAD,NA
Crassostrea sikamea,Red,6,18˚C,Tide,15˚C,2,L2,1.9237,NA,4.0903,1.9216,NA,NA,NA,DEAD,NA
Crassostrea sikamea,Red,6,18˚C,Tide,21˚C,6,M6,1.9165,NA,4.2645,1.919,NA,NA,NA,DEAD,NA
Crassostrea sikamea,Red,7,18˚C,No Tide,15˚C,1,V1,1.925,NA,3.5703,1.9265,NA,NA,NA,DEAD,NA
Crassostrea sikamea,Red,7,18˚C,Tide,21˚C,2,U2,1.943,NA,3.6355,1.9432,NA,NA,NA,DEAD,NA
Crassostrea sikamea,Red,8,18˚C,No Tide,15˚C,3,D3,1.9612,NA,3.5522,1.9789,NA,NA,NA,DEAD,NA
Crassostrea sikamea,Red,8,18˚C,Tide,21˚C,7,C7,1.9603,NA,3.8413,NA,NA,NA,NA,DEAD,NA
Crassostrea sikamea,Red,9,18˚C,Tide,15˚C,2,J2,1.9377,NA,3.4437,1.9381,NA,NA,NA,DEAD,NA
Crassostrea sikamea,Red,10,18˚C,No Tide,15˚C,1,T1,1.9793,NA,4.1529,2.0343,NA,NA,NA,DEAD,NA
Crassostrea sikamea,Red,10,18˚C,No Tide,15˚C,2,T2,1.9733,NA,4.3655,2.0842,NA,NA,NA,DEAD,NA
Crassostrea sikamea,Red,10,18˚C,No Tide,21˚C,7,U7,1.9641,NA,3.4641,1.9641,NA,NA,NA,DEAD,NA
Crassostrea sikamea,Red,10,18˚C,Tide,21˚C,9,S9,1.9602,NA,3.4601,1.962,NA,NA,NA,DEAD,NA
Crassostrea sikamea,Red,10,18˚C,Tide,21˚C,10,S10,1.9417,NA,3.3591,1.9439,NA,NA,NA,DEAD,NA
Crassostrea sikamea,Red,11,24˚C,No Tide,21˚C,4,C4,1.9562,NA,4.0119,1.9529,NA,NA,NA,DEAD,NA
Crassostrea sikamea,Red,11,24˚C,Tide,21˚C,7,A7,1.9832,NA,3.6357,1.9846,NA,NA,NA,DEAD,NA
Crassostrea sikamea,Red,11,24˚C,Tide,21˚C,8,A8,1.9839,NA,3.2108,1.9857,NA,NA,NA,DEAD,NA
Crassostrea sikamea,Red,11,24˚C,Tide,21˚C,10,A10,1.9826,NA,3.4547,1.9846,NA,NA,NA,DEAD,NA
Crassostrea sikamea,Red,12,24˚C,No Tide,15˚C,4,J4,1.9505,NA,4.3356,1.9541,NA,NA,NA,DEAD,NA
Crassostrea sikamea,Red,12,24˚C,No Tide,15˚C,7,J7,1.9401,NA,3.4009,1.9402,NA,NA,NA,DEAD,NA
Crassostrea sikamea,Red,12,24˚C,Tide,15˚C,1,H1,1.9551,NA,2.9488,1.9531,NA,NA,NA,DEAD,NA
Crassostrea sikamea,Red,12,24˚C,Tide,15˚C,7,H7,1.9862,NA,3.3358,1.9876,NA,NA,NA,DEAD,NA
Crassostrea sikamea,Red,13,24˚C,No Tide,21˚C,10,S10,1.9432,NA,3.8093,1.9423,NA,NA,NA,DEAD,NA
Crassostrea sikamea,Red,13,24˚C,Tide,15˚C,8,P8,1.9593,NA,3.8535,1.9559,NA,NA,NA,DEAD,NA
Crassostrea sikamea,Red,14,24˚C,No Tide,15˚C,9,Z9,1.9621,NA,3.2914,1.9616,NA,NA,NA,DEAD,NA
Crassostrea sikamea,Red,14,24˚C,No Tide,21˚C,2,A2,1.9675,NA,3.566,1.9816,0.0141,1.5844,NA,DEAD,NA
Crassostrea sikamea,Red,14,24˚C,No Tide,21˚C,5,A5,1.9802,NA,3.1975,1.9785,NA,NA,NA,DEAD,NA
Crassostrea sikamea,Red,15,24˚C,No Tide,15˚C,7,H7,1.9868,NA,3.8489,1.9856,NA,NA,NA,DEAD,NA
Crassostrea sikamea,Red,15,24˚C,No Tide,21˚C,9,I9,1.9737,NA,4.403,1.9733,NA,NA,NA,DEAD,NA
Crassostrea sikamea,Red,15,24˚C,Tide,15˚C,4,F4,1.9579,NA,2.1981,2.0372,NA,NA,NA,DEAD,NA
Crassostrea sikamea,Red,15,24˚C,Tide,15˚C,7,F7,1.9614,NA,3.404,1.9581,NA,NA,NA,DEAD,NA
Crassostrea sikamea,Red,15,24˚C,Tide,15˚C,8,F8,1.9732,NA,4.6113,1.9704,NA,NA,NA,DEAD,NA
Crassostrea sikamea,Red,15,24˚C,Tide,21˚C,1,G1,1.9826,NA,4.0776,1.9685,NA,NA,NA,DEAD,NA
Crassostrea sikamea,Red,15,24˚C,Tide,21˚C,5,G5,1.9576,NA,3.3252,1.9508,NA,NA,NA,DEAD,NA
Crassostrea sikamea,Red,16,21˚C,No Tide,15˚C,2,P2,1.9778,NA,4.1776,1.9765,NA,NA,NA,DEAD,NA
Crassostrea sikamea,Red,16,21˚C,Tide,15˚C,4,N4,1.9321,NA,3.9565,1.9323,NA,NA,NA,DEAD,NA
Crassostrea sikamea,Red,17,21˚C,Tide,15˚C,3,V3,1.9446,NA,4.1723,1.9517,NA,NA,NA,DEAD,NA
Crassostrea sikamea,Red,18,21˚C,No Tide,21˚C,3,G3,1.9804,NA,3.7261,1.9823,NA,NA,NA,DEAD,NA
Crassostrea sikamea,Red,18,21˚C,Tide,21˚C,1,E1,1.9478,NA,3.0876,1.9479,NA,NA,NA,DEAD,NA
Crassostrea sikamea,Red,19,21˚C,No Tide,21˚C,2,O-2,1.9284,NA,3.4876,1.9283,NA,NA,NA,DEAD,NA
Crassostrea sikamea,Red,20,21˚C,No Tide,15˚C,2,V2,1.9897,NA,3.5989,1.9878,NA,NA,NA,DEAD,NA
Crassostrea sikamea,Red,20,21˚C,No Tide,21˚C,5,W5,1.9654,NA,3.9766,1.9636,NA,NA,NA,DEAD,NA
