Species,SH_Temp,SH_Tide,MHW_Set,Tank,Oyster_Numb,Mortality,D_A,Experiment_Day,Date,,
C_sikamea,15,No Tide,15_21,1,1,1,Dead,15,3/10/2022,,
C_sikamea,15,No Tide,15_21,1,2,0,Alive,NA,NA,,
C_sikamea,15,No Tide,15_21,1,3,0,Alive,NA,NA,,
C_sikamea,15,No Tide,15_21,1,4,0,Alive,NA,NA,,
C_sikamea,15,No Tide,15_21,1,5,0,Alive,NA,NA,,
C_sikamea,15,No Tide,15_21,1,6,0,Alive,NA,NA,,
C_sikamea,15,No Tide,15_21,1,7,0,Alive,NA,NA,,
C_sikamea,15,No Tide,15_21,1,8,0,Alive,NA,NA,,
C_sikamea,15,No Tide,15_21,1,9,0,Alive,NA,NA,,
C_sikamea,15,No Tide,15_21,1,10,0,Alive,NA,NA,,
C_sikamea,15,No Tide,15_21,1,11,0,Alive,NA,NA,,
C_sikamea,15,No Tide,15_21,1,12,0,Alive,NA,NA,,
C_sikamea,15,No Tide,15_21,1,13,0,Alive,NA,NA,,
C_sikamea,15,No Tide,15_21,1,14,0,Alive,NA,NA,,
C_sikamea,15,No Tide,15_21,1,15,0,Alive,NA,NA,,
C_sikamea,15,No Tide,15_21,1,16,0,Alive,NA,NA,,
C_sikamea,15,No Tide,15_21,1,17,0,Alive,NA,NA,,
C_sikamea,15,No Tide,15_21,1,18,0,Alive,NA,NA,,
C_sikamea,15,No Tide,15_21,1,19,0,Alive,NA,NA,,
C_sikamea,15,No Tide,15_21,1,20,0,Alive,NA,NA,,
C_sikamea,15,No Tide,15_21,1,21,0,Alive,NA,NA,,
C_sikamea,15,No Tide,15_21,1,22,0,Alive,NA,NA,,
C_sikamea,15,No Tide,15_21,1,23,0,Alive,NA,NA,,
C_sikamea,15,No Tide,15_21,1,24,0,Alive,NA,NA,,
C_sikamea,15,No Tide,15_21,1,25,0,Alive,NA,NA,,
C_sikamea,15,No Tide,15_21,1,26,0,Alive,NA,NA,,
C_sikamea,15,No Tide,15_21,1,27,0,Alive,NA,NA,,
C_sikamea,15,No Tide,15_21,1,28,0,Alive,NA,NA,,
C_sikamea,15,No Tide,15_21,1,29,0,Alive,NA,NA,,
C_sikamea,15,No Tide,15_21,1,30,0,Alive,NA,NA,,
C_sikamea,15,No Tide,15_21,1,31,0,Alive,NA,NA,,
C_sikamea,15,No Tide,15_21,1,32,0,Alive,NA,NA,,
C_sikamea,15,No Tide,15_21,1,33,0,Alive,NA,NA,,
C_sikamea,15,No Tide,15_21,1,34,0,Alive,NA,NA,,
C_sikamea,15,No Tide,15_21,1,35,0,Alive,NA,NA,,
C_sikamea,15,No Tide,15_21,1,36,0,Alive,NA,NA,,
C_sikamea,15,No Tide,15_21,1,37,0,Alive,NA,NA,,
C_sikamea,15,No Tide,15_21,1,38,0,Alive,NA,NA,,
C_sikamea,15,No Tide,15_21,1,39,0,Alive,NA,NA,,
C_sikamea,15,No Tide,15_21,1,40,0,Alive,NA,NA,,
C_sikamea,15,No Tide,18_24,1,41,0,Alive,NA,NA,,
C_sikamea,15,No Tide,18_24,1,42,0,Alive,NA,NA,,
C_sikamea,15,No Tide,18_24,1,43,0,Alive,NA,NA,,
C_sikamea,15,No Tide,18_24,1,44,0,Alive,NA,NA,,
C_sikamea,15,No Tide,18_24,1,45,0,Alive,NA,NA,,
C_sikamea,15,No Tide,18_24,1,46,0,Alive,NA,NA,,
C_sikamea,15,No Tide,18_24,1,47,0,Alive,NA,NA,,
C_sikamea,15,No Tide,18_24,1,48,0,Alive,NA,NA,,
C_sikamea,15,No Tide,18_24,1,49,0,Alive,NA,NA,,
C_sikamea,15,No Tide,18_24,1,50,0,Alive,NA,NA,,
C_sikamea,15,No Tide,18_24,1,51,0,Alive,NA,NA,,
C_sikamea,15,No Tide,18_24,1,52,0,Alive,NA,NA,,
C_sikamea,15,No Tide,18_24,1,53,0,Alive,NA,NA,,
C_sikamea,15,No Tide,18_24,1,54,0,Alive,NA,NA,,
C_sikamea,15,No Tide,18_24,1,55,0,Alive,NA,NA,,
C_sikamea,15,No Tide,18_24,1,56,0,Alive,NA,NA,,
C_sikamea,15,No Tide,18_24,1,57,0,Alive,NA,NA,,
C_sikamea,15,No Tide,18_24,1,58,0,Alive,NA,NA,,
C_sikamea,15,No Tide,18_24,1,59,0,Alive,NA,NA,,
C_sikamea,15,No Tide,18_24,1,60,0,Alive,NA,NA,,
C_sikamea,15,No Tide,18_24,1,61,0,Alive,NA,NA,,
C_sikamea,15,No Tide,18_24,1,62,0,Alive,NA,NA,,
C_sikamea,15,No Tide,18_24,1,63,0,Alive,NA,NA,,
C_sikamea,15,No Tide,18_24,1,64,0,Alive,NA,NA,,
C_sikamea,15,No Tide,18_24,1,65,0,Alive,NA,NA,,
C_sikamea,15,No Tide,18_24,1,66,0,Alive,NA,NA,,
C_sikamea,15,No Tide,18_24,1,67,0,Alive,NA,NA,,
C_sikamea,15,No Tide,18_24,1,68,0,Alive,NA,NA,,
C_sikamea,15,No Tide,18_24,1,69,0,Alive,NA,NA,,
C_sikamea,15,No Tide,18_24,1,70,0,Alive,NA,NA,,
C_sikamea,15,No Tide,18_24,1,71,0,Alive,NA,NA,,
C_sikamea,15,No Tide,18_24,1,72,0,Alive,NA,NA,,
C_sikamea,15,No Tide,18_24,1,73,0,Alive,NA,NA,,
C_sikamea,15,No Tide,18_24,1,74,0,Alive,NA,NA,,
C_sikamea,15,No Tide,18_24,1,75,0,Alive,NA,NA,,
C_sikamea,15,No Tide,18_24,1,76,0,Alive,NA,NA,,
C_sikamea,15,No Tide,18_24,1,77,0,Alive,NA,NA,,
C_sikamea,15,No Tide,18_24,1,78,0,Alive,NA,NA,,
C_sikamea,15,No Tide,18_24,1,79,0,Alive,NA,NA,,
C_sikamea,15,No Tide,18_24,1,80,0,Alive,NA,NA,,
C_sikamea,15,No Tide,15_21,2,1,1,Dead,12,3/7/2022,,
C_sikamea,15,No Tide,15_21,2,2,0,Alive,NA,NA,,
C_sikamea,15,No Tide,15_21,2,3,0,Alive,NA,NA,,
C_sikamea,15,No Tide,15_21,2,4,0,Alive,NA,NA,,
C_sikamea,15,No Tide,15_21,2,5,0,Alive,NA,NA,,
C_sikamea,15,No Tide,15_21,2,6,0,Alive,NA,NA,,
C_sikamea,15,No Tide,15_21,2,7,0,Alive,NA,NA,,
C_sikamea,15,No Tide,15_21,2,8,0,Alive,NA,NA,,
C_sikamea,15,No Tide,15_21,2,9,0,Alive,NA,NA,,
C_sikamea,15,No Tide,15_21,2,10,0,Alive,NA,NA,,
C_sikamea,15,No Tide,15_21,2,11,0,Alive,NA,NA,,
C_sikamea,15,No Tide,15_21,2,12,0,Alive,NA,NA,,
C_sikamea,15,No Tide,15_21,2,13,0,Alive,NA,NA,,
C_sikamea,15,No Tide,15_21,2,14,0,Alive,NA,NA,,
C_sikamea,15,No Tide,15_21,2,15,0,Alive,NA,NA,,
C_sikamea,15,No Tide,15_21,2,16,0,Alive,NA,NA,,
C_sikamea,15,No Tide,15_21,2,17,0,Alive,NA,NA,,
C_sikamea,15,No Tide,15_21,2,18,0,Alive,NA,NA,,
C_sikamea,15,No Tide,15_21,2,19,0,Alive,NA,NA,,
C_sikamea,15,No Tide,15_21,2,20,0,Alive,NA,NA,,
C_sikamea,15,No Tide,15_21,2,21,0,Alive,NA,NA,,
C_sikamea,15,No Tide,15_21,2,22,0,Alive,NA,NA,,
C_sikamea,15,No Tide,15_21,2,23,0,Alive,NA,NA,,
C_sikamea,15,No Tide,15_21,2,24,0,Alive,NA,NA,,
C_sikamea,15,No Tide,15_21,2,25,0,Alive,NA,NA,,
C_sikamea,15,No Tide,15_21,2,26,0,Alive,NA,NA,,
C_sikamea,15,No Tide,15_21,2,27,0,Alive,NA,NA,,
C_sikamea,15,No Tide,15_21,2,28,0,Alive,NA,NA,,
C_sikamea,15,No Tide,15_21,2,29,0,Alive,NA,NA,,
C_sikamea,15,No Tide,15_21,2,30,0,Alive,NA,NA,,
C_sikamea,15,No Tide,15_21,2,31,0,Alive,NA,NA,,
C_sikamea,15,No Tide,15_21,2,32,0,Alive,NA,NA,,
C_sikamea,15,No Tide,15_21,2,33,0,Alive,NA,NA,,
C_sikamea,15,No Tide,15_21,2,34,0,Alive,NA,NA,,
C_sikamea,15,No Tide,15_21,2,35,0,Alive,NA,NA,,
C_sikamea,15,No Tide,15_21,2,36,0,Alive,NA,NA,,
C_sikamea,15,No Tide,15_21,2,37,0,Alive,NA,NA,,
C_sikamea,15,No Tide,15_21,2,38,0,Alive,NA,NA,,
C_sikamea,15,No Tide,15_21,2,39,0,Alive,NA,NA,,
C_sikamea,15,No Tide,15_21,2,40,0,Alive,NA,NA,,
C_sikamea,15,No Tide,18_24,2,41,0,Alive,NA,NA,,
C_sikamea,15,No Tide,18_24,2,42,0,Alive,NA,NA,,
C_sikamea,15,No Tide,18_24,2,43,0,Alive,NA,NA,,
C_sikamea,15,No Tide,18_24,2,44,0,Alive,NA,NA,,
C_sikamea,15,No Tide,18_24,2,45,0,Alive,NA,NA,,
C_sikamea,15,No Tide,18_24,2,46,0,Alive,NA,NA,,
C_sikamea,15,No Tide,18_24,2,47,0,Alive,NA,NA,,
C_sikamea,15,No Tide,18_24,2,48,0,Alive,NA,NA,,
C_sikamea,15,No Tide,18_24,2,49,0,Alive,NA,NA,,
C_sikamea,15,No Tide,18_24,2,50,0,Alive,NA,NA,,
C_sikamea,15,No Tide,18_24,2,51,0,Alive,NA,NA,,
C_sikamea,15,No Tide,18_24,2,52,0,Alive,NA,NA,,
C_sikamea,15,No Tide,18_24,2,53,0,Alive,NA,NA,,
C_sikamea,15,No Tide,18_24,2,54,0,Alive,NA,NA,,
C_sikamea,15,No Tide,18_24,2,55,0,Alive,NA,NA,,
C_sikamea,15,No Tide,18_24,2,56,0,Alive,NA,NA,,
C_sikamea,15,No Tide,18_24,2,57,0,Alive,NA,NA,,
C_sikamea,15,No Tide,18_24,2,58,0,Alive,NA,NA,,
C_sikamea,15,No Tide,18_24,2,59,0,Alive,NA,NA,,
C_sikamea,15,No Tide,18_24,2,60,0,Alive,NA,NA,,
C_sikamea,15,No Tide,18_24,2,61,0,Alive,NA,NA,,
C_sikamea,15,No Tide,18_24,2,62,0,Alive,NA,NA,,
C_sikamea,15,No Tide,18_24,2,63,0,Alive,NA,NA,,
C_sikamea,15,No Tide,18_24,2,64,0,Alive,NA,NA,,
C_sikamea,15,No Tide,18_24,2,65,0,Alive,NA,NA,,
C_sikamea,15,No Tide,18_24,2,66,0,Alive,NA,NA,,
C_sikamea,15,No Tide,18_24,2,67,0,Alive,NA,NA,,
C_sikamea,15,No Tide,18_24,2,68,0,Alive,NA,NA,,
C_sikamea,15,No Tide,18_24,2,69,0,Alive,NA,NA,,
C_sikamea,15,No Tide,18_24,2,70,0,Alive,NA,NA,,
C_sikamea,15,No Tide,18_24,2,71,0,Alive,NA,NA,,
C_sikamea,15,No Tide,18_24,2,72,0,Alive,NA,NA,,
C_sikamea,15,No Tide,18_24,2,73,0,Alive,NA,NA,,
C_sikamea,15,No Tide,18_24,2,74,0,Alive,NA,NA,,
C_sikamea,15,No Tide,18_24,2,75,0,Alive,NA,NA,,
C_sikamea,15,No Tide,18_24,2,76,0,Alive,NA,NA,,
C_sikamea,15,No Tide,18_24,2,77,0,Alive,NA,NA,,
C_sikamea,15,No Tide,18_24,2,78,0,Alive,NA,NA,,
C_sikamea,15,No Tide,18_24,2,79,0,Alive,NA,NA,,
C_sikamea,15,No Tide,18_24,2,80,0,Alive,NA,NA,,
C_sikamea,15,No Tide,15_21,3,1,1,Dead,12,3/7/2022,,
C_sikamea,15,No Tide,15_21,3,2,0,Alive,NA,NA,,
C_sikamea,15,No Tide,15_21,3,3,0,Alive,NA,NA,,
C_sikamea,15,No Tide,15_21,3,4,0,Alive,NA,NA,,
C_sikamea,15,No Tide,15_21,3,5,0,Alive,NA,NA,,
C_sikamea,15,No Tide,15_21,3,6,0,Alive,NA,NA,,
C_sikamea,15,No Tide,15_21,3,7,0,Alive,NA,NA,,
C_sikamea,15,No Tide,15_21,3,8,0,Alive,NA,NA,,
C_sikamea,15,No Tide,15_21,3,9,0,Alive,NA,NA,,
C_sikamea,15,No Tide,15_21,3,10,0,Alive,NA,NA,,
C_sikamea,15,No Tide,15_21,3,11,0,Alive,NA,NA,,
C_sikamea,15,No Tide,15_21,3,12,0,Alive,NA,NA,,
C_sikamea,15,No Tide,15_21,3,13,0,Alive,NA,NA,,
C_sikamea,15,No Tide,15_21,3,14,0,Alive,NA,NA,,
C_sikamea,15,No Tide,15_21,3,15,0,Alive,NA,NA,,
C_sikamea,15,No Tide,15_21,3,16,0,Alive,NA,NA,,
C_sikamea,15,No Tide,15_21,3,17,0,Alive,NA,NA,,
C_sikamea,15,No Tide,15_21,3,18,0,Alive,NA,NA,,
C_sikamea,15,No Tide,15_21,3,19,0,Alive,NA,NA,,
C_sikamea,15,No Tide,15_21,3,20,0,Alive,NA,NA,,
C_sikamea,15,No Tide,15_21,3,21,0,Alive,NA,NA,,
C_sikamea,15,No Tide,15_21,3,22,0,Alive,NA,NA,,
C_sikamea,15,No Tide,15_21,3,23,0,Alive,NA,NA,,
C_sikamea,15,No Tide,15_21,3,24,0,Alive,NA,NA,,
C_sikamea,15,No Tide,15_21,3,25,0,Alive,NA,NA,,
C_sikamea,15,No Tide,15_21,3,26,0,Alive,NA,NA,,
C_sikamea,15,No Tide,15_21,3,27,0,Alive,NA,NA,,
C_sikamea,15,No Tide,15_21,3,28,0,Alive,NA,NA,,
C_sikamea,15,No Tide,15_21,3,29,0,Alive,NA,NA,,
C_sikamea,15,No Tide,15_21,3,30,0,Alive,NA,NA,,
C_sikamea,15,No Tide,15_21,3,31,0,Alive,NA,NA,,
C_sikamea,15,No Tide,15_21,3,32,0,Alive,NA,NA,,
C_sikamea,15,No Tide,15_21,3,33,0,Alive,NA,NA,,
C_sikamea,15,No Tide,15_21,3,34,0,Alive,NA,NA,,
C_sikamea,15,No Tide,15_21,3,35,0,Alive,NA,NA,,
C_sikamea,15,No Tide,15_21,3,36,0,Alive,NA,NA,,
C_sikamea,15,No Tide,15_21,3,37,0,Alive,NA,NA,,
C_sikamea,15,No Tide,15_21,3,38,0,Alive,NA,NA,,
C_sikamea,15,No Tide,15_21,3,39,0,Alive,NA,NA,,
C_sikamea,15,No Tide,15_21,3,40,0,Alive,NA,NA,,
C_sikamea,15,No Tide,18_24,3,41,1,Dead,9,3/7/2022,,
C_sikamea,15,No Tide,18_24,3,42,0,Alive,NA,NA,,
C_sikamea,15,No Tide,18_24,3,43,0,Alive,NA,NA,,
C_sikamea,15,No Tide,18_24,3,44,0,Alive,NA,NA,,
C_sikamea,15,No Tide,18_24,3,45,0,Alive,NA,NA,,
C_sikamea,15,No Tide,18_24,3,46,0,Alive,NA,NA,,
C_sikamea,15,No Tide,18_24,3,47,0,Alive,NA,NA,,
C_sikamea,15,No Tide,18_24,3,48,0,Alive,NA,NA,,
C_sikamea,15,No Tide,18_24,3,49,0,Alive,NA,NA,,
C_sikamea,15,No Tide,18_24,3,50,0,Alive,NA,NA,,
C_sikamea,15,No Tide,18_24,3,51,0,Alive,NA,NA,,
C_sikamea,15,No Tide,18_24,3,52,0,Alive,NA,NA,,
C_sikamea,15,No Tide,18_24,3,53,0,Alive,NA,NA,,
C_sikamea,15,No Tide,18_24,3,54,0,Alive,NA,NA,,
C_sikamea,15,No Tide,18_24,3,55,0,Alive,NA,NA,,
C_sikamea,15,No Tide,18_24,3,56,0,Alive,NA,NA,,
C_sikamea,15,No Tide,18_24,3,57,0,Alive,NA,NA,,
C_sikamea,15,No Tide,18_24,3,58,0,Alive,NA,NA,,
C_sikamea,15,No Tide,18_24,3,59,0,Alive,NA,NA,,
C_sikamea,15,No Tide,18_24,3,60,0,Alive,NA,NA,,
C_sikamea,15,No Tide,18_24,3,61,0,Alive,NA,NA,,
C_sikamea,15,No Tide,18_24,3,62,0,Alive,NA,NA,,
C_sikamea,15,No Tide,18_24,3,63,0,Alive,NA,NA,,
C_sikamea,15,No Tide,18_24,3,64,0,Alive,NA,NA,,
C_sikamea,15,No Tide,18_24,3,65,0,Alive,NA,NA,,
C_sikamea,15,No Tide,18_24,3,66,0,Alive,NA,NA,,
C_sikamea,15,No Tide,18_24,3,67,0,Alive,NA,NA,,
C_sikamea,15,No Tide,18_24,3,68,0,Alive,NA,NA,,
C_sikamea,15,No Tide,18_24,3,69,0,Alive,NA,NA,,
C_sikamea,15,No Tide,18_24,3,70,0,Alive,NA,NA,,
C_sikamea,15,No Tide,18_24,3,71,0,Alive,NA,NA,,
C_sikamea,15,No Tide,18_24,3,72,0,Alive,NA,NA,,
C_sikamea,15,No Tide,18_24,3,73,0,Alive,NA,NA,,
C_sikamea,15,No Tide,18_24,3,74,0,Alive,NA,NA,,
C_sikamea,15,No Tide,18_24,3,75,0,Alive,NA,NA,,
C_sikamea,15,No Tide,18_24,3,76,0,Alive,NA,NA,,
C_sikamea,15,No Tide,18_24,3,77,0,Alive,NA,NA,,
C_sikamea,15,No Tide,18_24,3,78,0,Alive,NA,NA,,
C_sikamea,15,No Tide,18_24,3,79,0,Alive,NA,NA,,
C_sikamea,15,No Tide,18_24,3,80,0,Alive,NA,NA,,
C_sikamea,15,No Tide,15_21,4,1,1,Dead,12,3/7/2022,,
C_sikamea,15,No Tide,15_21,4,2,0,Alive,NA,NA,,
C_sikamea,15,No Tide,15_21,4,3,0,Alive,NA,NA,,
C_sikamea,15,No Tide,15_21,4,4,0,Alive,NA,NA,,
C_sikamea,15,No Tide,15_21,4,5,0,Alive,NA,NA,,
C_sikamea,15,No Tide,15_21,4,6,0,Alive,NA,NA,,
C_sikamea,15,No Tide,15_21,4,7,0,Alive,NA,NA,,
C_sikamea,15,No Tide,15_21,4,8,0,Alive,NA,NA,,
C_sikamea,15,No Tide,15_21,4,9,0,Alive,NA,NA,,
C_sikamea,15,No Tide,15_21,4,10,0,Alive,NA,NA,,
C_sikamea,15,No Tide,15_21,4,11,0,Alive,NA,NA,,
C_sikamea,15,No Tide,15_21,4,12,0,Alive,NA,NA,,
C_sikamea,15,No Tide,15_21,4,13,0,Alive,NA,NA,,
C_sikamea,15,No Tide,15_21,4,14,0,Alive,NA,NA,,
C_sikamea,15,No Tide,15_21,4,15,0,Alive,NA,NA,,
C_sikamea,15,No Tide,15_21,4,16,0,Alive,NA,NA,,
C_sikamea,15,No Tide,15_21,4,17,0,Alive,NA,NA,,
C_sikamea,15,No Tide,15_21,4,18,0,Alive,NA,NA,,
C_sikamea,15,No Tide,15_21,4,19,0,Alive,NA,NA,,
C_sikamea,15,No Tide,15_21,4,20,0,Alive,NA,NA,,
C_sikamea,15,No Tide,15_21,4,21,0,Alive,NA,NA,,
C_sikamea,15,No Tide,15_21,4,22,0,Alive,NA,NA,,
C_sikamea,15,No Tide,15_21,4,23,0,Alive,NA,NA,,
C_sikamea,15,No Tide,15_21,4,24,0,Alive,NA,NA,,
C_sikamea,15,No Tide,15_21,4,25,0,Alive,NA,NA,,
C_sikamea,15,No Tide,15_21,4,26,0,Alive,NA,NA,,
C_sikamea,15,No Tide,15_21,4,27,0,Alive,NA,NA,,
C_sikamea,15,No Tide,15_21,4,28,0,Alive,NA,NA,,
C_sikamea,15,No Tide,15_21,4,29,0,Alive,NA,NA,,
C_sikamea,15,No Tide,15_21,4,30,0,Alive,NA,NA,,
C_sikamea,15,No Tide,15_21,4,31,0,Alive,NA,NA,,
C_sikamea,15,No Tide,15_21,4,32,0,Alive,NA,NA,,
C_sikamea,15,No Tide,15_21,4,33,0,Alive,NA,NA,,
C_sikamea,15,No Tide,15_21,4,34,0,Alive,NA,NA,,
C_sikamea,15,No Tide,15_21,4,35,0,Alive,NA,NA,,
C_sikamea,15,No Tide,15_21,4,36,0,Alive,NA,NA,,
C_sikamea,15,No Tide,15_21,4,37,0,Alive,NA,NA,,
C_sikamea,15,No Tide,15_21,4,38,0,Alive,NA,NA,,
C_sikamea,15,No Tide,15_21,4,39,0,Alive,NA,NA,,
C_sikamea,15,No Tide,15_21,4,40,0,Alive,NA,NA,,
C_sikamea,15,No Tide,18_24,4,41,0,Alive,NA,NA,,
C_sikamea,15,No Tide,18_24,4,42,0,Alive,NA,NA,,
C_sikamea,15,No Tide,18_24,4,43,0,Alive,NA,NA,,
C_sikamea,15,No Tide,18_24,4,44,0,Alive,NA,NA,,
C_sikamea,15,No Tide,18_24,4,45,0,Alive,NA,NA,,
C_sikamea,15,No Tide,18_24,4,46,0,Alive,NA,NA,,
C_sikamea,15,No Tide,18_24,4,47,0,Alive,NA,NA,,
C_sikamea,15,No Tide,18_24,4,48,0,Alive,NA,NA,,
C_sikamea,15,No Tide,18_24,4,49,0,Alive,NA,NA,,
C_sikamea,15,No Tide,18_24,4,50,0,Alive,NA,NA,,
C_sikamea,15,No Tide,18_24,4,51,0,Alive,NA,NA,,
C_sikamea,15,No Tide,18_24,4,52,0,Alive,NA,NA,,
C_sikamea,15,No Tide,18_24,4,53,0,Alive,NA,NA,,
C_sikamea,15,No Tide,18_24,4,54,0,Alive,NA,NA,,
C_sikamea,15,No Tide,18_24,4,55,0,Alive,NA,NA,,
C_sikamea,15,No Tide,18_24,4,56,0,Alive,NA,NA,,
C_sikamea,15,No Tide,18_24,4,57,0,Alive,NA,NA,,
C_sikamea,15,No Tide,18_24,4,58,0,Alive,NA,NA,,
C_sikamea,15,No Tide,18_24,4,59,0,Alive,NA,NA,,
C_sikamea,15,No Tide,18_24,4,60,0,Alive,NA,NA,,
C_sikamea,15,No Tide,18_24,4,61,0,Alive,NA,NA,,
C_sikamea,15,No Tide,18_24,4,62,0,Alive,NA,NA,,
C_sikamea,15,No Tide,18_24,4,63,0,Alive,NA,NA,,
C_sikamea,15,No Tide,18_24,4,64,0,Alive,NA,NA,,
C_sikamea,15,No Tide,18_24,4,65,0,Alive,NA,NA,,
C_sikamea,15,No Tide,18_24,4,66,0,Alive,NA,NA,,
C_sikamea,15,No Tide,18_24,4,67,0,Alive,NA,NA,,
C_sikamea,15,No Tide,18_24,4,68,0,Alive,NA,NA,,
C_sikamea,15,No Tide,18_24,4,69,0,Alive,NA,NA,,
C_sikamea,15,No Tide,18_24,4,70,0,Alive,NA,NA,,
C_sikamea,15,No Tide,18_24,4,71,0,Alive,NA,NA,,
C_sikamea,15,No Tide,18_24,4,72,0,Alive,NA,NA,,
C_sikamea,15,No Tide,18_24,4,73,0,Alive,NA,NA,,
C_sikamea,15,No Tide,18_24,4,74,0,Alive,NA,NA,,
C_sikamea,15,No Tide,18_24,4,75,0,Alive,NA,NA,,
C_sikamea,15,No Tide,18_24,4,76,0,Alive,NA,NA,,
C_sikamea,15,No Tide,18_24,4,77,0,Alive,NA,NA,,
C_sikamea,15,No Tide,18_24,4,78,0,Alive,NA,NA,,
C_sikamea,15,No Tide,18_24,4,79,0,Alive,NA,NA,,
C_sikamea,15,No Tide,18_24,4,80,0,Alive,NA,NA,,
C_sikamea,15,No Tide,15_21,5,1,0,Alive,NA,NA,,
C_sikamea,15,No Tide,15_21,5,2,0,Alive,NA,NA,,
C_sikamea,15,No Tide,15_21,5,3,0,Alive,NA,NA,,
C_sikamea,15,No Tide,15_21,5,4,0,Alive,NA,NA,,
C_sikamea,15,No Tide,15_21,5,5,0,Alive,NA,NA,,
C_sikamea,15,No Tide,15_21,5,6,0,Alive,NA,NA,,
C_sikamea,15,No Tide,15_21,5,7,0,Alive,NA,NA,,
C_sikamea,15,No Tide,15_21,5,8,0,Alive,NA,NA,,
C_sikamea,15,No Tide,15_21,5,9,0,Alive,NA,NA,,
C_sikamea,15,No Tide,15_21,5,10,0,Alive,NA,NA,,
C_sikamea,15,No Tide,15_21,5,11,0,Alive,NA,NA,,
C_sikamea,15,No Tide,15_21,5,12,0,Alive,NA,NA,,
C_sikamea,15,No Tide,15_21,5,13,0,Alive,NA,NA,,
C_sikamea,15,No Tide,15_21,5,14,0,Alive,NA,NA,,
C_sikamea,15,No Tide,15_21,5,15,0,Alive,NA,NA,,
C_sikamea,15,No Tide,15_21,5,16,0,Alive,NA,NA,,
C_sikamea,15,No Tide,15_21,5,17,0,Alive,NA,NA,,
C_sikamea,15,No Tide,15_21,5,18,0,Alive,NA,NA,,
C_sikamea,15,No Tide,15_21,5,19,0,Alive,NA,NA,,
C_sikamea,15,No Tide,15_21,5,20,0,Alive,NA,NA,,
C_sikamea,15,No Tide,15_21,5,21,0,Alive,NA,NA,,
C_sikamea,15,No Tide,15_21,5,22,0,Alive,NA,NA,,
C_sikamea,15,No Tide,15_21,5,23,0,Alive,NA,NA,,
C_sikamea,15,No Tide,15_21,5,24,0,Alive,NA,NA,,
C_sikamea,15,No Tide,15_21,5,25,0,Alive,NA,NA,,
C_sikamea,15,No Tide,15_21,5,26,0,Alive,NA,NA,,
C_sikamea,15,No Tide,15_21,5,27,0,Alive,NA,NA,,
C_sikamea,15,No Tide,15_21,5,28,0,Alive,NA,NA,,
C_sikamea,15,No Tide,15_21,5,29,0,Alive,NA,NA,,
C_sikamea,15,No Tide,15_21,5,30,0,Alive,NA,NA,,
C_sikamea,15,No Tide,15_21,5,31,0,Alive,NA,NA,,
C_sikamea,15,No Tide,15_21,5,32,0,Alive,NA,NA,,
C_sikamea,15,No Tide,15_21,5,33,0,Alive,NA,NA,,
C_sikamea,15,No Tide,15_21,5,34,0,Alive,NA,NA,,
C_sikamea,15,No Tide,15_21,5,35,0,Alive,NA,NA,,
C_sikamea,15,No Tide,15_21,5,36,0,Alive,NA,NA,,
C_sikamea,15,No Tide,15_21,5,37,0,Alive,NA,NA,,
C_sikamea,15,No Tide,15_21,5,38,0,Alive,NA,NA,,
C_sikamea,15,No Tide,15_21,5,39,0,Alive,NA,NA,,
C_sikamea,15,No Tide,15_21,5,40,0,Alive,NA,NA,,
C_sikamea,15,No Tide,18_24,5,41,0,Alive,NA,NA,,
C_sikamea,15,No Tide,18_24,5,42,0,Alive,NA,NA,,
C_sikamea,15,No Tide,18_24,5,43,0,Alive,NA,NA,,
C_sikamea,15,No Tide,18_24,5,44,0,Alive,NA,NA,,
C_sikamea,15,No Tide,18_24,5,45,0,Alive,NA,NA,,
C_sikamea,15,No Tide,18_24,5,46,0,Alive,NA,NA,,
C_sikamea,15,No Tide,18_24,5,47,0,Alive,NA,NA,,
C_sikamea,15,No Tide,18_24,5,48,0,Alive,NA,NA,,
C_sikamea,15,No Tide,18_24,5,49,0,Alive,NA,NA,,
C_sikamea,15,No Tide,18_24,5,50,0,Alive,NA,NA,,
C_sikamea,15,No Tide,18_24,5,51,0,Alive,NA,NA,,
C_sikamea,15,No Tide,18_24,5,52,0,Alive,NA,NA,,
C_sikamea,15,No Tide,18_24,5,53,0,Alive,NA,NA,,
C_sikamea,15,No Tide,18_24,5,54,0,Alive,NA,NA,,
C_sikamea,15,No Tide,18_24,5,55,0,Alive,NA,NA,,
C_sikamea,15,No Tide,18_24,5,56,0,Alive,NA,NA,,
C_sikamea,15,No Tide,18_24,5,57,0,Alive,NA,NA,,
C_sikamea,15,No Tide,18_24,5,58,0,Alive,NA,NA,,
C_sikamea,15,No Tide,18_24,5,59,0,Alive,NA,NA,,
C_sikamea,15,No Tide,18_24,5,60,0,Alive,NA,NA,,
C_sikamea,15,No Tide,18_24,5,61,0,Alive,NA,NA,,
C_sikamea,15,No Tide,18_24,5,62,0,Alive,NA,NA,,
C_sikamea,15,No Tide,18_24,5,63,0,Alive,NA,NA,,
C_sikamea,15,No Tide,18_24,5,64,0,Alive,NA,NA,,
C_sikamea,15,No Tide,18_24,5,65,0,Alive,NA,NA,,
C_sikamea,15,No Tide,18_24,5,66,0,Alive,NA,NA,,
C_sikamea,15,No Tide,18_24,5,67,0,Alive,NA,NA,,
C_sikamea,15,No Tide,18_24,5,68,0,Alive,NA,NA,,
C_sikamea,15,No Tide,18_24,5,69,0,Alive,NA,NA,,
C_sikamea,15,No Tide,18_24,5,70,0,Alive,NA,NA,,
C_sikamea,15,No Tide,18_24,5,71,0,Alive,NA,NA,,
C_sikamea,15,No Tide,18_24,5,72,0,Alive,NA,NA,,
C_sikamea,15,No Tide,18_24,5,73,0,Alive,NA,NA,,
C_sikamea,15,No Tide,18_24,5,74,0,Alive,NA,NA,,
C_sikamea,15,No Tide,18_24,5,75,0,Alive,NA,NA,,
C_sikamea,15,No Tide,18_24,5,76,0,Alive,NA,NA,,
C_sikamea,15,No Tide,18_24,5,77,0,Alive,NA,NA,,
C_sikamea,15,No Tide,18_24,5,78,0,Alive,NA,NA,,
C_sikamea,15,No Tide,18_24,5,79,0,Alive,NA,NA,,
C_sikamea,15,No Tide,18_24,5,80,0,Alive,NA,NA,,
C_sikamea,15,Tide,15_21,6,1,0,Alive,NA,NA,,
C_sikamea,15,Tide,15_21,6,2,0,Alive,NA,NA,,
C_sikamea,15,Tide,15_21,6,3,0,Alive,NA,NA,,
C_sikamea,15,Tide,15_21,6,4,0,Alive,NA,NA,,
C_sikamea,15,Tide,15_21,6,5,0,Alive,NA,NA,,
C_sikamea,15,Tide,15_21,6,6,0,Alive,NA,NA,,
C_sikamea,15,Tide,15_21,6,7,0,Alive,NA,NA,,
C_sikamea,15,Tide,15_21,6,8,0,Alive,NA,NA,,
C_sikamea,15,Tide,15_21,6,9,0,Alive,NA,NA,,
C_sikamea,15,Tide,15_21,6,10,0,Alive,NA,NA,,
C_sikamea,15,Tide,15_21,6,11,0,Alive,NA,NA,,
C_sikamea,15,Tide,15_21,6,12,0,Alive,NA,NA,,
C_sikamea,15,Tide,15_21,6,13,0,Alive,NA,NA,,
C_sikamea,15,Tide,15_21,6,14,0,Alive,NA,NA,,
C_sikamea,15,Tide,15_21,6,15,0,Alive,NA,NA,,
C_sikamea,15,Tide,15_21,6,16,0,Alive,NA,NA,,
C_sikamea,15,Tide,15_21,6,17,0,Alive,NA,NA,,
C_sikamea,15,Tide,15_21,6,18,0,Alive,NA,NA,,
C_sikamea,15,Tide,15_21,6,19,0,Alive,NA,NA,,
C_sikamea,15,Tide,15_21,6,20,0,Alive,NA,NA,,
C_sikamea,15,Tide,15_21,6,21,0,Alive,NA,NA,,
C_sikamea,15,Tide,15_21,6,22,0,Alive,NA,NA,,
C_sikamea,15,Tide,15_21,6,23,0,Alive,NA,NA,,
C_sikamea,15,Tide,15_21,6,24,0,Alive,NA,NA,,
C_sikamea,15,Tide,15_21,6,25,0,Alive,NA,NA,,
C_sikamea,15,Tide,15_21,6,26,0,Alive,NA,NA,,
C_sikamea,15,Tide,15_21,6,27,0,Alive,NA,NA,,
C_sikamea,15,Tide,15_21,6,28,0,Alive,NA,NA,,
C_sikamea,15,Tide,15_21,6,29,0,Alive,NA,NA,,
C_sikamea,15,Tide,15_21,6,30,0,Alive,NA,NA,,
C_sikamea,15,Tide,15_21,6,31,0,Alive,NA,NA,,
C_sikamea,15,Tide,15_21,6,32,0,Alive,NA,NA,,
C_sikamea,15,Tide,15_21,6,33,0,Alive,NA,NA,,
C_sikamea,15,Tide,15_21,6,34,0,Alive,NA,NA,,
C_sikamea,15,Tide,15_21,6,35,0,Alive,NA,NA,,
C_sikamea,15,Tide,15_21,6,36,0,Alive,NA,NA,,
C_sikamea,15,Tide,15_21,6,37,0,Alive,NA,NA,,
C_sikamea,15,Tide,15_21,6,38,0,Alive,NA,NA,,
C_sikamea,15,Tide,15_21,6,39,0,Alive,NA,NA,,
C_sikamea,15,Tide,15_21,6,40,0,Alive,NA,NA,,
C_sikamea,15,Tide,18_24,6,41,0,Alive,NA,NA,,
C_sikamea,15,Tide,18_24,6,42,0,Alive,NA,NA,,
C_sikamea,15,Tide,18_24,6,43,0,Alive,NA,NA,,
C_sikamea,15,Tide,18_24,6,44,0,Alive,NA,NA,,
C_sikamea,15,Tide,18_24,6,45,0,Alive,NA,NA,,
C_sikamea,15,Tide,18_24,6,46,0,Alive,NA,NA,,
C_sikamea,15,Tide,18_24,6,47,0,Alive,NA,NA,,
C_sikamea,15,Tide,18_24,6,48,0,Alive,NA,NA,,
C_sikamea,15,Tide,18_24,6,49,0,Alive,NA,NA,,
C_sikamea,15,Tide,18_24,6,50,0,Alive,NA,NA,,
C_sikamea,15,Tide,18_24,6,51,0,Alive,NA,NA,,
C_sikamea,15,Tide,18_24,6,52,0,Alive,NA,NA,,
C_sikamea,15,Tide,18_24,6,53,0,Alive,NA,NA,,
C_sikamea,15,Tide,18_24,6,54,0,Alive,NA,NA,,
C_sikamea,15,Tide,18_24,6,55,0,Alive,NA,NA,,
C_sikamea,15,Tide,18_24,6,56,0,Alive,NA,NA,,
C_sikamea,15,Tide,18_24,6,57,0,Alive,NA,NA,,
C_sikamea,15,Tide,18_24,6,58,0,Alive,NA,NA,,
C_sikamea,15,Tide,18_24,6,59,0,Alive,NA,NA,,
C_sikamea,15,Tide,18_24,6,60,0,Alive,NA,NA,,
C_sikamea,15,Tide,18_24,6,61,0,Alive,NA,NA,,
C_sikamea,15,Tide,18_24,6,62,0,Alive,NA,NA,,
C_sikamea,15,Tide,18_24,6,63,0,Alive,NA,NA,,
C_sikamea,15,Tide,18_24,6,64,0,Alive,NA,NA,,
C_sikamea,15,Tide,18_24,6,65,0,Alive,NA,NA,,
C_sikamea,15,Tide,18_24,6,66,0,Alive,NA,NA,,
C_sikamea,15,Tide,18_24,6,67,0,Alive,NA,NA,,
C_sikamea,15,Tide,18_24,6,68,0,Alive,NA,NA,,
C_sikamea,15,Tide,18_24,6,69,0,Alive,NA,NA,,
C_sikamea,15,Tide,18_24,6,70,0,Alive,NA,NA,,
C_sikamea,15,Tide,18_24,6,71,0,Alive,NA,NA,,
C_sikamea,15,Tide,18_24,6,72,0,Alive,NA,NA,,
C_sikamea,15,Tide,18_24,6,73,0,Alive,NA,NA,,
C_sikamea,15,Tide,18_24,6,74,0,Alive,NA,NA,,
C_sikamea,15,Tide,18_24,6,75,0,Alive,NA,NA,,
C_sikamea,15,Tide,18_24,6,76,0,Alive,NA,NA,,
C_sikamea,15,Tide,18_24,6,77,0,Alive,NA,NA,,
C_sikamea,15,Tide,18_24,6,78,0,Alive,NA,NA,,
C_sikamea,15,Tide,18_24,6,79,0,Alive,NA,NA,,
C_sikamea,15,Tide,18_24,6,80,0,Alive,NA,NA,,
C_sikamea,15,Tide,15_21,7,1,1,Dead,15,3/10/2022,Experiment_Day,Date
C_sikamea,15,Tide,15_21,7,2,0,Alive,NA,NA,15,3/10/2022
C_sikamea,15,Tide,15_21,7,3,0,Alive,NA,NA,12,3/7/2022
C_sikamea,15,Tide,15_21,7,4,0,Alive,NA,NA,12,3/7/2022
C_sikamea,15,Tide,15_21,7,5,0,Alive,NA,NA,9,3/7/2022
C_sikamea,15,Tide,15_21,7,6,0,Alive,NA,NA,12,3/7/2022
C_sikamea,15,Tide,15_21,7,7,0,Alive,NA,NA,15,3/10/2022
C_sikamea,15,Tide,15_21,7,8,0,Alive,NA,NA,9,3/7/2022
C_sikamea,15,Tide,15_21,7,9,0,Alive,NA,NA,15,3/10/2022
C_sikamea,15,Tide,15_21,7,10,0,Alive,NA,NA,9,3/7/2022
C_sikamea,15,Tide,15_21,7,11,0,Alive,NA,NA,3,2/26/2022
C_sikamea,15,Tide,15_21,7,12,0,Alive,NA,NA,12,3/7/2022
C_sikamea,15,Tide,15_21,7,13,0,Alive,NA,NA,3,2/26/2022
C_sikamea,15,Tide,15_21,7,14,0,Alive,NA,NA,9,3/7/2022
C_sikamea,15,Tide,15_21,7,15,0,Alive,NA,NA,12,3/7/2022
C_sikamea,15,Tide,15_21,7,16,0,Alive,NA,NA,12,3/7/2022
C_sikamea,15,Tide,15_21,7,17,0,Alive,NA,NA,9,3/7/2022
C_sikamea,15,Tide,15_21,7,18,0,Alive,NA,NA,12,3/7/2022
C_sikamea,15,Tide,15_21,7,19,0,Alive,NA,NA,9,3/7/2022
C_sikamea,15,Tide,15_21,7,20,0,Alive,NA,NA,9,3/7/2022
C_sikamea,15,Tide,15_21,7,21,0,Alive,NA,NA,3,2/26/2022
C_sikamea,15,Tide,15_21,7,22,0,Alive,NA,NA,15,3/10/2022
C_sikamea,15,Tide,15_21,7,23,0,Alive,NA,NA,12,3/7/2022
C_sikamea,15,Tide,15_21,7,24,0,Alive,NA,NA,,
C_sikamea,15,Tide,15_21,7,25,0,Alive,NA,NA,,
C_sikamea,15,Tide,15_21,7,26,0,Alive,NA,NA,,
C_sikamea,15,Tide,15_21,7,27,0,Alive,NA,NA,,
C_sikamea,15,Tide,15_21,7,28,0,Alive,NA,NA,,
C_sikamea,15,Tide,15_21,7,29,0,Alive,NA,NA,,
C_sikamea,15,Tide,15_21,7,30,0,Alive,NA,NA,,
C_sikamea,15,Tide,15_21,7,31,0,Alive,NA,NA,,
C_sikamea,15,Tide,15_21,7,32,0,Alive,NA,NA,,
C_sikamea,15,Tide,15_21,7,33,0,Alive,NA,NA,,
C_sikamea,15,Tide,15_21,7,34,0,Alive,NA,NA,,
C_sikamea,15,Tide,15_21,7,35,0,Alive,NA,NA,,
C_sikamea,15,Tide,15_21,7,36,0,Alive,NA,NA,,
C_sikamea,15,Tide,15_21,7,37,0,Alive,NA,NA,,
C_sikamea,15,Tide,15_21,7,38,0,Alive,NA,NA,,
C_sikamea,15,Tide,15_21,7,39,0,Alive,NA,NA,,
C_sikamea,15,Tide,15_21,7,40,0,Alive,NA,NA,,
C_sikamea,15,Tide,18_24,7,41,0,Alive,NA,NA,,
C_sikamea,15,Tide,18_24,7,42,0,Alive,NA,NA,,
C_sikamea,15,Tide,18_24,7,43,0,Alive,NA,NA,,
C_sikamea,15,Tide,18_24,7,44,0,Alive,NA,NA,,
C_sikamea,15,Tide,18_24,7,45,0,Alive,NA,NA,,
C_sikamea,15,Tide,18_24,7,46,0,Alive,NA,NA,,
C_sikamea,15,Tide,18_24,7,47,0,Alive,NA,NA,,
C_sikamea,15,Tide,18_24,7,48,0,Alive,NA,NA,,
C_sikamea,15,Tide,18_24,7,49,0,Alive,NA,NA,,
C_sikamea,15,Tide,18_24,7,50,0,Alive,NA,NA,,
C_sikamea,15,Tide,18_24,7,51,0,Alive,NA,NA,,
C_sikamea,15,Tide,18_24,7,52,0,Alive,NA,NA,,
C_sikamea,15,Tide,18_24,7,53,0,Alive,NA,NA,,
C_sikamea,15,Tide,18_24,7,54,0,Alive,NA,NA,,
C_sikamea,15,Tide,18_24,7,55,0,Alive,NA,NA,,
C_sikamea,15,Tide,18_24,7,56,0,Alive,NA,NA,,
C_sikamea,15,Tide,18_24,7,57,0,Alive,NA,NA,,
C_sikamea,15,Tide,18_24,7,58,0,Alive,NA,NA,,
C_sikamea,15,Tide,18_24,7,59,0,Alive,NA,NA,,
C_sikamea,15,Tide,18_24,7,60,0,Alive,NA,NA,,
C_sikamea,15,Tide,18_24,7,61,0,Alive,NA,NA,,
C_sikamea,15,Tide,18_24,7,62,0,Alive,NA,NA,,
C_sikamea,15,Tide,18_24,7,63,0,Alive,NA,NA,,
C_sikamea,15,Tide,18_24,7,64,0,Alive,NA,NA,,
C_sikamea,15,Tide,18_24,7,65,0,Alive,NA,NA,,
C_sikamea,15,Tide,18_24,7,66,0,Alive,NA,NA,,
C_sikamea,15,Tide,18_24,7,67,0,Alive,NA,NA,,
C_sikamea,15,Tide,18_24,7,68,0,Alive,NA,NA,,
C_sikamea,15,Tide,18_24,7,69,0,Alive,NA,NA,,
C_sikamea,15,Tide,18_24,7,70,0,Alive,NA,NA,,
C_sikamea,15,Tide,18_24,7,71,0,Alive,NA,NA,,
C_sikamea,15,Tide,18_24,7,72,0,Alive,NA,NA,,
C_sikamea,15,Tide,18_24,7,73,0,Alive,NA,NA,,
C_sikamea,15,Tide,18_24,7,74,0,Alive,NA,NA,,
C_sikamea,15,Tide,18_24,7,75,0,Alive,NA,NA,,
C_sikamea,15,Tide,18_24,7,76,0,Alive,NA,NA,,
C_sikamea,15,Tide,18_24,7,77,0,Alive,NA,NA,,
C_sikamea,15,Tide,18_24,7,78,0,Alive,NA,NA,,
C_sikamea,15,Tide,18_24,7,79,0,Alive,NA,NA,,
C_sikamea,15,Tide,18_24,7,80,0,Alive,NA,NA,,
C_sikamea,15,Tide,15_21,8,1,0,Alive,NA,NA,,
C_sikamea,15,Tide,15_21,8,2,0,Alive,NA,NA,,
C_sikamea,15,Tide,15_21,8,3,0,Alive,NA,NA,,
C_sikamea,15,Tide,15_21,8,4,0,Alive,NA,NA,,
C_sikamea,15,Tide,15_21,8,5,0,Alive,NA,NA,,
C_sikamea,15,Tide,15_21,8,6,0,Alive,NA,NA,,
C_sikamea,15,Tide,15_21,8,7,0,Alive,NA,NA,,
C_sikamea,15,Tide,15_21,8,8,0,Alive,NA,NA,,
C_sikamea,15,Tide,15_21,8,9,0,Alive,NA,NA,,
C_sikamea,15,Tide,15_21,8,10,0,Alive,NA,NA,,
C_sikamea,15,Tide,15_21,8,11,0,Alive,NA,NA,,
C_sikamea,15,Tide,15_21,8,12,0,Alive,NA,NA,,
C_sikamea,15,Tide,15_21,8,13,0,Alive,NA,NA,,
C_sikamea,15,Tide,15_21,8,14,0,Alive,NA,NA,,
C_sikamea,15,Tide,15_21,8,15,0,Alive,NA,NA,,
C_sikamea,15,Tide,15_21,8,16,0,Alive,NA,NA,,
C_sikamea,15,Tide,15_21,8,17,0,Alive,NA,NA,,
C_sikamea,15,Tide,15_21,8,18,0,Alive,NA,NA,,
C_sikamea,15,Tide,15_21,8,19,0,Alive,NA,NA,,
C_sikamea,15,Tide,15_21,8,20,0,Alive,NA,NA,,
C_sikamea,15,Tide,15_21,8,21,0,Alive,NA,NA,,
C_sikamea,15,Tide,15_21,8,22,0,Alive,NA,NA,,
C_sikamea,15,Tide,15_21,8,23,0,Alive,NA,NA,,
C_sikamea,15,Tide,15_21,8,24,0,Alive,NA,NA,,
C_sikamea,15,Tide,15_21,8,25,0,Alive,NA,NA,,
C_sikamea,15,Tide,15_21,8,26,0,Alive,NA,NA,,
C_sikamea,15,Tide,15_21,8,27,0,Alive,NA,NA,,
C_sikamea,15,Tide,15_21,8,28,0,Alive,NA,NA,,
C_sikamea,15,Tide,15_21,8,29,0,Alive,NA,NA,,
C_sikamea,15,Tide,15_21,8,30,0,Alive,NA,NA,,
C_sikamea,15,Tide,15_21,8,31,0,Alive,NA,NA,,
C_sikamea,15,Tide,15_21,8,32,0,Alive,NA,NA,,
C_sikamea,15,Tide,15_21,8,33,0,Alive,NA,NA,,
C_sikamea,15,Tide,15_21,8,34,0,Alive,NA,NA,,
C_sikamea,15,Tide,15_21,8,35,0,Alive,NA,NA,,
C_sikamea,15,Tide,15_21,8,36,0,Alive,NA,NA,,
C_sikamea,15,Tide,15_21,8,37,0,Alive,NA,NA,,
C_sikamea,15,Tide,15_21,8,38,0,Alive,NA,NA,,
C_sikamea,15,Tide,15_21,8,39,0,Alive,NA,NA,,
C_sikamea,15,Tide,15_21,8,40,0,Alive,NA,NA,,
C_sikamea,15,Tide,18_24,8,41,1,Dead,9,3/7/2022,,
C_sikamea,15,Tide,18_24,8,42,0,Alive,NA,NA,,
C_sikamea,15,Tide,18_24,8,43,0,Alive,NA,NA,,
C_sikamea,15,Tide,18_24,8,44,0,Alive,NA,NA,,
C_sikamea,15,Tide,18_24,8,45,0,Alive,NA,NA,,
C_sikamea,15,Tide,18_24,8,46,0,Alive,NA,NA,,
C_sikamea,15,Tide,18_24,8,47,0,Alive,NA,NA,,
C_sikamea,15,Tide,18_24,8,48,0,Alive,NA,NA,,
C_sikamea,15,Tide,18_24,8,49,0,Alive,NA,NA,,
C_sikamea,15,Tide,18_24,8,50,0,Alive,NA,NA,,
C_sikamea,15,Tide,18_24,8,51,0,Alive,NA,NA,,
C_sikamea,15,Tide,18_24,8,52,0,Alive,NA,NA,,
C_sikamea,15,Tide,18_24,8,53,0,Alive,NA,NA,,
C_sikamea,15,Tide,18_24,8,54,0,Alive,NA,NA,,
C_sikamea,15,Tide,18_24,8,55,0,Alive,NA,NA,,
C_sikamea,15,Tide,18_24,8,56,0,Alive,NA,NA,,
C_sikamea,15,Tide,18_24,8,57,0,Alive,NA,NA,,
C_sikamea,15,Tide,18_24,8,58,0,Alive,NA,NA,,
C_sikamea,15,Tide,18_24,8,59,0,Alive,NA,NA,,
C_sikamea,15,Tide,18_24,8,60,0,Alive,NA,NA,,
C_sikamea,15,Tide,18_24,8,61,0,Alive,NA,NA,,
C_sikamea,15,Tide,18_24,8,62,0,Alive,NA,NA,,
C_sikamea,15,Tide,18_24,8,63,0,Alive,NA,NA,,
C_sikamea,15,Tide,18_24,8,64,0,Alive,NA,NA,,
C_sikamea,15,Tide,18_24,8,65,0,Alive,NA,NA,,
C_sikamea,15,Tide,18_24,8,66,0,Alive,NA,NA,,
C_sikamea,15,Tide,18_24,8,67,0,Alive,NA,NA,,
C_sikamea,15,Tide,18_24,8,68,0,Alive,NA,NA,,
C_sikamea,15,Tide,18_24,8,69,0,Alive,NA,NA,,
C_sikamea,15,Tide,18_24,8,70,0,Alive,NA,NA,,
C_sikamea,15,Tide,18_24,8,71,0,Alive,NA,NA,,
C_sikamea,15,Tide,18_24,8,72,0,Alive,NA,NA,,
C_sikamea,15,Tide,18_24,8,73,0,Alive,NA,NA,,
C_sikamea,15,Tide,18_24,8,74,0,Alive,NA,NA,,
C_sikamea,15,Tide,18_24,8,75,0,Alive,NA,NA,,
C_sikamea,15,Tide,18_24,8,76,0,Alive,NA,NA,,
C_sikamea,15,Tide,18_24,8,77,0,Alive,NA,NA,,
C_sikamea,15,Tide,18_24,8,78,0,Alive,NA,NA,,
C_sikamea,15,Tide,18_24,8,79,0,Alive,NA,NA,,
C_sikamea,15,Tide,18_24,8,80,0,Alive,NA,NA,,
C_sikamea,15,Tide,15_21,9,1,1,Dead,15,3/10/2022,,
C_sikamea,15,Tide,15_21,9,2,0,Alive,NA,NA,,
C_sikamea,15,Tide,15_21,9,3,0,Alive,NA,NA,,
C_sikamea,15,Tide,15_21,9,4,0,Alive,NA,NA,,
C_sikamea,15,Tide,15_21,9,5,0,Alive,NA,NA,,
C_sikamea,15,Tide,15_21,9,6,0,Alive,NA,NA,,
C_sikamea,15,Tide,15_21,9,7,0,Alive,NA,NA,,
C_sikamea,15,Tide,15_21,9,8,0,Alive,NA,NA,,
C_sikamea,15,Tide,15_21,9,9,0,Alive,NA,NA,,
C_sikamea,15,Tide,15_21,9,10,0,Alive,NA,NA,,
C_sikamea,15,Tide,15_21,9,11,0,Alive,NA,NA,,
C_sikamea,15,Tide,15_21,9,12,0,Alive,NA,NA,,
C_sikamea,15,Tide,15_21,9,13,0,Alive,NA,NA,,
C_sikamea,15,Tide,15_21,9,14,0,Alive,NA,NA,,
C_sikamea,15,Tide,15_21,9,15,0,Alive,NA,NA,,
C_sikamea,15,Tide,15_21,9,16,0,Alive,NA,NA,,
C_sikamea,15,Tide,15_21,9,17,0,Alive,NA,NA,,
C_sikamea,15,Tide,15_21,9,18,0,Alive,NA,NA,,
C_sikamea,15,Tide,15_21,9,19,0,Alive,NA,NA,,
C_sikamea,15,Tide,15_21,9,20,0,Alive,NA,NA,,
C_sikamea,15,Tide,15_21,9,21,0,Alive,NA,NA,,
C_sikamea,15,Tide,15_21,9,22,0,Alive,NA,NA,,
C_sikamea,15,Tide,15_21,9,23,0,Alive,NA,NA,,
C_sikamea,15,Tide,15_21,9,24,0,Alive,NA,NA,,
C_sikamea,15,Tide,15_21,9,25,0,Alive,NA,NA,,
C_sikamea,15,Tide,15_21,9,26,0,Alive,NA,NA,,
C_sikamea,15,Tide,15_21,9,27,0,Alive,NA,NA,,
C_sikamea,15,Tide,15_21,9,28,0,Alive,NA,NA,,
C_sikamea,15,Tide,15_21,9,29,0,Alive,NA,NA,,
C_sikamea,15,Tide,15_21,9,30,0,Alive,NA,NA,,
C_sikamea,15,Tide,15_21,9,31,0,Alive,NA,NA,,
C_sikamea,15,Tide,15_21,9,32,0,Alive,NA,NA,,
C_sikamea,15,Tide,15_21,9,33,0,Alive,NA,NA,,
C_sikamea,15,Tide,15_21,9,34,0,Alive,NA,NA,,
C_sikamea,15,Tide,15_21,9,35,0,Alive,NA,NA,,
C_sikamea,15,Tide,15_21,9,36,0,Alive,NA,NA,,
C_sikamea,15,Tide,15_21,9,37,0,Alive,NA,NA,,
C_sikamea,15,Tide,15_21,9,38,0,Alive,NA,NA,,
C_sikamea,15,Tide,15_21,9,39,0,Alive,NA,NA,,
C_sikamea,15,Tide,15_21,9,40,0,Alive,NA,NA,,
C_sikamea,15,Tide,18_24,9,41,0,Alive,NA,NA,,
C_sikamea,15,Tide,18_24,9,42,0,Alive,NA,NA,,
C_sikamea,15,Tide,18_24,9,43,0,Alive,NA,NA,,
C_sikamea,15,Tide,18_24,9,44,0,Alive,NA,NA,,
C_sikamea,15,Tide,18_24,9,45,0,Alive,NA,NA,,
C_sikamea,15,Tide,18_24,9,46,0,Alive,NA,NA,,
C_sikamea,15,Tide,18_24,9,47,0,Alive,NA,NA,,
C_sikamea,15,Tide,18_24,9,48,0,Alive,NA,NA,,
C_sikamea,15,Tide,18_24,9,49,0,Alive,NA,NA,,
C_sikamea,15,Tide,18_24,9,50,0,Alive,NA,NA,,
C_sikamea,15,Tide,18_24,9,51,0,Alive,NA,NA,,
C_sikamea,15,Tide,18_24,9,52,0,Alive,NA,NA,,
C_sikamea,15,Tide,18_24,9,53,0,Alive,NA,NA,,
C_sikamea,15,Tide,18_24,9,54,0,Alive,NA,NA,,
C_sikamea,15,Tide,18_24,9,55,0,Alive,NA,NA,,
C_sikamea,15,Tide,18_24,9,56,0,Alive,NA,NA,,
C_sikamea,15,Tide,18_24,9,57,0,Alive,NA,NA,,
C_sikamea,15,Tide,18_24,9,58,0,Alive,NA,NA,,
C_sikamea,15,Tide,18_24,9,59,0,Alive,NA,NA,,
C_sikamea,15,Tide,18_24,9,60,0,Alive,NA,NA,,
C_sikamea,15,Tide,18_24,9,61,0,Alive,NA,NA,,
C_sikamea,15,Tide,18_24,9,62,0,Alive,NA,NA,,
C_sikamea,15,Tide,18_24,9,63,0,Alive,NA,NA,,
C_sikamea,15,Tide,18_24,9,64,0,Alive,NA,NA,,
C_sikamea,15,Tide,18_24,9,65,0,Alive,NA,NA,,
C_sikamea,15,Tide,18_24,9,66,0,Alive,NA,NA,,
C_sikamea,15,Tide,18_24,9,67,0,Alive,NA,NA,,
C_sikamea,15,Tide,18_24,9,68,0,Alive,NA,NA,,
C_sikamea,15,Tide,18_24,9,69,0,Alive,NA,NA,,
C_sikamea,15,Tide,18_24,9,70,0,Alive,NA,NA,,
C_sikamea,15,Tide,18_24,9,71,0,Alive,NA,NA,,
C_sikamea,15,Tide,18_24,9,72,0,Alive,NA,NA,,
C_sikamea,15,Tide,18_24,9,73,0,Alive,NA,NA,,
C_sikamea,15,Tide,18_24,9,74,0,Alive,NA,NA,,
C_sikamea,15,Tide,18_24,9,75,0,Alive,NA,NA,,
C_sikamea,15,Tide,18_24,9,76,0,Alive,NA,NA,,
C_sikamea,15,Tide,18_24,9,77,0,Alive,NA,NA,,
C_sikamea,15,Tide,18_24,9,78,0,Alive,NA,NA,,
C_sikamea,15,Tide,18_24,9,79,0,Alive,NA,NA,,
C_sikamea,15,Tide,18_24,9,80,0,Alive,NA,NA,,
C_sikamea,15,Tide,15_21,10,1,0,Alive,NA,NA,,
C_sikamea,15,Tide,15_21,10,2,0,Alive,NA,NA,,
C_sikamea,15,Tide,15_21,10,3,0,Alive,NA,NA,,
C_sikamea,15,Tide,15_21,10,4,0,Alive,NA,NA,,
C_sikamea,15,Tide,15_21,10,5,0,Alive,NA,NA,,
C_sikamea,15,Tide,15_21,10,6,0,Alive,NA,NA,,
C_sikamea,15,Tide,15_21,10,7,0,Alive,NA,NA,,
C_sikamea,15,Tide,15_21,10,8,0,Alive,NA,NA,,
C_sikamea,15,Tide,15_21,10,9,0,Alive,NA,NA,,
C_sikamea,15,Tide,15_21,10,10,0,Alive,NA,NA,,
C_sikamea,15,Tide,15_21,10,11,0,Alive,NA,NA,,
C_sikamea,15,Tide,15_21,10,12,0,Alive,NA,NA,,
C_sikamea,15,Tide,15_21,10,13,0,Alive,NA,NA,,
C_sikamea,15,Tide,15_21,10,14,0,Alive,NA,NA,,
C_sikamea,15,Tide,15_21,10,15,0,Alive,NA,NA,,
C_sikamea,15,Tide,15_21,10,16,0,Alive,NA,NA,,
C_sikamea,15,Tide,15_21,10,17,0,Alive,NA,NA,,
C_sikamea,15,Tide,15_21,10,18,0,Alive,NA,NA,,
C_sikamea,15,Tide,15_21,10,19,0,Alive,NA,NA,,
C_sikamea,15,Tide,15_21,10,20,0,Alive,NA,NA,,
C_sikamea,15,Tide,15_21,10,21,0,Alive,NA,NA,,
C_sikamea,15,Tide,15_21,10,22,0,Alive,NA,NA,,
C_sikamea,15,Tide,15_21,10,23,0,Alive,NA,NA,,
C_sikamea,15,Tide,15_21,10,24,0,Alive,NA,NA,,
C_sikamea,15,Tide,15_21,10,25,0,Alive,NA,NA,,
C_sikamea,15,Tide,15_21,10,26,0,Alive,NA,NA,,
C_sikamea,15,Tide,15_21,10,27,0,Alive,NA,NA,,
C_sikamea,15,Tide,15_21,10,28,0,Alive,NA,NA,,
C_sikamea,15,Tide,15_21,10,29,0,Alive,NA,NA,,
C_sikamea,15,Tide,15_21,10,30,0,Alive,NA,NA,,
C_sikamea,15,Tide,15_21,10,31,0,Alive,NA,NA,,
C_sikamea,15,Tide,15_21,10,32,0,Alive,NA,NA,,
C_sikamea,15,Tide,15_21,10,33,0,Alive,NA,NA,,
C_sikamea,15,Tide,15_21,10,34,0,Alive,NA,NA,,
C_sikamea,15,Tide,15_21,10,35,0,Alive,NA,NA,,
C_sikamea,15,Tide,15_21,10,36,0,Alive,NA,NA,,
C_sikamea,15,Tide,15_21,10,37,0,Alive,NA,NA,,
C_sikamea,15,Tide,15_21,10,38,0,Alive,NA,NA,,
C_sikamea,15,Tide,15_21,10,39,0,Alive,NA,NA,,
C_sikamea,15,Tide,15_21,10,40,0,Alive,NA,NA,,
C_sikamea,15,Tide,18_24,10,41,1,Dead,9,3/7/2022,,
C_sikamea,15,Tide,18_24,10,42,0,Alive,NA,NA,,
C_sikamea,15,Tide,18_24,10,43,0,Alive,NA,NA,,
C_sikamea,15,Tide,18_24,10,44,0,Alive,NA,NA,,
C_sikamea,15,Tide,18_24,10,45,0,Alive,NA,NA,,
C_sikamea,15,Tide,18_24,10,46,0,Alive,NA,NA,,
C_sikamea,15,Tide,18_24,10,47,0,Alive,NA,NA,,
C_sikamea,15,Tide,18_24,10,48,0,Alive,NA,NA,,
C_sikamea,15,Tide,18_24,10,49,0,Alive,NA,NA,,
C_sikamea,15,Tide,18_24,10,50,0,Alive,NA,NA,,
C_sikamea,15,Tide,18_24,10,51,0,Alive,NA,NA,,
C_sikamea,15,Tide,18_24,10,52,0,Alive,NA,NA,,
C_sikamea,15,Tide,18_24,10,53,0,Alive,NA,NA,,
C_sikamea,15,Tide,18_24,10,54,0,Alive,NA,NA,,
C_sikamea,15,Tide,18_24,10,55,0,Alive,NA,NA,,
C_sikamea,15,Tide,18_24,10,56,0,Alive,NA,NA,,
C_sikamea,15,Tide,18_24,10,57,0,Alive,NA,NA,,
C_sikamea,15,Tide,18_24,10,58,0,Alive,NA,NA,,
C_sikamea,15,Tide,18_24,10,59,0,Alive,NA,NA,,
C_sikamea,15,Tide,18_24,10,60,0,Alive,NA,NA,,
C_sikamea,15,Tide,18_24,10,61,0,Alive,NA,NA,,
C_sikamea,15,Tide,18_24,10,62,0,Alive,NA,NA,,
C_sikamea,15,Tide,18_24,10,63,0,Alive,NA,NA,,
C_sikamea,15,Tide,18_24,10,64,0,Alive,NA,NA,,
C_sikamea,15,Tide,18_24,10,65,0,Alive,NA,NA,,
C_sikamea,15,Tide,18_24,10,66,0,Alive,NA,NA,,
C_sikamea,15,Tide,18_24,10,67,0,Alive,NA,NA,,
C_sikamea,15,Tide,18_24,10,68,0,Alive,NA,NA,,
C_sikamea,15,Tide,18_24,10,69,0,Alive,NA,NA,,
C_sikamea,15,Tide,18_24,10,70,0,Alive,NA,NA,,
C_sikamea,15,Tide,18_24,10,71,0,Alive,NA,NA,,
C_sikamea,15,Tide,18_24,10,72,0,Alive,NA,NA,,
C_sikamea,15,Tide,18_24,10,73,0,Alive,NA,NA,,
C_sikamea,15,Tide,18_24,10,74,0,Alive,NA,NA,,
C_sikamea,15,Tide,18_24,10,75,0,Alive,NA,NA,,
C_sikamea,15,Tide,18_24,10,76,0,Alive,NA,NA,,
C_sikamea,15,Tide,18_24,10,77,0,Alive,NA,NA,,
C_sikamea,15,Tide,18_24,10,78,0,Alive,NA,NA,,
C_sikamea,15,Tide,18_24,10,79,0,Alive,NA,NA,,
C_sikamea,15,Tide,18_24,10,80,0,Alive,NA,NA,,
C_sikamea,21,Tide,15_21,11,1,1,Dead,3,2/26/2022,,
C_sikamea,21,Tide,15_21,11,2,1,Dead,12,3/7/2022,,
C_sikamea,21,Tide,15_21,11,3,0,Alive,NA,NA,,
C_sikamea,21,Tide,15_21,11,4,0,Alive,NA,NA,,
C_sikamea,21,Tide,15_21,11,5,0,Alive,NA,NA,,
C_sikamea,21,Tide,15_21,11,6,0,Alive,NA,NA,,
C_sikamea,21,Tide,15_21,11,7,0,Alive,NA,NA,,
C_sikamea,21,Tide,15_21,11,8,0,Alive,NA,NA,,
C_sikamea,21,Tide,15_21,11,9,0,Alive,NA,NA,,
C_sikamea,21,Tide,15_21,11,10,0,Alive,NA,NA,,
C_sikamea,21,Tide,15_21,11,11,0,Alive,NA,NA,,
C_sikamea,21,Tide,15_21,11,12,0,Alive,NA,NA,,
C_sikamea,21,Tide,15_21,11,13,0,Alive,NA,NA,,
C_sikamea,21,Tide,15_21,11,14,0,Alive,NA,NA,,
C_sikamea,21,Tide,15_21,11,15,0,Alive,NA,NA,,
C_sikamea,21,Tide,15_21,11,16,0,Alive,NA,NA,,
C_sikamea,21,Tide,15_21,11,17,0,Alive,NA,NA,,
C_sikamea,21,Tide,15_21,11,18,0,Alive,NA,NA,,
C_sikamea,21,Tide,15_21,11,19,0,Alive,NA,NA,,
C_sikamea,21,Tide,15_21,11,20,0,Alive,NA,NA,,
C_sikamea,21,Tide,15_21,11,21,0,Alive,NA,NA,,
C_sikamea,21,Tide,15_21,11,22,0,Alive,NA,NA,,
C_sikamea,21,Tide,15_21,11,23,0,Alive,NA,NA,,
C_sikamea,21,Tide,15_21,11,24,0,Alive,NA,NA,,
C_sikamea,21,Tide,15_21,11,25,0,Alive,NA,NA,,
C_sikamea,21,Tide,15_21,11,26,0,Alive,NA,NA,,
C_sikamea,21,Tide,15_21,11,27,0,Alive,NA,NA,,
C_sikamea,21,Tide,15_21,11,28,0,Alive,NA,NA,,
C_sikamea,21,Tide,15_21,11,29,0,Alive,NA,NA,,
C_sikamea,21,Tide,15_21,11,30,0,Alive,NA,NA,,
C_sikamea,21,Tide,15_21,11,31,0,Alive,NA,NA,,
C_sikamea,21,Tide,15_21,11,32,0,Alive,NA,NA,,
C_sikamea,21,Tide,15_21,11,33,0,Alive,NA,NA,,
C_sikamea,21,Tide,15_21,11,34,0,Alive,NA,NA,,
C_sikamea,21,Tide,15_21,11,35,0,Alive,NA,NA,,
C_sikamea,21,Tide,15_21,11,36,0,Alive,NA,NA,,
C_sikamea,21,Tide,15_21,11,37,0,Alive,NA,NA,,
C_sikamea,21,Tide,15_21,11,38,0,Alive,NA,NA,,
C_sikamea,21,Tide,15_21,11,39,0,Alive,NA,NA,,
C_sikamea,21,Tide,15_21,11,40,0,Alive,NA,NA,,
C_sikamea,21,Tide,18_24,11,41,0,Alive,NA,NA,,
C_sikamea,21,Tide,18_24,11,42,0,Alive,NA,NA,,
C_sikamea,21,Tide,18_24,11,43,0,Alive,NA,NA,,
C_sikamea,21,Tide,18_24,11,44,0,Alive,NA,NA,,
C_sikamea,21,Tide,18_24,11,45,0,Alive,NA,NA,,
C_sikamea,21,Tide,18_24,11,46,0,Alive,NA,NA,,
C_sikamea,21,Tide,18_24,11,47,0,Alive,NA,NA,,
C_sikamea,21,Tide,18_24,11,48,0,Alive,NA,NA,,
C_sikamea,21,Tide,18_24,11,49,0,Alive,NA,NA,,
C_sikamea,21,Tide,18_24,11,50,0,Alive,NA,NA,,
C_sikamea,21,Tide,18_24,11,51,0,Alive,NA,NA,,
C_sikamea,21,Tide,18_24,11,52,0,Alive,NA,NA,,
C_sikamea,21,Tide,18_24,11,53,0,Alive,NA,NA,,
C_sikamea,21,Tide,18_24,11,54,0,Alive,NA,NA,,
C_sikamea,21,Tide,18_24,11,55,0,Alive,NA,NA,,
C_sikamea,21,Tide,18_24,11,56,0,Alive,NA,NA,,
C_sikamea,21,Tide,18_24,11,57,0,Alive,NA,NA,,
C_sikamea,21,Tide,18_24,11,58,0,Alive,NA,NA,,
C_sikamea,21,Tide,18_24,11,59,0,Alive,NA,NA,,
C_sikamea,21,Tide,18_24,11,60,0,Alive,NA,NA,,
C_sikamea,21,Tide,18_24,11,61,0,Alive,NA,NA,,
C_sikamea,21,Tide,18_24,11,62,0,Alive,NA,NA,,
C_sikamea,21,Tide,18_24,11,63,0,Alive,NA,NA,,
C_sikamea,21,Tide,18_24,11,64,0,Alive,NA,NA,,
C_sikamea,21,Tide,18_24,11,65,0,Alive,NA,NA,,
C_sikamea,21,Tide,18_24,11,66,0,Alive,NA,NA,,
C_sikamea,21,Tide,18_24,11,67,0,Alive,NA,NA,,
C_sikamea,21,Tide,18_24,11,68,0,Alive,NA,NA,,
C_sikamea,21,Tide,18_24,11,69,0,Alive,NA,NA,,
C_sikamea,21,Tide,18_24,11,70,0,Alive,NA,NA,,
C_sikamea,21,Tide,18_24,11,71,0,Alive,NA,NA,,
C_sikamea,21,Tide,18_24,11,72,0,Alive,NA,NA,,
C_sikamea,21,Tide,18_24,11,73,0,Alive,NA,NA,,
C_sikamea,21,Tide,18_24,11,74,0,Alive,NA,NA,,
C_sikamea,21,Tide,18_24,11,75,0,Alive,NA,NA,,
C_sikamea,21,Tide,18_24,11,76,0,Alive,NA,NA,,
C_sikamea,21,Tide,18_24,11,77,0,Alive,NA,NA,,
C_sikamea,21,Tide,18_24,11,78,0,Alive,NA,NA,,
C_sikamea,21,Tide,18_24,11,79,0,Alive,NA,NA,,
C_sikamea,21,Tide,18_24,11,80,0,Alive,NA,NA,,
C_sikamea,21,Tide,15_21,12,1,1,Dead,3,2/26/2022,,
C_sikamea,21,Tide,15_21,12,2,0,Alive,NA,NA,,
C_sikamea,21,Tide,15_21,12,3,0,Alive,NA,NA,,
C_sikamea,21,Tide,15_21,12,4,0,Alive,NA,NA,,
C_sikamea,21,Tide,15_21,12,5,0,Alive,NA,NA,,
C_sikamea,21,Tide,15_21,12,6,0,Alive,NA,NA,,
C_sikamea,21,Tide,15_21,12,7,0,Alive,NA,NA,,
C_sikamea,21,Tide,15_21,12,8,0,Alive,NA,NA,,
C_sikamea,21,Tide,15_21,12,9,0,Alive,NA,NA,,
C_sikamea,21,Tide,15_21,12,10,0,Alive,NA,NA,,
C_sikamea,21,Tide,15_21,12,11,0,Alive,NA,NA,,
C_sikamea,21,Tide,15_21,12,12,0,Alive,NA,NA,,
C_sikamea,21,Tide,15_21,12,13,0,Alive,NA,NA,,
C_sikamea,21,Tide,15_21,12,14,0,Alive,NA,NA,,
C_sikamea,21,Tide,15_21,12,15,0,Alive,NA,NA,,
C_sikamea,21,Tide,15_21,12,16,0,Alive,NA,NA,,
C_sikamea,21,Tide,15_21,12,17,0,Alive,NA,NA,,
C_sikamea,21,Tide,15_21,12,18,0,Alive,NA,NA,,
C_sikamea,21,Tide,15_21,12,19,0,Alive,NA,NA,,
C_sikamea,21,Tide,15_21,12,20,0,Alive,NA,NA,,
C_sikamea,21,Tide,15_21,12,21,0,Alive,NA,NA,,
C_sikamea,21,Tide,15_21,12,22,0,Alive,NA,NA,,
C_sikamea,21,Tide,15_21,12,23,0,Alive,NA,NA,,
C_sikamea,21,Tide,15_21,12,24,0,Alive,NA,NA,,
C_sikamea,21,Tide,15_21,12,25,0,Alive,NA,NA,,
C_sikamea,21,Tide,15_21,12,26,0,Alive,NA,NA,,
C_sikamea,21,Tide,15_21,12,27,0,Alive,NA,NA,,
C_sikamea,21,Tide,15_21,12,28,0,Alive,NA,NA,,
C_sikamea,21,Tide,15_21,12,29,0,Alive,NA,NA,,
C_sikamea,21,Tide,15_21,12,30,0,Alive,NA,NA,,
C_sikamea,21,Tide,15_21,12,31,0,Alive,NA,NA,,
C_sikamea,21,Tide,15_21,12,32,0,Alive,NA,NA,,
C_sikamea,21,Tide,15_21,12,33,0,Alive,NA,NA,,
C_sikamea,21,Tide,15_21,12,34,0,Alive,NA,NA,,
C_sikamea,21,Tide,15_21,12,35,0,Alive,NA,NA,,
C_sikamea,21,Tide,15_21,12,36,0,Alive,NA,NA,,
C_sikamea,21,Tide,15_21,12,37,0,Alive,NA,NA,,
C_sikamea,21,Tide,15_21,12,38,0,Alive,NA,NA,,
C_sikamea,21,Tide,15_21,12,39,0,Alive,NA,NA,,
C_sikamea,21,Tide,15_21,12,40,0,Alive,NA,NA,,
C_sikamea,21,Tide,18_24,12,41,0,Alive,NA,NA,,
C_sikamea,21,Tide,18_24,12,42,0,Alive,NA,NA,,
C_sikamea,21,Tide,18_24,12,43,0,Alive,NA,NA,,
C_sikamea,21,Tide,18_24,12,44,0,Alive,NA,NA,,
C_sikamea,21,Tide,18_24,12,45,0,Alive,NA,NA,,
C_sikamea,21,Tide,18_24,12,46,0,Alive,NA,NA,,
C_sikamea,21,Tide,18_24,12,47,0,Alive,NA,NA,,
C_sikamea,21,Tide,18_24,12,48,0,Alive,NA,NA,,
C_sikamea,21,Tide,18_24,12,49,0,Alive,NA,NA,,
C_sikamea,21,Tide,18_24,12,50,0,Alive,NA,NA,,
C_sikamea,21,Tide,18_24,12,51,0,Alive,NA,NA,,
C_sikamea,21,Tide,18_24,12,52,0,Alive,NA,NA,,
C_sikamea,21,Tide,18_24,12,53,0,Alive,NA,NA,,
C_sikamea,21,Tide,18_24,12,54,0,Alive,NA,NA,,
C_sikamea,21,Tide,18_24,12,55,0,Alive,NA,NA,,
C_sikamea,21,Tide,18_24,12,56,0,Alive,NA,NA,,
C_sikamea,21,Tide,18_24,12,57,0,Alive,NA,NA,,
C_sikamea,21,Tide,18_24,12,58,0,Alive,NA,NA,,
C_sikamea,21,Tide,18_24,12,59,0,Alive,NA,NA,,
C_sikamea,21,Tide,18_24,12,60,0,Alive,NA,NA,,
C_sikamea,21,Tide,18_24,12,61,0,Alive,NA,NA,,
C_sikamea,21,Tide,18_24,12,62,0,Alive,NA,NA,,
C_sikamea,21,Tide,18_24,12,63,0,Alive,NA,NA,,
C_sikamea,21,Tide,18_24,12,64,0,Alive,NA,NA,,
C_sikamea,21,Tide,18_24,12,65,0,Alive,NA,NA,,
C_sikamea,21,Tide,18_24,12,66,0,Alive,NA,NA,,
C_sikamea,21,Tide,18_24,12,67,0,Alive,NA,NA,,
C_sikamea,21,Tide,18_24,12,68,0,Alive,NA,NA,,
C_sikamea,21,Tide,18_24,12,69,0,Alive,NA,NA,,
C_sikamea,21,Tide,18_24,12,70,0,Alive,NA,NA,,
C_sikamea,21,Tide,18_24,12,71,0,Alive,NA,NA,,
C_sikamea,21,Tide,18_24,12,72,0,Alive,NA,NA,,
C_sikamea,21,Tide,18_24,12,73,0,Alive,NA,NA,,
C_sikamea,21,Tide,18_24,12,74,0,Alive,NA,NA,,
C_sikamea,21,Tide,18_24,12,75,0,Alive,NA,NA,,
C_sikamea,21,Tide,18_24,12,76,0,Alive,NA,NA,,
C_sikamea,21,Tide,18_24,12,77,0,Alive,NA,NA,,
C_sikamea,21,Tide,18_24,12,78,0,Alive,NA,NA,,
C_sikamea,21,Tide,18_24,12,79,0,Alive,NA,NA,,
C_sikamea,21,Tide,18_24,12,80,0,Alive,NA,NA,,
C_sikamea,21,Tide,15_21,13,1,1,Dead,3,2/26/2022,,
C_sikamea,21,Tide,15_21,13,2,1,Dead,3,2/26/2022,,
C_sikamea,21,Tide,15_21,13,3,0,Alive,NA,NA,,
C_sikamea,21,Tide,15_21,13,4,0,Alive,NA,NA,,
C_sikamea,21,Tide,15_21,13,5,0,Alive,NA,NA,,
C_sikamea,21,Tide,15_21,13,6,0,Alive,NA,NA,,
C_sikamea,21,Tide,15_21,13,7,0,Alive,NA,NA,,
C_sikamea,21,Tide,15_21,13,8,0,Alive,NA,NA,,
C_sikamea,21,Tide,15_21,13,9,0,Alive,NA,NA,,
C_sikamea,21,Tide,15_21,13,10,0,Alive,NA,NA,,
C_sikamea,21,Tide,15_21,13,11,0,Alive,NA,NA,,
C_sikamea,21,Tide,15_21,13,12,0,Alive,NA,NA,,
C_sikamea,21,Tide,15_21,13,13,0,Alive,NA,NA,,
C_sikamea,21,Tide,15_21,13,14,0,Alive,NA,NA,,
C_sikamea,21,Tide,15_21,13,15,0,Alive,NA,NA,,
C_sikamea,21,Tide,15_21,13,16,0,Alive,NA,NA,,
C_sikamea,21,Tide,15_21,13,17,0,Alive,NA,NA,,
C_sikamea,21,Tide,15_21,13,18,0,Alive,NA,NA,,
C_sikamea,21,Tide,15_21,13,19,0,Alive,NA,NA,,
C_sikamea,21,Tide,15_21,13,20,0,Alive,NA,NA,,
C_sikamea,21,Tide,15_21,13,21,0,Alive,NA,NA,,
C_sikamea,21,Tide,15_21,13,22,0,Alive,NA,NA,,
C_sikamea,21,Tide,15_21,13,23,0,Alive,NA,NA,,
C_sikamea,21,Tide,15_21,13,24,0,Alive,NA,NA,,
C_sikamea,21,Tide,15_21,13,25,0,Alive,NA,NA,,
C_sikamea,21,Tide,15_21,13,26,0,Alive,NA,NA,,
C_sikamea,21,Tide,15_21,13,27,0,Alive,NA,NA,,
C_sikamea,21,Tide,15_21,13,28,0,Alive,NA,NA,,
C_sikamea,21,Tide,15_21,13,29,0,Alive,NA,NA,,
C_sikamea,21,Tide,15_21,13,30,0,Alive,NA,NA,,
C_sikamea,21,Tide,15_21,13,31,0,Alive,NA,NA,,
C_sikamea,21,Tide,15_21,13,32,0,Alive,NA,NA,,
C_sikamea,21,Tide,15_21,13,33,0,Alive,NA,NA,,
C_sikamea,21,Tide,15_21,13,34,0,Alive,NA,NA,,
C_sikamea,21,Tide,15_21,13,35,0,Alive,NA,NA,,
C_sikamea,21,Tide,15_21,13,36,0,Alive,NA,NA,,
C_sikamea,21,Tide,15_21,13,37,0,Alive,NA,NA,,
C_sikamea,21,Tide,15_21,13,38,0,Alive,NA,NA,,
C_sikamea,21,Tide,15_21,13,39,0,Alive,NA,NA,,
C_sikamea,21,Tide,15_21,13,40,0,Alive,NA,NA,,
C_sikamea,21,Tide,18_24,13,41,0,Alive,NA,NA,,
C_sikamea,21,Tide,18_24,13,42,0,Alive,NA,NA,,
C_sikamea,21,Tide,18_24,13,43,0,Alive,NA,NA,,
C_sikamea,21,Tide,18_24,13,44,0,Alive,NA,NA,,
C_sikamea,21,Tide,18_24,13,45,0,Alive,NA,NA,,
C_sikamea,21,Tide,18_24,13,46,0,Alive,NA,NA,,
C_sikamea,21,Tide,18_24,13,47,0,Alive,NA,NA,,
C_sikamea,21,Tide,18_24,13,48,0,Alive,NA,NA,,
C_sikamea,21,Tide,18_24,13,49,0,Alive,NA,NA,,
C_sikamea,21,Tide,18_24,13,50,0,Alive,NA,NA,,
C_sikamea,21,Tide,18_24,13,51,0,Alive,NA,NA,,
C_sikamea,21,Tide,18_24,13,52,0,Alive,NA,NA,,
C_sikamea,21,Tide,18_24,13,53,0,Alive,NA,NA,,
C_sikamea,21,Tide,18_24,13,54,0,Alive,NA,NA,,
C_sikamea,21,Tide,18_24,13,55,0,Alive,NA,NA,,
C_sikamea,21,Tide,18_24,13,56,0,Alive,NA,NA,,
C_sikamea,21,Tide,18_24,13,57,0,Alive,NA,NA,,
C_sikamea,21,Tide,18_24,13,58,0,Alive,NA,NA,,
C_sikamea,21,Tide,18_24,13,59,0,Alive,NA,NA,,
C_sikamea,21,Tide,18_24,13,60,0,Alive,NA,NA,,
C_sikamea,21,Tide,18_24,13,61,0,Alive,NA,NA,,
C_sikamea,21,Tide,18_24,13,62,0,Alive,NA,NA,,
C_sikamea,21,Tide,18_24,13,63,0,Alive,NA,NA,,
C_sikamea,21,Tide,18_24,13,64,0,Alive,NA,NA,,
C_sikamea,21,Tide,18_24,13,65,0,Alive,NA,NA,,
C_sikamea,21,Tide,18_24,13,66,0,Alive,NA,NA,,
C_sikamea,21,Tide,18_24,13,67,0,Alive,NA,NA,,
C_sikamea,21,Tide,18_24,13,68,0,Alive,NA,NA,,
C_sikamea,21,Tide,18_24,13,69,0,Alive,NA,NA,,
C_sikamea,21,Tide,18_24,13,70,0,Alive,NA,NA,,
C_sikamea,21,Tide,18_24,13,71,0,Alive,NA,NA,,
C_sikamea,21,Tide,18_24,13,72,0,Alive,NA,NA,,
C_sikamea,21,Tide,18_24,13,73,0,Alive,NA,NA,,
C_sikamea,21,Tide,18_24,13,74,0,Alive,NA,NA,,
C_sikamea,21,Tide,18_24,13,75,0,Alive,NA,NA,,
C_sikamea,21,Tide,18_24,13,76,0,Alive,NA,NA,,
C_sikamea,21,Tide,18_24,13,77,0,Alive,NA,NA,,
C_sikamea,21,Tide,18_24,13,78,0,Alive,NA,NA,,
C_sikamea,21,Tide,18_24,13,79,1,Dead,15,3/10/2022,,
C_sikamea,21,Tide,18_24,13,80,1,Dead,15,3/10/2022,,
C_sikamea,21,Tide,15_21,14,1,0,Alive,NA,NA,,
C_sikamea,21,Tide,15_21,14,2,0,Alive,NA,NA,,
C_sikamea,21,Tide,15_21,14,3,0,Alive,NA,NA,,
C_sikamea,21,Tide,15_21,14,4,0,Alive,NA,NA,,
C_sikamea,21,Tide,15_21,14,5,0,Alive,NA,NA,,
C_sikamea,21,Tide,15_21,14,6,0,Alive,NA,NA,,
C_sikamea,21,Tide,15_21,14,7,0,Alive,NA,NA,,
C_sikamea,21,Tide,15_21,14,8,0,Alive,NA,NA,,
C_sikamea,21,Tide,15_21,14,9,0,Alive,NA,NA,,
C_sikamea,21,Tide,15_21,14,10,0,Alive,NA,NA,,
C_sikamea,21,Tide,15_21,14,11,0,Alive,NA,NA,,
C_sikamea,21,Tide,15_21,14,12,0,Alive,NA,NA,,
C_sikamea,21,Tide,15_21,14,13,0,Alive,NA,NA,,
C_sikamea,21,Tide,15_21,14,14,0,Alive,NA,NA,,
C_sikamea,21,Tide,15_21,14,15,0,Alive,NA,NA,,
C_sikamea,21,Tide,15_21,14,16,0,Alive,NA,NA,,
C_sikamea,21,Tide,15_21,14,17,0,Alive,NA,NA,,
C_sikamea,21,Tide,15_21,14,18,0,Alive,NA,NA,,
C_sikamea,21,Tide,15_21,14,19,0,Alive,NA,NA,,
C_sikamea,21,Tide,15_21,14,20,0,Alive,NA,NA,,
C_sikamea,21,Tide,15_21,14,21,0,Alive,NA,NA,,
C_sikamea,21,Tide,15_21,14,22,0,Alive,NA,NA,,
C_sikamea,21,Tide,15_21,14,23,0,Alive,NA,NA,,
C_sikamea,21,Tide,15_21,14,24,0,Alive,NA,NA,,
C_sikamea,21,Tide,15_21,14,25,0,Alive,NA,NA,,
C_sikamea,21,Tide,15_21,14,26,0,Alive,NA,NA,,
C_sikamea,21,Tide,15_21,14,27,0,Alive,NA,NA,,
C_sikamea,21,Tide,15_21,14,28,0,Alive,NA,NA,,
C_sikamea,21,Tide,15_21,14,29,0,Alive,NA,NA,,
C_sikamea,21,Tide,15_21,14,30,0,Alive,NA,NA,,
C_sikamea,21,Tide,15_21,14,31,0,Alive,NA,NA,,
C_sikamea,21,Tide,15_21,14,32,0,Alive,NA,NA,,
C_sikamea,21,Tide,15_21,14,33,0,Alive,NA,NA,,
C_sikamea,21,Tide,15_21,14,34,0,Alive,NA,NA,,
C_sikamea,21,Tide,15_21,14,35,0,Alive,NA,NA,,
C_sikamea,21,Tide,15_21,14,36,0,Alive,NA,NA,,
C_sikamea,21,Tide,15_21,14,37,0,Alive,NA,NA,,
C_sikamea,21,Tide,15_21,14,38,0,Alive,NA,NA,,
C_sikamea,21,Tide,15_21,14,39,0,Alive,NA,NA,,
C_sikamea,21,Tide,15_21,14,40,0,Alive,NA,NA,,
C_sikamea,21,Tide,18_24,14,41,1,Dead,9,3/7/2022,,
C_sikamea,21,Tide,18_24,14,42,0,Alive,NA,NA,,
C_sikamea,21,Tide,18_24,14,43,0,Alive,NA,NA,,
C_sikamea,21,Tide,18_24,14,44,0,Alive,NA,NA,,
C_sikamea,21,Tide,18_24,14,45,0,Alive,NA,NA,,
C_sikamea,21,Tide,18_24,14,46,0,Alive,NA,NA,,
C_sikamea,21,Tide,18_24,14,47,0,Alive,NA,NA,,
C_sikamea,21,Tide,18_24,14,48,0,Alive,NA,NA,,
C_sikamea,21,Tide,18_24,14,49,0,Alive,NA,NA,,
C_sikamea,21,Tide,18_24,14,50,0,Alive,NA,NA,,
C_sikamea,21,Tide,18_24,14,51,0,Alive,NA,NA,,
C_sikamea,21,Tide,18_24,14,52,0,Alive,NA,NA,,
C_sikamea,21,Tide,18_24,14,53,0,Alive,NA,NA,,
C_sikamea,21,Tide,18_24,14,54,0,Alive,NA,NA,,
C_sikamea,21,Tide,18_24,14,55,0,Alive,NA,NA,,
C_sikamea,21,Tide,18_24,14,56,0,Alive,NA,NA,,
C_sikamea,21,Tide,18_24,14,57,0,Alive,NA,NA,,
C_sikamea,21,Tide,18_24,14,58,0,Alive,NA,NA,,
C_sikamea,21,Tide,18_24,14,59,0,Alive,NA,NA,,
C_sikamea,21,Tide,18_24,14,60,0,Alive,NA,NA,,
C_sikamea,21,Tide,18_24,14,61,0,Alive,NA,NA,,
C_sikamea,21,Tide,18_24,14,62,0,Alive,NA,NA,,
C_sikamea,21,Tide,18_24,14,63,0,Alive,NA,NA,,
C_sikamea,21,Tide,18_24,14,64,0,Alive,NA,NA,,
C_sikamea,21,Tide,18_24,14,65,0,Alive,NA,NA,,
C_sikamea,21,Tide,18_24,14,66,0,Alive,NA,NA,,
C_sikamea,21,Tide,18_24,14,67,0,Alive,NA,NA,,
C_sikamea,21,Tide,18_24,14,68,0,Alive,NA,NA,,
C_sikamea,21,Tide,18_24,14,69,0,Alive,NA,NA,,
C_sikamea,21,Tide,18_24,14,70,0,Alive,NA,NA,,
C_sikamea,21,Tide,18_24,14,71,0,Alive,NA,NA,,
C_sikamea,21,Tide,18_24,14,72,0,Alive,NA,NA,,
C_sikamea,21,Tide,18_24,14,73,0,Alive,NA,NA,,
C_sikamea,21,Tide,18_24,14,74,0,Alive,NA,NA,,
C_sikamea,21,Tide,18_24,14,75,0,Alive,NA,NA,,
C_sikamea,21,Tide,18_24,14,76,0,Alive,NA,NA,,
C_sikamea,21,Tide,18_24,14,77,0,Alive,NA,NA,,
C_sikamea,21,Tide,18_24,14,78,0,Alive,NA,NA,,
C_sikamea,21,Tide,18_24,14,79,0,Alive,NA,NA,,
C_sikamea,21,Tide,18_24,14,80,0,Alive,NA,NA,,
C_sikamea,21,Tide,15_21,15,1,1,Dead,12,3/7/2022,,
C_sikamea,21,Tide,15_21,15,2,0,Alive,NA,NA,,
C_sikamea,21,Tide,15_21,15,3,0,Alive,NA,NA,,
C_sikamea,21,Tide,15_21,15,4,0,Alive,NA,NA,,
C_sikamea,21,Tide,15_21,15,5,0,Alive,NA,NA,,
C_sikamea,21,Tide,15_21,15,6,0,Alive,NA,NA,,
C_sikamea,21,Tide,15_21,15,7,0,Alive,NA,NA,,
C_sikamea,21,Tide,15_21,15,8,0,Alive,NA,NA,,
C_sikamea,21,Tide,15_21,15,9,0,Alive,NA,NA,,
C_sikamea,21,Tide,15_21,15,10,0,Alive,NA,NA,,
C_sikamea,21,Tide,15_21,15,11,0,Alive,NA,NA,,
C_sikamea,21,Tide,15_21,15,12,0,Alive,NA,NA,,
C_sikamea,21,Tide,15_21,15,13,0,Alive,NA,NA,,
C_sikamea,21,Tide,15_21,15,14,0,Alive,NA,NA,,
C_sikamea,21,Tide,15_21,15,15,0,Alive,NA,NA,,
C_sikamea,21,Tide,15_21,15,16,0,Alive,NA,NA,,
C_sikamea,21,Tide,15_21,15,17,0,Alive,NA,NA,,
C_sikamea,21,Tide,15_21,15,18,0,Alive,NA,NA,,
C_sikamea,21,Tide,15_21,15,19,0,Alive,NA,NA,,
C_sikamea,21,Tide,15_21,15,20,0,Alive,NA,NA,,
C_sikamea,21,Tide,15_21,15,21,0,Alive,NA,NA,,
C_sikamea,21,Tide,15_21,15,22,0,Alive,NA,NA,,
C_sikamea,21,Tide,15_21,15,23,0,Alive,NA,NA,,
C_sikamea,21,Tide,15_21,15,24,0,Alive,NA,NA,,
C_sikamea,21,Tide,15_21,15,25,0,Alive,NA,NA,,
C_sikamea,21,Tide,15_21,15,26,0,Alive,NA,NA,,
C_sikamea,21,Tide,15_21,15,27,0,Alive,NA,NA,,
C_sikamea,21,Tide,15_21,15,28,0,Alive,NA,NA,,
C_sikamea,21,Tide,15_21,15,29,0,Alive,NA,NA,,
C_sikamea,21,Tide,15_21,15,30,0,Alive,NA,NA,,
C_sikamea,21,Tide,15_21,15,31,0,Alive,NA,NA,,
C_sikamea,21,Tide,15_21,15,32,0,Alive,NA,NA,,
C_sikamea,21,Tide,15_21,15,33,0,Alive,NA,NA,,
C_sikamea,21,Tide,15_21,15,34,0,Alive,NA,NA,,
C_sikamea,21,Tide,15_21,15,35,0,Alive,NA,NA,,
C_sikamea,21,Tide,15_21,15,36,0,Alive,NA,NA,,
C_sikamea,21,Tide,15_21,15,37,0,Alive,NA,NA,,
C_sikamea,21,Tide,15_21,15,38,0,Alive,NA,NA,,
C_sikamea,21,Tide,15_21,15,39,0,Alive,NA,NA,,
C_sikamea,21,Tide,15_21,15,40,0,Alive,NA,NA,,
C_sikamea,21,Tide,18_24,15,41,0,Alive,NA,NA,,
C_sikamea,21,Tide,18_24,15,42,0,Alive,NA,NA,,
C_sikamea,21,Tide,18_24,15,43,0,Alive,NA,NA,,
C_sikamea,21,Tide,18_24,15,44,0,Alive,NA,NA,,
C_sikamea,21,Tide,18_24,15,45,0,Alive,NA,NA,,
C_sikamea,21,Tide,18_24,15,46,0,Alive,NA,NA,,
C_sikamea,21,Tide,18_24,15,47,0,Alive,NA,NA,,
C_sikamea,21,Tide,18_24,15,48,0,Alive,NA,NA,,
C_sikamea,21,Tide,18_24,15,49,0,Alive,NA,NA,,
C_sikamea,21,Tide,18_24,15,50,0,Alive,NA,NA,,
C_sikamea,21,Tide,18_24,15,51,0,Alive,NA,NA,,
C_sikamea,21,Tide,18_24,15,52,0,Alive,NA,NA,,
C_sikamea,21,Tide,18_24,15,53,0,Alive,NA,NA,,
C_sikamea,21,Tide,18_24,15,54,0,Alive,NA,NA,,
C_sikamea,21,Tide,18_24,15,55,0,Alive,NA,NA,,
C_sikamea,21,Tide,18_24,15,56,0,Alive,NA,NA,,
C_sikamea,21,Tide,18_24,15,57,0,Alive,NA,NA,,
C_sikamea,21,Tide,18_24,15,58,0,Alive,NA,NA,,
C_sikamea,21,Tide,18_24,15,59,0,Alive,NA,NA,,
C_sikamea,21,Tide,18_24,15,60,0,Alive,NA,NA,,
C_sikamea,21,Tide,18_24,15,61,0,Alive,NA,NA,,
C_sikamea,21,Tide,18_24,15,62,0,Alive,NA,NA,,
C_sikamea,21,Tide,18_24,15,63,0,Alive,NA,NA,,
C_sikamea,21,Tide,18_24,15,64,0,Alive,NA,NA,,
C_sikamea,21,Tide,18_24,15,65,0,Alive,NA,NA,,
C_sikamea,21,Tide,18_24,15,66,0,Alive,NA,NA,,
C_sikamea,21,Tide,18_24,15,67,0,Alive,NA,NA,,
C_sikamea,21,Tide,18_24,15,68,0,Alive,NA,NA,,
C_sikamea,21,Tide,18_24,15,69,0,Alive,NA,NA,,
C_sikamea,21,Tide,18_24,15,70,0,Alive,NA,NA,,
C_sikamea,21,Tide,18_24,15,71,0,Alive,NA,NA,,
C_sikamea,21,Tide,18_24,15,72,0,Alive,NA,NA,,
C_sikamea,21,Tide,18_24,15,73,0,Alive,NA,NA,,
C_sikamea,21,Tide,18_24,15,74,0,Alive,NA,NA,,
C_sikamea,21,Tide,18_24,15,75,0,Alive,NA,NA,,
C_sikamea,21,Tide,18_24,15,76,0,Alive,NA,NA,,
C_sikamea,21,Tide,18_24,15,77,0,Alive,NA,NA,,
C_sikamea,21,Tide,18_24,15,78,0,Alive,NA,NA,,
C_sikamea,21,Tide,18_24,15,79,0,Alive,NA,NA,,
C_sikamea,21,Tide,18_24,15,80,0,Alive,NA,NA,,
C_sikamea,21,No Tide,15_21,16,1,1,Dead,12,3/7/2022,,
C_sikamea,21,No Tide,15_21,16,2,0,Alive,NA,NA,,
C_sikamea,21,No Tide,15_21,16,3,0,Alive,NA,NA,,
C_sikamea,21,No Tide,15_21,16,4,0,Alive,NA,NA,,
C_sikamea,21,No Tide,15_21,16,5,0,Alive,NA,NA,,
C_sikamea,21,No Tide,15_21,16,6,0,Alive,NA,NA,,
C_sikamea,21,No Tide,15_21,16,7,0,Alive,NA,NA,,
C_sikamea,21,No Tide,15_21,16,8,0,Alive,NA,NA,,
C_sikamea,21,No Tide,15_21,16,9,0,Alive,NA,NA,,
C_sikamea,21,No Tide,15_21,16,10,0,Alive,NA,NA,,
C_sikamea,21,No Tide,15_21,16,11,0,Alive,NA,NA,,
C_sikamea,21,No Tide,15_21,16,12,0,Alive,NA,NA,,
C_sikamea,21,No Tide,15_21,16,13,0,Alive,NA,NA,,
C_sikamea,21,No Tide,15_21,16,14,0,Alive,NA,NA,,
C_sikamea,21,No Tide,15_21,16,15,0,Alive,NA,NA,,
C_sikamea,21,No Tide,15_21,16,16,0,Alive,NA,NA,,
C_sikamea,21,No Tide,15_21,16,17,0,Alive,NA,NA,,
C_sikamea,21,No Tide,15_21,16,18,0,Alive,NA,NA,,
C_sikamea,21,No Tide,15_21,16,19,0,Alive,NA,NA,,
C_sikamea,21,No Tide,15_21,16,20,0,Alive,NA,NA,,
C_sikamea,21,No Tide,15_21,16,21,0,Alive,NA,NA,,
C_sikamea,21,No Tide,15_21,16,22,0,Alive,NA,NA,,
C_sikamea,21,No Tide,15_21,16,23,0,Alive,NA,NA,,
C_sikamea,21,No Tide,15_21,16,24,0,Alive,NA,NA,,
C_sikamea,21,No Tide,15_21,16,25,0,Alive,NA,NA,,
C_sikamea,21,No Tide,15_21,16,26,0,Alive,NA,NA,,
C_sikamea,21,No Tide,15_21,16,27,0,Alive,NA,NA,,
C_sikamea,21,No Tide,15_21,16,28,0,Alive,NA,NA,,
C_sikamea,21,No Tide,15_21,16,29,0,Alive,NA,NA,,
C_sikamea,21,No Tide,15_21,16,30,0,Alive,NA,NA,,
C_sikamea,21,No Tide,15_21,16,31,0,Alive,NA,NA,,
C_sikamea,21,No Tide,15_21,16,32,0,Alive,NA,NA,,
C_sikamea,21,No Tide,15_21,16,33,0,Alive,NA,NA,,
C_sikamea,21,No Tide,15_21,16,34,0,Alive,NA,NA,,
C_sikamea,21,No Tide,15_21,16,35,0,Alive,NA,NA,,
C_sikamea,21,No Tide,15_21,16,36,0,Alive,NA,NA,,
C_sikamea,21,No Tide,15_21,16,37,0,Alive,NA,NA,,
C_sikamea,21,No Tide,15_21,16,38,0,Alive,NA,NA,,
C_sikamea,21,No Tide,15_21,16,39,0,Alive,NA,NA,,
C_sikamea,21,No Tide,15_21,16,40,0,Alive,NA,NA,,
C_sikamea,21,No Tide,18_24,16,41,1,Dead,9,3/7/2022,,
C_sikamea,21,No Tide,18_24,16,42,0,Alive,NA,NA,,
C_sikamea,21,No Tide,18_24,16,43,0,Alive,NA,NA,,
C_sikamea,21,No Tide,18_24,16,44,0,Alive,NA,NA,,
C_sikamea,21,No Tide,18_24,16,45,0,Alive,NA,NA,,
C_sikamea,21,No Tide,18_24,16,46,0,Alive,NA,NA,,
C_sikamea,21,No Tide,18_24,16,47,0,Alive,NA,NA,,
C_sikamea,21,No Tide,18_24,16,48,0,Alive,NA,NA,,
C_sikamea,21,No Tide,18_24,16,49,0,Alive,NA,NA,,
C_sikamea,21,No Tide,18_24,16,50,0,Alive,NA,NA,,
C_sikamea,21,No Tide,18_24,16,51,0,Alive,NA,NA,,
C_sikamea,21,No Tide,18_24,16,52,0,Alive,NA,NA,,
C_sikamea,21,No Tide,18_24,16,53,0,Alive,NA,NA,,
C_sikamea,21,No Tide,18_24,16,54,0,Alive,NA,NA,,
C_sikamea,21,No Tide,18_24,16,55,0,Alive,NA,NA,,
C_sikamea,21,No Tide,18_24,16,56,0,Alive,NA,NA,,
C_sikamea,21,No Tide,18_24,16,57,0,Alive,NA,NA,,
C_sikamea,21,No Tide,18_24,16,58,0,Alive,NA,NA,,
C_sikamea,21,No Tide,18_24,16,59,0,Alive,NA,NA,,
C_sikamea,21,No Tide,18_24,16,60,0,Alive,NA,NA,,
C_sikamea,21,No Tide,18_24,16,61,0,Alive,NA,NA,,
C_sikamea,21,No Tide,18_24,16,62,0,Alive,NA,NA,,
C_sikamea,21,No Tide,18_24,16,63,0,Alive,NA,NA,,
C_sikamea,21,No Tide,18_24,16,64,0,Alive,NA,NA,,
C_sikamea,21,No Tide,18_24,16,65,0,Alive,NA,NA,,
C_sikamea,21,No Tide,18_24,16,66,0,Alive,NA,NA,,
C_sikamea,21,No Tide,18_24,16,67,0,Alive,NA,NA,,
C_sikamea,21,No Tide,18_24,16,68,0,Alive,NA,NA,,
C_sikamea,21,No Tide,18_24,16,69,0,Alive,NA,NA,,
C_sikamea,21,No Tide,18_24,16,70,0,Alive,NA,NA,,
C_sikamea,21,No Tide,18_24,16,71,0,Alive,NA,NA,,
C_sikamea,21,No Tide,18_24,16,72,0,Alive,NA,NA,,
C_sikamea,21,No Tide,18_24,16,73,0,Alive,NA,NA,,
C_sikamea,21,No Tide,18_24,16,74,0,Alive,NA,NA,,
C_sikamea,21,No Tide,18_24,16,75,0,Alive,NA,NA,,
C_sikamea,21,No Tide,18_24,16,76,0,Alive,NA,NA,,
C_sikamea,21,No Tide,18_24,16,77,0,Alive,NA,NA,,
C_sikamea,21,No Tide,18_24,16,78,0,Alive,NA,NA,,
C_sikamea,21,No Tide,18_24,16,79,0,Alive,NA,NA,,
C_sikamea,21,No Tide,18_24,16,80,0,Alive,NA,NA,,
C_sikamea,21,No Tide,15_21,17,1,1,Dead,12,3/7/2022,,
C_sikamea,21,No Tide,15_21,17,2,0,Alive,NA,NA,,
C_sikamea,21,No Tide,15_21,17,3,0,Alive,NA,NA,,
C_sikamea,21,No Tide,15_21,17,4,0,Alive,NA,NA,,
C_sikamea,21,No Tide,15_21,17,5,0,Alive,NA,NA,,
C_sikamea,21,No Tide,15_21,17,6,0,Alive,NA,NA,,
C_sikamea,21,No Tide,15_21,17,7,0,Alive,NA,NA,,
C_sikamea,21,No Tide,15_21,17,8,0,Alive,NA,NA,,
C_sikamea,21,No Tide,15_21,17,9,0,Alive,NA,NA,,
C_sikamea,21,No Tide,15_21,17,10,0,Alive,NA,NA,,
C_sikamea,21,No Tide,15_21,17,11,0,Alive,NA,NA,,
C_sikamea,21,No Tide,15_21,17,12,0,Alive,NA,NA,,
C_sikamea,21,No Tide,15_21,17,13,0,Alive,NA,NA,,
C_sikamea,21,No Tide,15_21,17,14,0,Alive,NA,NA,,
C_sikamea,21,No Tide,15_21,17,15,0,Alive,NA,NA,,
C_sikamea,21,No Tide,15_21,17,16,0,Alive,NA,NA,,
C_sikamea,21,No Tide,15_21,17,17,0,Alive,NA,NA,,
C_sikamea,21,No Tide,15_21,17,18,0,Alive,NA,NA,,
C_sikamea,21,No Tide,15_21,17,19,0,Alive,NA,NA,,
C_sikamea,21,No Tide,15_21,17,20,0,Alive,NA,NA,,
C_sikamea,21,No Tide,15_21,17,21,0,Alive,NA,NA,,
C_sikamea,21,No Tide,15_21,17,22,0,Alive,NA,NA,,
C_sikamea,21,No Tide,15_21,17,23,0,Alive,NA,NA,,
C_sikamea,21,No Tide,15_21,17,24,0,Alive,NA,NA,,
C_sikamea,21,No Tide,15_21,17,25,0,Alive,NA,NA,,
C_sikamea,21,No Tide,15_21,17,26,0,Alive,NA,NA,,
C_sikamea,21,No Tide,15_21,17,27,0,Alive,NA,NA,,
C_sikamea,21,No Tide,15_21,17,28,0,Alive,NA,NA,,
C_sikamea,21,No Tide,15_21,17,29,0,Alive,NA,NA,,
C_sikamea,21,No Tide,15_21,17,30,0,Alive,NA,NA,,
C_sikamea,21,No Tide,15_21,17,31,0,Alive,NA,NA,,
C_sikamea,21,No Tide,15_21,17,32,0,Alive,NA,NA,,
C_sikamea,21,No Tide,15_21,17,33,0,Alive,NA,NA,,
C_sikamea,21,No Tide,15_21,17,34,0,Alive,NA,NA,,
C_sikamea,21,No Tide,15_21,17,35,0,Alive,NA,NA,,
C_sikamea,21,No Tide,15_21,17,36,0,Alive,NA,NA,,
C_sikamea,21,No Tide,15_21,17,37,0,Alive,NA,NA,,
C_sikamea,21,No Tide,15_21,17,38,0,Alive,NA,NA,,
C_sikamea,21,No Tide,15_21,17,39,0,Alive,NA,NA,,
C_sikamea,21,No Tide,15_21,17,40,0,Alive,NA,NA,,
C_sikamea,21,No Tide,18_24,17,41,0,Alive,NA,NA,,
C_sikamea,21,No Tide,18_24,17,42,0,Alive,NA,NA,,
C_sikamea,21,No Tide,18_24,17,43,0,Alive,NA,NA,,
C_sikamea,21,No Tide,18_24,17,44,0,Alive,NA,NA,,
C_sikamea,21,No Tide,18_24,17,45,0,Alive,NA,NA,,
C_sikamea,21,No Tide,18_24,17,46,0,Alive,NA,NA,,
C_sikamea,21,No Tide,18_24,17,47,0,Alive,NA,NA,,
C_sikamea,21,No Tide,18_24,17,48,0,Alive,NA,NA,,
C_sikamea,21,No Tide,18_24,17,49,0,Alive,NA,NA,,
C_sikamea,21,No Tide,18_24,17,50,0,Alive,NA,NA,,
C_sikamea,21,No Tide,18_24,17,51,0,Alive,NA,NA,,
C_sikamea,21,No Tide,18_24,17,52,0,Alive,NA,NA,,
C_sikamea,21,No Tide,18_24,17,53,0,Alive,NA,NA,,
C_sikamea,21,No Tide,18_24,17,54,0,Alive,NA,NA,,
C_sikamea,21,No Tide,18_24,17,55,0,Alive,NA,NA,,
C_sikamea,21,No Tide,18_24,17,56,0,Alive,NA,NA,,
C_sikamea,21,No Tide,18_24,17,57,0,Alive,NA,NA,,
C_sikamea,21,No Tide,18_24,17,58,0,Alive,NA,NA,,
C_sikamea,21,No Tide,18_24,17,59,0,Alive,NA,NA,,
C_sikamea,21,No Tide,18_24,17,60,0,Alive,NA,NA,,
C_sikamea,21,No Tide,18_24,17,61,0,Alive,NA,NA,,
C_sikamea,21,No Tide,18_24,17,62,0,Alive,NA,NA,,
C_sikamea,21,No Tide,18_24,17,63,0,Alive,NA,NA,,
C_sikamea,21,No Tide,18_24,17,64,0,Alive,NA,NA,,
C_sikamea,21,No Tide,18_24,17,65,0,Alive,NA,NA,,
C_sikamea,21,No Tide,18_24,17,66,0,Alive,NA,NA,,
C_sikamea,21,No Tide,18_24,17,67,0,Alive,NA,NA,,
C_sikamea,21,No Tide,18_24,17,68,0,Alive,NA,NA,,
C_sikamea,21,No Tide,18_24,17,69,0,Alive,NA,NA,,
C_sikamea,21,No Tide,18_24,17,70,0,Alive,NA,NA,,
C_sikamea,21,No Tide,18_24,17,71,0,Alive,NA,NA,,
C_sikamea,21,No Tide,18_24,17,72,0,Alive,NA,NA,,
C_sikamea,21,No Tide,18_24,17,73,0,Alive,NA,NA,,
C_sikamea,21,No Tide,18_24,17,74,0,Alive,NA,NA,,
C_sikamea,21,No Tide,18_24,17,75,0,Alive,NA,NA,,
C_sikamea,21,No Tide,18_24,17,76,0,Alive,NA,NA,,
C_sikamea,21,No Tide,18_24,17,77,0,Alive,NA,NA,,
C_sikamea,21,No Tide,18_24,17,78,0,Alive,NA,NA,,
C_sikamea,21,No Tide,18_24,17,79,0,Alive,NA,NA,,
C_sikamea,21,No Tide,18_24,17,80,0,Alive,NA,NA,,
C_sikamea,21,No Tide,15_21,18,1,0,Alive,NA,NA,,
C_sikamea,21,No Tide,15_21,18,2,0,Alive,NA,NA,,
C_sikamea,21,No Tide,15_21,18,3,0,Alive,NA,NA,,
C_sikamea,21,No Tide,15_21,18,4,0,Alive,NA,NA,,
C_sikamea,21,No Tide,15_21,18,5,0,Alive,NA,NA,,
C_sikamea,21,No Tide,15_21,18,6,0,Alive,NA,NA,,
C_sikamea,21,No Tide,15_21,18,7,0,Alive,NA,NA,,
C_sikamea,21,No Tide,15_21,18,8,0,Alive,NA,NA,,
C_sikamea,21,No Tide,15_21,18,9,0,Alive,NA,NA,,
C_sikamea,21,No Tide,15_21,18,10,0,Alive,NA,NA,,
C_sikamea,21,No Tide,15_21,18,11,0,Alive,NA,NA,,
C_sikamea,21,No Tide,15_21,18,12,0,Alive,NA,NA,,
C_sikamea,21,No Tide,15_21,18,13,0,Alive,NA,NA,,
C_sikamea,21,No Tide,15_21,18,14,0,Alive,NA,NA,,
C_sikamea,21,No Tide,15_21,18,15,0,Alive,NA,NA,,
C_sikamea,21,No Tide,15_21,18,16,0,Alive,NA,NA,,
C_sikamea,21,No Tide,15_21,18,17,0,Alive,NA,NA,,
C_sikamea,21,No Tide,15_21,18,18,0,Alive,NA,NA,,
C_sikamea,21,No Tide,15_21,18,19,0,Alive,NA,NA,,
C_sikamea,21,No Tide,15_21,18,20,0,Alive,NA,NA,,
C_sikamea,21,No Tide,15_21,18,21,0,Alive,NA,NA,,
C_sikamea,21,No Tide,15_21,18,22,0,Alive,NA,NA,,
C_sikamea,21,No Tide,15_21,18,23,0,Alive,NA,NA,,
C_sikamea,21,No Tide,15_21,18,24,0,Alive,NA,NA,,
C_sikamea,21,No Tide,15_21,18,25,0,Alive,NA,NA,,
C_sikamea,21,No Tide,15_21,18,26,0,Alive,NA,NA,,
C_sikamea,21,No Tide,15_21,18,27,0,Alive,NA,NA,,
C_sikamea,21,No Tide,15_21,18,28,0,Alive,NA,NA,,
C_sikamea,21,No Tide,15_21,18,29,0,Alive,NA,NA,,
C_sikamea,21,No Tide,15_21,18,30,0,Alive,NA,NA,,
C_sikamea,21,No Tide,15_21,18,31,0,Alive,NA,NA,,
C_sikamea,21,No Tide,15_21,18,32,0,Alive,NA,NA,,
C_sikamea,21,No Tide,15_21,18,33,0,Alive,NA,NA,,
C_sikamea,21,No Tide,15_21,18,34,0,Alive,NA,NA,,
C_sikamea,21,No Tide,15_21,18,35,0,Alive,NA,NA,,
C_sikamea,21,No Tide,15_21,18,36,0,Alive,NA,NA,,
C_sikamea,21,No Tide,15_21,18,37,0,Alive,NA,NA,,
C_sikamea,21,No Tide,15_21,18,38,0,Alive,NA,NA,,
C_sikamea,21,No Tide,15_21,18,39,0,Alive,NA,NA,,
C_sikamea,21,No Tide,15_21,18,40,0,Alive,NA,NA,,
C_sikamea,21,No Tide,18_24,18,41,0,Alive,NA,NA,,
C_sikamea,21,No Tide,18_24,18,42,0,Alive,NA,NA,,
C_sikamea,21,No Tide,18_24,18,43,0,Alive,NA,NA,,
C_sikamea,21,No Tide,18_24,18,44,0,Alive,NA,NA,,
C_sikamea,21,No Tide,18_24,18,45,0,Alive,NA,NA,,
C_sikamea,21,No Tide,18_24,18,46,0,Alive,NA,NA,,
C_sikamea,21,No Tide,18_24,18,47,0,Alive,NA,NA,,
C_sikamea,21,No Tide,18_24,18,48,0,Alive,NA,NA,,
C_sikamea,21,No Tide,18_24,18,49,0,Alive,NA,NA,,
C_sikamea,21,No Tide,18_24,18,50,0,Alive,NA,NA,,
C_sikamea,21,No Tide,18_24,18,51,0,Alive,NA,NA,,
C_sikamea,21,No Tide,18_24,18,52,0,Alive,NA,NA,,
C_sikamea,21,No Tide,18_24,18,53,0,Alive,NA,NA,,
C_sikamea,21,No Tide,18_24,18,54,0,Alive,NA,NA,,
C_sikamea,21,No Tide,18_24,18,55,0,Alive,NA,NA,,
C_sikamea,21,No Tide,18_24,18,56,0,Alive,NA,NA,,
C_sikamea,21,No Tide,18_24,18,57,0,Alive,NA,NA,,
C_sikamea,21,No Tide,18_24,18,58,0,Alive,NA,NA,,
C_sikamea,21,No Tide,18_24,18,59,0,Alive,NA,NA,,
C_sikamea,21,No Tide,18_24,18,60,0,Alive,NA,NA,,
C_sikamea,21,No Tide,18_24,18,61,0,Alive,NA,NA,,
C_sikamea,21,No Tide,18_24,18,62,0,Alive,NA,NA,,
C_sikamea,21,No Tide,18_24,18,63,0,Alive,NA,NA,,
C_sikamea,21,No Tide,18_24,18,64,0,Alive,NA,NA,,
C_sikamea,21,No Tide,18_24,18,65,0,Alive,NA,NA,,
C_sikamea,21,No Tide,18_24,18,66,0,Alive,NA,NA,,
C_sikamea,21,No Tide,18_24,18,67,0,Alive,NA,NA,,
C_sikamea,21,No Tide,18_24,18,68,0,Alive,NA,NA,,
C_sikamea,21,No Tide,18_24,18,69,0,Alive,NA,NA,,
C_sikamea,21,No Tide,18_24,18,70,0,Alive,NA,NA,,
C_sikamea,21,No Tide,18_24,18,71,0,Alive,NA,NA,,
C_sikamea,21,No Tide,18_24,18,72,0,Alive,NA,NA,,
C_sikamea,21,No Tide,18_24,18,73,0,Alive,NA,NA,,
C_sikamea,21,No Tide,18_24,18,74,0,Alive,NA,NA,,
C_sikamea,21,No Tide,18_24,18,75,0,Alive,NA,NA,,
C_sikamea,21,No Tide,18_24,18,76,0,Alive,NA,NA,,
C_sikamea,21,No Tide,18_24,18,77,0,Alive,NA,NA,,
C_sikamea,21,No Tide,18_24,18,78,0,Alive,NA,NA,,
C_sikamea,21,No Tide,18_24,18,79,0,Alive,NA,NA,,
C_sikamea,21,No Tide,18_24,18,80,0,Alive,NA,NA,,
C_sikamea,21,No Tide,15_21,19,1,1,Dead,12,3/7/2022,,
C_sikamea,21,No Tide,15_21,19,2,1,Dead,12,3/7/2022,,
C_sikamea,21,No Tide,15_21,19,3,0,Alive,NA,NA,,
C_sikamea,21,No Tide,15_21,19,4,0,Alive,NA,NA,,
C_sikamea,21,No Tide,15_21,19,5,0,Alive,NA,NA,,
C_sikamea,21,No Tide,15_21,19,6,0,Alive,NA,NA,,
C_sikamea,21,No Tide,15_21,19,7,0,Alive,NA,NA,,
C_sikamea,21,No Tide,15_21,19,8,0,Alive,NA,NA,,
C_sikamea,21,No Tide,15_21,19,9,0,Alive,NA,NA,,
C_sikamea,21,No Tide,15_21,19,10,0,Alive,NA,NA,,
C_sikamea,21,No Tide,15_21,19,11,0,Alive,NA,NA,,
C_sikamea,21,No Tide,15_21,19,12,0,Alive,NA,NA,,
C_sikamea,21,No Tide,15_21,19,13,0,Alive,NA,NA,,
C_sikamea,21,No Tide,15_21,19,14,0,Alive,NA,NA,,
C_sikamea,21,No Tide,15_21,19,15,0,Alive,NA,NA,,
C_sikamea,21,No Tide,15_21,19,16,0,Alive,NA,NA,,
C_sikamea,21,No Tide,15_21,19,17,0,Alive,NA,NA,,
C_sikamea,21,No Tide,15_21,19,18,0,Alive,NA,NA,,
C_sikamea,21,No Tide,15_21,19,19,0,Alive,NA,NA,,
C_sikamea,21,No Tide,15_21,19,20,0,Alive,NA,NA,,
C_sikamea,21,No Tide,15_21,19,21,0,Alive,NA,NA,,
C_sikamea,21,No Tide,15_21,19,22,0,Alive,NA,NA,,
C_sikamea,21,No Tide,15_21,19,23,0,Alive,NA,NA,,
C_sikamea,21,No Tide,15_21,19,24,0,Alive,NA,NA,,
C_sikamea,21,No Tide,15_21,19,25,0,Alive,NA,NA,,
C_sikamea,21,No Tide,15_21,19,26,0,Alive,NA,NA,,
C_sikamea,21,No Tide,15_21,19,27,0,Alive,NA,NA,,
C_sikamea,21,No Tide,15_21,19,28,0,Alive,NA,NA,,
C_sikamea,21,No Tide,15_21,19,29,0,Alive,NA,NA,,
C_sikamea,21,No Tide,15_21,19,30,0,Alive,NA,NA,,
C_sikamea,21,No Tide,15_21,19,31,0,Alive,NA,NA,,
C_sikamea,21,No Tide,15_21,19,32,0,Alive,NA,NA,,
C_sikamea,21,No Tide,15_21,19,33,0,Alive,NA,NA,,
C_sikamea,21,No Tide,15_21,19,34,0,Alive,NA,NA,,
C_sikamea,21,No Tide,15_21,19,35,0,Alive,NA,NA,,
C_sikamea,21,No Tide,15_21,19,36,0,Alive,NA,NA,,
C_sikamea,21,No Tide,15_21,19,37,0,Alive,NA,NA,,
C_sikamea,21,No Tide,15_21,19,38,0,Alive,NA,NA,,
C_sikamea,21,No Tide,15_21,19,39,0,Alive,NA,NA,,
C_sikamea,21,No Tide,15_21,19,40,0,Alive,NA,NA,,
C_sikamea,21,No Tide,18_24,19,41,1,Dead,9,3/7/2022,,
C_sikamea,21,No Tide,18_24,19,42,0,Alive,NA,NA,,
C_sikamea,21,No Tide,18_24,19,43,0,Alive,NA,NA,,
C_sikamea,21,No Tide,18_24,19,44,0,Alive,NA,NA,,
C_sikamea,21,No Tide,18_24,19,45,0,Alive,NA,NA,,
C_sikamea,21,No Tide,18_24,19,46,0,Alive,NA,NA,,
C_sikamea,21,No Tide,18_24,19,47,0,Alive,NA,NA,,
C_sikamea,21,No Tide,18_24,19,48,0,Alive,NA,NA,,
C_sikamea,21,No Tide,18_24,19,49,0,Alive,NA,NA,,
C_sikamea,21,No Tide,18_24,19,50,0,Alive,NA,NA,,
C_sikamea,21,No Tide,18_24,19,51,0,Alive,NA,NA,,
C_sikamea,21,No Tide,18_24,19,52,0,Alive,NA,NA,,
C_sikamea,21,No Tide,18_24,19,53,0,Alive,NA,NA,,
C_sikamea,21,No Tide,18_24,19,54,0,Alive,NA,NA,,
C_sikamea,21,No Tide,18_24,19,55,0,Alive,NA,NA,,
C_sikamea,21,No Tide,18_24,19,56,0,Alive,NA,NA,,
C_sikamea,21,No Tide,18_24,19,57,0,Alive,NA,NA,,
C_sikamea,21,No Tide,18_24,19,58,0,Alive,NA,NA,,
C_sikamea,21,No Tide,18_24,19,59,0,Alive,NA,NA,,
C_sikamea,21,No Tide,18_24,19,60,0,Alive,NA,NA,,
C_sikamea,21,No Tide,18_24,19,61,0,Alive,NA,NA,,
C_sikamea,21,No Tide,18_24,19,62,0,Alive,NA,NA,,
C_sikamea,21,No Tide,18_24,19,63,0,Alive,NA,NA,,
C_sikamea,21,No Tide,18_24,19,64,0,Alive,NA,NA,,
C_sikamea,21,No Tide,18_24,19,65,0,Alive,NA,NA,,
C_sikamea,21,No Tide,18_24,19,66,0,Alive,NA,NA,,
C_sikamea,21,No Tide,18_24,19,67,0,Alive,NA,NA,,
C_sikamea,21,No Tide,18_24,19,68,0,Alive,NA,NA,,
C_sikamea,21,No Tide,18_24,19,69,0,Alive,NA,NA,,
C_sikamea,21,No Tide,18_24,19,70,0,Alive,NA,NA,,
C_sikamea,21,No Tide,18_24,19,71,0,Alive,NA,NA,,
C_sikamea,21,No Tide,18_24,19,72,0,Alive,NA,NA,,
C_sikamea,21,No Tide,18_24,19,73,0,Alive,NA,NA,,
C_sikamea,21,No Tide,18_24,19,74,0,Alive,NA,NA,,
C_sikamea,21,No Tide,18_24,19,75,0,Alive,NA,NA,,
C_sikamea,21,No Tide,18_24,19,76,0,Alive,NA,NA,,
C_sikamea,21,No Tide,18_24,19,77,0,Alive,NA,NA,,
C_sikamea,21,No Tide,18_24,19,78,0,Alive,NA,NA,,
C_sikamea,21,No Tide,18_24,19,79,0,Alive,NA,NA,,
C_sikamea,21,No Tide,18_24,19,80,0,Alive,NA,NA,,
C_sikamea,21,No Tide,15_21,20,1,0,Alive,NA,NA,,
C_sikamea,21,No Tide,15_21,20,2,0,Alive,NA,NA,,
C_sikamea,21,No Tide,15_21,20,3,0,Alive,NA,NA,,
C_sikamea,21,No Tide,15_21,20,4,0,Alive,NA,NA,,
C_sikamea,21,No Tide,15_21,20,5,0,Alive,NA,NA,,
C_sikamea,21,No Tide,15_21,20,6,0,Alive,NA,NA,,
C_sikamea,21,No Tide,15_21,20,7,0,Alive,NA,NA,,
C_sikamea,21,No Tide,15_21,20,8,0,Alive,NA,NA,,
C_sikamea,21,No Tide,15_21,20,9,0,Alive,NA,NA,,
C_sikamea,21,No Tide,15_21,20,10,0,Alive,NA,NA,,
C_sikamea,21,No Tide,15_21,20,11,0,Alive,NA,NA,,
C_sikamea,21,No Tide,15_21,20,12,0,Alive,NA,NA,,
C_sikamea,21,No Tide,15_21,20,13,0,Alive,NA,NA,,
C_sikamea,21,No Tide,15_21,20,14,0,Alive,NA,NA,,
C_sikamea,21,No Tide,15_21,20,15,0,Alive,NA,NA,,
C_sikamea,21,No Tide,15_21,20,16,0,Alive,NA,NA,,
C_sikamea,21,No Tide,15_21,20,17,0,Alive,NA,NA,,
C_sikamea,21,No Tide,15_21,20,18,0,Alive,NA,NA,,
C_sikamea,21,No Tide,15_21,20,19,0,Alive,NA,NA,,
C_sikamea,21,No Tide,15_21,20,20,0,Alive,NA,NA,,
C_sikamea,21,No Tide,15_21,20,21,0,Alive,NA,NA,,
C_sikamea,21,No Tide,15_21,20,22,0,Alive,NA,NA,,
C_sikamea,21,No Tide,15_21,20,23,0,Alive,NA,NA,,
C_sikamea,21,No Tide,15_21,20,24,0,Alive,NA,NA,,
C_sikamea,21,No Tide,15_21,20,25,0,Alive,NA,NA,,
C_sikamea,21,No Tide,15_21,20,26,0,Alive,NA,NA,,
C_sikamea,21,No Tide,15_21,20,27,0,Alive,NA,NA,,
C_sikamea,21,No Tide,15_21,20,28,0,Alive,NA,NA,,
C_sikamea,21,No Tide,15_21,20,29,0,Alive,NA,NA,,
C_sikamea,21,No Tide,15_21,20,30,0,Alive,NA,NA,,
C_sikamea,21,No Tide,15_21,20,31,0,Alive,NA,NA,,
C_sikamea,21,No Tide,15_21,20,32,0,Alive,NA,NA,,
C_sikamea,21,No Tide,15_21,20,33,0,Alive,NA,NA,,
C_sikamea,21,No Tide,15_21,20,34,0,Alive,NA,NA,,
C_sikamea,21,No Tide,15_21,20,35,0,Alive,NA,NA,,
C_sikamea,21,No Tide,15_21,20,36,0,Alive,NA,NA,,
C_sikamea,21,No Tide,15_21,20,37,0,Alive,NA,NA,,
C_sikamea,21,No Tide,15_21,20,38,0,Alive,NA,NA,,
C_sikamea,21,No Tide,15_21,20,39,0,Alive,NA,NA,,
C_sikamea,21,No Tide,15_21,20,40,0,Alive,NA,NA,,
C_sikamea,21,No Tide,18_24,20,41,1,Dead,9,3/7/2022,,
C_sikamea,21,No Tide,18_24,20,42,0,Alive,NA,NA,,
C_sikamea,21,No Tide,18_24,20,43,0,Alive,NA,NA,,
C_sikamea,21,No Tide,18_24,20,44,0,Alive,NA,NA,,
C_sikamea,21,No Tide,18_24,20,45,0,Alive,NA,NA,,
C_sikamea,21,No Tide,18_24,20,46,0,Alive,NA,NA,,
C_sikamea,21,No Tide,18_24,20,47,0,Alive,NA,NA,,
C_sikamea,21,No Tide,18_24,20,48,0,Alive,NA,NA,,
C_sikamea,21,No Tide,18_24,20,49,0,Alive,NA,NA,,
C_sikamea,21,No Tide,18_24,20,50,0,Alive,NA,NA,,
C_sikamea,21,No Tide,18_24,20,51,0,Alive,NA,NA,,
C_sikamea,21,No Tide,18_24,20,52,0,Alive,NA,NA,,
C_sikamea,21,No Tide,18_24,20,53,0,Alive,NA,NA,,
C_sikamea,21,No Tide,18_24,20,54,0,Alive,NA,NA,,
C_sikamea,21,No Tide,18_24,20,55,0,Alive,NA,NA,,
C_sikamea,21,No Tide,18_24,20,56,0,Alive,NA,NA,,
C_sikamea,21,No Tide,18_24,20,57,0,Alive,NA,NA,,
C_sikamea,21,No Tide,18_24,20,58,0,Alive,NA,NA,,
C_sikamea,21,No Tide,18_24,20,59,0,Alive,NA,NA,,
C_sikamea,21,No Tide,18_24,20,60,0,Alive,NA,NA,,
C_sikamea,21,No Tide,18_24,20,61,0,Alive,NA,NA,,
C_sikamea,21,No Tide,18_24,20,62,0,Alive,NA,NA,,
C_sikamea,21,No Tide,18_24,20,63,0,Alive,NA,NA,,
C_sikamea,21,No Tide,18_24,20,64,0,Alive,NA,NA,,
C_sikamea,21,No Tide,18_24,20,65,0,Alive,NA,NA,,
C_sikamea,21,No Tide,18_24,20,66,0,Alive,NA,NA,,
C_sikamea,21,No Tide,18_24,20,67,0,Alive,NA,NA,,
C_sikamea,21,No Tide,18_24,20,68,0,Alive,NA,NA,,
C_sikamea,21,No Tide,18_24,20,69,0,Alive,NA,NA,,
C_sikamea,21,No Tide,18_24,20,70,0,Alive,NA,NA,,
C_sikamea,21,No Tide,18_24,20,71,0,Alive,NA,NA,,
C_sikamea,21,No Tide,18_24,20,72,0,Alive,NA,NA,,
C_sikamea,21,No Tide,18_24,20,73,0,Alive,NA,NA,,
C_sikamea,21,No Tide,18_24,20,74,0,Alive,NA,NA,,
C_sikamea,21,No Tide,18_24,20,75,0,Alive,NA,NA,,
C_sikamea,21,No Tide,18_24,20,76,0,Alive,NA,NA,,
C_sikamea,21,No Tide,18_24,20,77,0,Alive,NA,NA,,
C_sikamea,21,No Tide,18_24,20,78,0,Alive,NA,NA,,
C_sikamea,21,No Tide,18_24,20,79,0,Alive,NA,NA,,
C_sikamea,21,No Tide,18_24,20,80,0,Alive,NA,NA,,
