Species,Day,Date,Rep,L_W,SH_Tide,SH_Temp,MHW,Tank,Size_cm
Crassostrea sikamea,19,,1,L,Tide,15,15,1,2.52
Crassostrea sikamea,19,,1,W,Tide,15,15,1,1.865
Crassostrea sikamea,19,,2,L,Tide,15,15,1,2.547
Crassostrea sikamea,19,,2,W,Tide,15,15,1,1.529
Crassostrea sikamea,19,,3,L,Tide,15,15,1,2.027
Crassostrea sikamea,19,,3,W,Tide,15,15,1,1.444
Crassostrea sikamea,19,,4,L,Tide,15,15,1,2.707
Crassostrea sikamea,19,,4,W,Tide,15,15,1,2.016
Crassostrea sikamea,19,,5,L,Tide,15,15,1,2.457
Crassostrea sikamea,19,,5,W,Tide,15,15,1,1.493
Crassostrea sikamea,19,,6,L,Tide,15,15,1,2.413
Crassostrea sikamea,19,,6,W,Tide,15,15,1,1.873
Crassostrea sikamea,19,,7,L,Tide,15,15,1,2.504
Crassostrea sikamea,19,,7,W,Tide,15,15,1,2.218
Crassostrea sikamea,19,,8,L,Tide,15,15,1,2.918
Crassostrea sikamea,19,,8,W,Tide,15,15,1,1.793
Crassostrea sikamea,19,,9,L,Tide,15,15,1,2.234
Crassostrea sikamea,19,,9,W,Tide,15,15,1,1.655
Crassostrea sikamea,19,,10,L,Tide,15,15,1,NA
Crassostrea sikamea,19,,10,W,Tide,15,15,1,NA
Crassostrea sikamea,19,,1,L,Tide,21,15,1,2.952
Crassostrea sikamea,19,,1,W,Tide,21,15,1,1.795
Crassostrea sikamea,19,,2,L,Tide,21,15,1,3.115
Crassostrea sikamea,19,,2,W,Tide,21,15,1,1.885
Crassostrea sikamea,19,,3,L,Tide,21,15,1,2.805
Crassostrea sikamea,19,,3,W,Tide,21,15,1,1.878
Crassostrea sikamea,19,,4,L,Tide,21,15,1,2.977
Crassostrea sikamea,19,,4,W,Tide,21,15,1,2.071
Crassostrea sikamea,19,,5,L,Tide,21,15,1,2.635
Crassostrea sikamea,19,,5,W,Tide,21,15,1,1.785
Crassostrea sikamea,19,,6,L,Tide,21,15,1,2.256
Crassostrea sikamea,19,,6,W,Tide,21,15,1,1.684
Crassostrea sikamea,19,,7,L,Tide,21,15,1,3.045
Crassostrea sikamea,19,,7,W,Tide,21,15,1,2.203
Crassostrea sikamea,19,,8,L,Tide,21,15,1,2.5
Crassostrea sikamea,19,,8,W,Tide,21,15,1,1.839
Crassostrea sikamea,19,,9,L,Tide,21,15,1,NA
Crassostrea sikamea,19,,9,W,Tide,21,15,1,NA
Crassostrea sikamea,19,,10,L,Tide,21,15,1,NA
Crassostrea sikamea,19,,10,W,Tide,21,15,1,NA
Crassostrea sikamea,19,,1,L,No Tide,15,15,1,2.663
Crassostrea sikamea,19,,1,W,No Tide,15,15,1,1.864
Crassostrea sikamea,19,,2,L,No Tide,15,15,1,2.601
Crassostrea sikamea,19,,2,W,No Tide,15,15,1,1.977
Crassostrea sikamea,19,,3,L,No Tide,15,15,1,2.782
Crassostrea sikamea,19,,3,W,No Tide,15,15,1,1.896
Crassostrea sikamea,19,,4,L,No Tide,15,15,1,2.739
Crassostrea sikamea,19,,4,W,No Tide,15,15,1,1.671
Crassostrea sikamea,19,,5,L,No Tide,15,15,1,2.566
Crassostrea sikamea,19,,5,W,No Tide,15,15,1,1.837
Crassostrea sikamea,19,,6,L,No Tide,15,15,1,2.48
Crassostrea sikamea,19,,6,W,No Tide,15,15,1,1.997
Crassostrea sikamea,19,,7,L,No Tide,15,15,1,2.571
Crassostrea sikamea,19,,7,W,No Tide,15,15,1,1.866
Crassostrea sikamea,19,,8,L,No Tide,15,15,1,2.381
Crassostrea sikamea,19,,8,W,No Tide,15,15,1,1.78
Crassostrea sikamea,19,,9,L,No Tide,15,15,1,2.708
Crassostrea sikamea,19,,9,W,No Tide,15,15,1,1.754
Crassostrea sikamea,19,,10,L,No Tide,15,15,1,2.564
Crassostrea sikamea,19,,10,W,No Tide,15,15,1,1.948
Crassostrea sikamea,19,,1,L,No Tide,21,15,1,3.038
Crassostrea sikamea,19,,1,W,No Tide,21,15,1,1.77
Crassostrea sikamea,19,,2,L,No Tide,21,15,1,2.766
Crassostrea sikamea,19,,2,W,No Tide,21,15,1,1.669
Crassostrea sikamea,19,,3,L,No Tide,21,15,1,2.548
Crassostrea sikamea,19,,3,W,No Tide,21,15,1,1.706
Crassostrea sikamea,19,,4,L,No Tide,21,15,1,2.972
Crassostrea sikamea,19,,4,W,No Tide,21,15,1,1.998
Crassostrea sikamea,19,,5,L,No Tide,21,15,1,3.049
Crassostrea sikamea,19,,5,W,No Tide,21,15,1,1.714
Crassostrea sikamea,19,,6,L,No Tide,21,15,1,2.608
Crassostrea sikamea,19,,6,W,No Tide,21,15,1,1.829
Crassostrea sikamea,19,,7,L,No Tide,21,15,1,2.581
Crassostrea sikamea,19,,7,W,No Tide,21,15,1,1.919
Crassostrea sikamea,19,,8,L,No Tide,21,15,1,3.036
Crassostrea sikamea,19,,8,W,No Tide,21,15,1,2.178
Crassostrea sikamea,19,,9,L,No Tide,21,15,1,2.595
Crassostrea sikamea,19,,9,W,No Tide,21,15,1,1.802
Crassostrea sikamea,19,,10,L,No Tide,21,15,1,2.789
Crassostrea sikamea,19,,10,W,No Tide,21,15,1,1.983
Crassostrea sikamea,19,,1,L,Tide,15,15,2,2.584
Crassostrea sikamea,19,,1,W,Tide,15,15,2,2.099
Crassostrea sikamea,19,,2,L,Tide,15,15,2,2.998
Crassostrea sikamea,19,,2,W,Tide,15,15,2,2.263
Crassostrea sikamea,19,,3,L,Tide,15,15,2,3.049
Crassostrea sikamea,19,,3,W,Tide,15,15,2,2.1
Crassostrea sikamea,19,,4,L,Tide,15,15,2,3.157
Crassostrea sikamea,19,,4,W,Tide,15,15,2,2.168
Crassostrea sikamea,19,,5,L,Tide,15,15,2,2.876
Crassostrea sikamea,19,,5,W,Tide,15,15,2,1.865
Crassostrea sikamea,19,,6,L,Tide,15,15,2,2.99
Crassostrea sikamea,19,,6,W,Tide,15,15,2,2.067
Crassostrea sikamea,19,,7,L,Tide,15,15,2,2.915
Crassostrea sikamea,19,,7,W,Tide,15,15,2,1.756
Crassostrea sikamea,19,,8,L,Tide,15,15,2,2.691
Crassostrea sikamea,19,,8,W,Tide,15,15,2,2.032
Crassostrea sikamea,19,,9,L,Tide,15,15,2,2.419
Crassostrea sikamea,19,,9,W,Tide,15,15,2,1.56
Crassostrea sikamea,19,,10,L,Tide,15,15,2,2.665
Crassostrea sikamea,19,,10,W,Tide,15,15,2,1.738
Crassostrea sikamea,19,,1,L,Tide,21,15,2,3.104
Crassostrea sikamea,19,,1,W,Tide,21,15,2,1.983
Crassostrea sikamea,19,,2,L,Tide,21,15,2,2.55
Crassostrea sikamea,19,,2,W,Tide,21,15,2,1.143
Crassostrea sikamea,19,,3,L,Tide,21,15,2,2.669
Crassostrea sikamea,19,,3,W,Tide,21,15,2,1.767
Crassostrea sikamea,19,,4,L,Tide,21,15,2,2.485
Crassostrea sikamea,19,,4,W,Tide,21,15,2,1.792
Crassostrea sikamea,19,,5,L,Tide,21,15,2,2.807
Crassostrea sikamea,19,,5,W,Tide,21,15,2,2.066
Crassostrea sikamea,19,,6,L,Tide,21,15,2,2.45
Crassostrea sikamea,19,,6,W,Tide,21,15,2,2.048
Crassostrea sikamea,19,,7,L,Tide,21,15,2,2.613
Crassostrea sikamea,19,,7,W,Tide,21,15,2,1.985
Crassostrea sikamea,19,,8,L,Tide,21,15,2,2.877
Crassostrea sikamea,19,,8,W,Tide,21,15,2,1.857
Crassostrea sikamea,19,,9,L,Tide,21,15,2,2.683
Crassostrea sikamea,19,,9,W,Tide,21,15,2,1.837
Crassostrea sikamea,19,,10,L,Tide,21,15,2,2.729
Crassostrea sikamea,19,,10,W,Tide,21,15,2,2.009
Crassostrea sikamea,19,,1,L,No Tide,15,15,2,2.664
Crassostrea sikamea,19,,1,W,No Tide,15,15,2,1.846
Crassostrea sikamea,19,,2,L,No Tide,15,15,2,2.387
Crassostrea sikamea,19,,2,W,No Tide,15,15,2,1.596
Crassostrea sikamea,19,,3,L,No Tide,15,15,2,2.491
Crassostrea sikamea,19,,3,W,No Tide,15,15,2,1.941
Crassostrea sikamea,19,,4,L,No Tide,15,15,2,2.44
Crassostrea sikamea,19,,4,W,No Tide,15,15,2,1.869
Crassostrea sikamea,19,,5,L,No Tide,15,15,2,2.449
Crassostrea sikamea,19,,5,W,No Tide,15,15,2,1.693
Crassostrea sikamea,19,,6,L,No Tide,15,15,2,2.438
Crassostrea sikamea,19,,6,W,No Tide,15,15,2,2.088
Crassostrea sikamea,19,,7,L,No Tide,15,15,2,2.599
Crassostrea sikamea,19,,7,W,No Tide,15,15,2,2.217
Crassostrea sikamea,19,,8,L,No Tide,15,15,2,3.203
Crassostrea sikamea,19,,8,W,No Tide,15,15,2,2.081
Crassostrea sikamea,19,,9,L,No Tide,15,15,2,2.477
Crassostrea sikamea,19,,9,W,No Tide,15,15,2,1.779
Crassostrea sikamea,19,,10,L,No Tide,15,15,2,2.546
Crassostrea sikamea,19,,10,W,No Tide,15,15,2,2.099
Crassostrea sikamea,19,,1,L,No Tide,21,15,2,2.863
Crassostrea sikamea,19,,1,W,No Tide,21,15,2,1.862
Crassostrea sikamea,19,,2,L,No Tide,21,15,2,2.312
Crassostrea sikamea,19,,2,W,No Tide,21,15,2,1.816
Crassostrea sikamea,19,,3,L,No Tide,21,15,2,2.456
Crassostrea sikamea,19,,3,W,No Tide,21,15,2,2.013
Crassostrea sikamea,19,,4,L,No Tide,21,15,2,3.025
Crassostrea sikamea,19,,4,W,No Tide,21,15,2,2.214
Crassostrea sikamea,19,,5,L,No Tide,21,15,2,2.367
Crassostrea sikamea,19,,5,W,No Tide,21,15,2,1.792
Crassostrea sikamea,19,,6,L,No Tide,21,15,2,2.119
Crassostrea sikamea,19,,6,W,No Tide,21,15,2,1.825
Crassostrea sikamea,19,,7,L,No Tide,21,15,2,2.951
Crassostrea sikamea,19,,7,W,No Tide,21,15,2,2.163
Crassostrea sikamea,19,,8,L,No Tide,21,15,2,2.633
Crassostrea sikamea,19,,8,W,No Tide,21,15,2,1.891
Crassostrea sikamea,19,,9,L,No Tide,21,15,2,3.136
Crassostrea sikamea,19,,9,W,No Tide,21,15,2,1.874
Crassostrea sikamea,19,,10,L,No Tide,21,15,2,NA
Crassostrea sikamea,19,,10,W,No Tide,21,15,2,NA
Crassostrea sikamea,19,,1,L,Tide,15,15,3,3.451
Crassostrea sikamea,19,,1,W,Tide,15,15,3,1.974
Crassostrea sikamea,19,,2,L,Tide,15,15,3,2.911
Crassostrea sikamea,19,,2,W,Tide,15,15,3,1.935
Crassostrea sikamea,19,,3,L,Tide,15,15,3,2.714
Crassostrea sikamea,19,,3,W,Tide,15,15,3,1.751
Crassostrea sikamea,19,,4,L,Tide,15,15,3,2.582
Crassostrea sikamea,19,,4,W,Tide,15,15,3,1.778
Crassostrea sikamea,19,,5,L,Tide,15,15,3,3.316
Crassostrea sikamea,19,,5,W,Tide,15,15,3,1.993
Crassostrea sikamea,19,,6,L,Tide,15,15,3,2.632
Crassostrea sikamea,19,,6,W,Tide,15,15,3,1.74
Crassostrea sikamea,19,,7,L,Tide,15,15,3,2.597
Crassostrea sikamea,19,,7,W,Tide,15,15,3,2.147
Crassostrea sikamea,19,,8,L,Tide,15,15,3,2.406
Crassostrea sikamea,19,,8,W,Tide,15,15,3,1.884
Crassostrea sikamea,19,,9,L,Tide,15,15,3,2.076
Crassostrea sikamea,19,,9,W,Tide,15,15,3,1.803
Crassostrea sikamea,19,,10,L,Tide,15,15,3,2.896
Crassostrea sikamea,19,,10,W,Tide,15,15,3,1.977
Crassostrea sikamea,19,,1,L,Tide,21,15,3,2.531
Crassostrea sikamea,19,,1,W,Tide,21,15,3,1.888
Crassostrea sikamea,19,,2,L,Tide,21,15,3,2.888
Crassostrea sikamea,19,,2,W,Tide,21,15,3,1.979
Crassostrea sikamea,19,,3,L,Tide,21,15,3,2.808
Crassostrea sikamea,19,,3,W,Tide,21,15,3,1.876
Crassostrea sikamea,19,,4,L,Tide,21,15,3,2.955
Crassostrea sikamea,19,,4,W,Tide,21,15,3,1.815
Crassostrea sikamea,19,,5,L,Tide,21,15,3,2.646
Crassostrea sikamea,19,,5,W,Tide,21,15,3,1.738
Crassostrea sikamea,19,,6,L,Tide,21,15,3,2.85
Crassostrea sikamea,19,,6,W,Tide,21,15,3,2.134
Crassostrea sikamea,19,,7,L,Tide,21,15,3,2.817
Crassostrea sikamea,19,,7,W,Tide,21,15,3,1.87
Crassostrea sikamea,19,,8,L,Tide,21,15,3,2.765
Crassostrea sikamea,19,,8,W,Tide,21,15,3,1.94
Crassostrea sikamea,19,,9,L,Tide,21,15,3,2.377
Crassostrea sikamea,19,,9,W,Tide,21,15,3,1.649
Crassostrea sikamea,19,,10,L,Tide,21,15,3,NA
Crassostrea sikamea,19,,10,W,Tide,21,15,3,NA
Crassostrea sikamea,19,,1,L,No Tide,15,15,3,2.356
Crassostrea sikamea,19,,1,W,No Tide,15,15,3,1.585
Crassostrea sikamea,19,,2,L,No Tide,15,15,3,2.613
Crassostrea sikamea,19,,2,W,No Tide,15,15,3,2.034
Crassostrea sikamea,19,,3,L,No Tide,15,15,3,3.454
Crassostrea sikamea,19,,3,W,No Tide,15,15,3,2.363
Crassostrea sikamea,19,,4,L,No Tide,15,15,3,2.496
Crassostrea sikamea,19,,4,W,No Tide,15,15,3,1.753
Crassostrea sikamea,19,,5,L,No Tide,15,15,3,2.02
Crassostrea sikamea,19,,5,W,No Tide,15,15,3,1.823
Crassostrea sikamea,19,,6,L,No Tide,15,15,3,2.223
Crassostrea sikamea,19,,6,W,No Tide,15,15,3,2.256
Crassostrea sikamea,19,,7,L,No Tide,15,15,3,2.937
Crassostrea sikamea,19,,7,W,No Tide,15,15,3,1.924
Crassostrea sikamea,19,,8,L,No Tide,15,15,3,2.663
Crassostrea sikamea,19,,8,W,No Tide,15,15,3,1.847
Crassostrea sikamea,19,,9,L,No Tide,15,15,3,3.024
Crassostrea sikamea,19,,9,W,No Tide,15,15,3,1.979
Crassostrea sikamea,19,,10,L,No Tide,15,15,3,2.583
Crassostrea sikamea,19,,10,W,No Tide,15,15,3,2.059
Crassostrea sikamea,19,,1,L,No Tide,21,15,3,2.477
Crassostrea sikamea,19,,1,W,No Tide,21,15,3,2.027
Crassostrea sikamea,19,,2,L,No Tide,21,15,3,2.277
Crassostrea sikamea,19,,2,W,No Tide,21,15,3,2.374
Crassostrea sikamea,19,,3,L,No Tide,21,15,3,2.629
Crassostrea sikamea,19,,3,W,No Tide,21,15,3,1.938
Crassostrea sikamea,19,,4,L,No Tide,21,15,3,2.567
Crassostrea sikamea,19,,4,W,No Tide,21,15,3,1.745
Crassostrea sikamea,19,,5,L,No Tide,21,15,3,2.793
Crassostrea sikamea,19,,5,W,No Tide,21,15,3,1.847
Crassostrea sikamea,19,,6,L,No Tide,21,15,3,2.564
Crassostrea sikamea,19,,6,W,No Tide,21,15,3,2.014
Crassostrea sikamea,19,,7,L,No Tide,21,15,3,2.899
Crassostrea sikamea,19,,7,W,No Tide,21,15,3,2.089
Crassostrea sikamea,19,,8,L,No Tide,21,15,3,2.671
Crassostrea sikamea,19,,8,W,No Tide,21,15,3,1.65
Crassostrea sikamea,19,,9,L,No Tide,21,15,3,2.419
Crassostrea sikamea,19,,9,W,No Tide,21,15,3,1.957
Crassostrea sikamea,19,,10,L,No Tide,21,15,3,3.008
Crassostrea sikamea,19,,10,W,No Tide,21,15,3,1.889
Crassostrea sikamea,19,,1,L,Tide,15,15,4,2.815
Crassostrea sikamea,19,,1,W,Tide,15,15,4,1.799
Crassostrea sikamea,19,,2,L,Tide,15,15,4,2.858
Crassostrea sikamea,19,,2,W,Tide,15,15,4,1.99
Crassostrea sikamea,19,,3,L,Tide,15,15,4,1.873
Crassostrea sikamea,19,,3,W,Tide,15,15,4,1.648
Crassostrea sikamea,19,,4,L,Tide,15,15,4,2.683
Crassostrea sikamea,19,,4,W,Tide,15,15,4,1.726
Crassostrea sikamea,19,,5,L,Tide,15,15,4,2.565
Crassostrea sikamea,19,,5,W,Tide,15,15,4,1.587
Crassostrea sikamea,19,,6,L,Tide,15,15,4,1.967
Crassostrea sikamea,19,,6,W,Tide,15,15,4,1.814
Crassostrea sikamea,19,,7,L,Tide,15,15,4,2.305
Crassostrea sikamea,19,,7,W,Tide,15,15,4,1.875
Crassostrea sikamea,19,,8,L,Tide,15,15,4,2.503
Crassostrea sikamea,19,,8,W,Tide,15,15,4,1.859
Crassostrea sikamea,19,,9,L,Tide,15,15,4,2.388
Crassostrea sikamea,19,,9,W,Tide,15,15,4,1.786
Crassostrea sikamea,19,,10,L,Tide,15,15,4,NA
Crassostrea sikamea,19,,10,W,Tide,15,15,4,NA
Crassostrea sikamea,19,,1,L,Tide,21,15,4,2.759
Crassostrea sikamea,19,,1,W,Tide,21,15,4,1.608
Crassostrea sikamea,19,,2,L,Tide,21,15,4,2.17
Crassostrea sikamea,19,,2,W,Tide,21,15,4,1.763
Crassostrea sikamea,19,,3,L,Tide,21,15,4,2.386
Crassostrea sikamea,19,,3,W,Tide,21,15,4,1.719
Crassostrea sikamea,19,,4,L,Tide,21,15,4,2.043
Crassostrea sikamea,19,,4,W,Tide,21,15,4,1.381
Crassostrea sikamea,19,,5,L,Tide,21,15,4,2.464
Crassostrea sikamea,19,,5,W,Tide,21,15,4,1.889
Crassostrea sikamea,19,,6,L,Tide,21,15,4,2.787
Crassostrea sikamea,19,,6,W,Tide,21,15,4,1.835
Crassostrea sikamea,19,,7,L,Tide,21,15,4,2.45
Crassostrea sikamea,19,,7,W,Tide,21,15,4,1.556
Crassostrea sikamea,19,,8,L,Tide,21,15,4,2.439
Crassostrea sikamea,19,,8,W,Tide,21,15,4,1.882
Crassostrea sikamea,19,,9,L,Tide,21,15,4,2.784
Crassostrea sikamea,19,,9,W,Tide,21,15,4,1.904
Crassostrea sikamea,19,,10,L,Tide,21,15,4,NA
Crassostrea sikamea,19,,10,W,Tide,21,15,4,NA
Crassostrea sikamea,19,,1,L,No Tide,15,15,4,3.214
Crassostrea sikamea,19,,1,W,No Tide,15,15,4,1.815
Crassostrea sikamea,19,,2,L,No Tide,15,15,4,2.728
Crassostrea sikamea,19,,2,W,No Tide,15,15,4,1.814
Crassostrea sikamea,19,,3,L,No Tide,15,15,4,2.451
Crassostrea sikamea,19,,3,W,No Tide,15,15,4,1.581
Crassostrea sikamea,19,,4,L,No Tide,15,15,4,2.199
Crassostrea sikamea,19,,4,W,No Tide,15,15,4,1.647
Crassostrea sikamea,19,,5,L,No Tide,15,15,4,2.372
Crassostrea sikamea,19,,5,W,No Tide,15,15,4,1.932
Crassostrea sikamea,19,,6,L,No Tide,15,15,4,2.479
Crassostrea sikamea,19,,6,W,No Tide,15,15,4,1.746
Crassostrea sikamea,19,,7,L,No Tide,15,15,4,2.667
Crassostrea sikamea,19,,7,W,No Tide,15,15,4,1.943
Crassostrea sikamea,19,,8,L,No Tide,15,15,4,2.798
Crassostrea sikamea,19,,8,W,No Tide,15,15,4,1.731
Crassostrea sikamea,19,,9,L,No Tide,15,15,4,2.965
Crassostrea sikamea,19,,9,W,No Tide,15,15,4,1.794
Crassostrea sikamea,19,,10,L,No Tide,15,15,4,2.625
Crassostrea sikamea,19,,10,W,No Tide,15,15,4,1.931
Crassostrea sikamea,19,,1,L,No Tide,21,15,4,2.234
Crassostrea sikamea,19,,1,W,No Tide,21,15,4,1.523
Crassostrea sikamea,19,,2,L,No Tide,21,15,4,2.769
Crassostrea sikamea,19,,2,W,No Tide,21,15,4,1.994
Crassostrea sikamea,19,,3,L,No Tide,21,15,4,2.722
Crassostrea sikamea,19,,3,W,No Tide,21,15,4,1.754
Crassostrea sikamea,19,,4,L,No Tide,21,15,4,2.996
Crassostrea sikamea,19,,4,W,No Tide,21,15,4,1.764
Crassostrea sikamea,19,,5,L,No Tide,21,15,4,2.802
Crassostrea sikamea,19,,5,W,No Tide,21,15,4,1.908
Crassostrea sikamea,19,,6,L,No Tide,21,15,4,2.929
Crassostrea sikamea,19,,6,W,No Tide,21,15,4,1.795
Crassostrea sikamea,19,,7,L,No Tide,21,15,4,3.463
Crassostrea sikamea,19,,7,W,No Tide,21,15,4,1.946
Crassostrea sikamea,19,,8,L,No Tide,21,15,4,2.592
Crassostrea sikamea,19,,8,W,No Tide,21,15,4,1.279
Crassostrea sikamea,19,,9,L,No Tide,21,15,4,2.463
Crassostrea sikamea,19,,9,W,No Tide,21,15,4,2.102
Crassostrea sikamea,19,,10,L,No Tide,21,15,4,NA
Crassostrea sikamea,19,,10,W,No Tide,21,15,4,NA
Crassostrea sikamea,19,,1,L,Tide,15,15,5,3.153
Crassostrea sikamea,19,,1,W,Tide,15,15,5,1.964
Crassostrea sikamea,19,,2,L,Tide,15,15,5,2.811
Crassostrea sikamea,19,,2,W,Tide,15,15,5,1.736
Crassostrea sikamea,19,,3,L,Tide,15,15,5,2.346
Crassostrea sikamea,19,,3,W,Tide,15,15,5,1.847
Crassostrea sikamea,19,,4,L,Tide,15,15,5,3.101
Crassostrea sikamea,19,,4,W,Tide,15,15,5,1.934
Crassostrea sikamea,19,,5,L,Tide,15,15,5,2.403
Crassostrea sikamea,19,,5,W,Tide,15,15,5,2.042
Crassostrea sikamea,19,,6,L,Tide,15,15,5,2.639
Crassostrea sikamea,19,,6,W,Tide,15,15,5,1.93
Crassostrea sikamea,19,,7,L,Tide,15,15,5,2.226
Crassostrea sikamea,19,,7,W,Tide,15,15,5,1.806
Crassostrea sikamea,19,,8,L,Tide,15,15,5,2.291
Crassostrea sikamea,19,,8,W,Tide,15,15,5,1.694
Crassostrea sikamea,19,,9,L,Tide,15,15,5,2.568
Crassostrea sikamea,19,,9,W,Tide,15,15,5,1.627
Crassostrea sikamea,19,,10,L,Tide,15,15,5,2.799
Crassostrea sikamea,19,,10,W,Tide,15,15,5,2.041
Crassostrea sikamea,19,,1,L,Tide,21,15,5,2.922
Crassostrea sikamea,19,,1,W,Tide,21,15,5,1.875
Crassostrea sikamea,19,,2,L,Tide,21,15,5,2.027
Crassostrea sikamea,19,,2,W,Tide,21,15,5,1.209
Crassostrea sikamea,19,,3,L,Tide,21,15,5,3.169
Crassostrea sikamea,19,,3,W,Tide,21,15,5,1.879
Crassostrea sikamea,19,,4,L,Tide,21,15,5,2.389
Crassostrea sikamea,19,,4,W,Tide,21,15,5,1.544
Crassostrea sikamea,19,,5,L,Tide,21,15,5,2.472
Crassostrea sikamea,19,,5,W,Tide,21,15,5,1.797
Crassostrea sikamea,19,,6,L,Tide,21,15,5,2.623
Crassostrea sikamea,19,,6,W,Tide,21,15,5,2.015
Crassostrea sikamea,19,,7,L,Tide,21,15,5,2.729
Crassostrea sikamea,19,,7,W,Tide,21,15,5,1.876
Crassostrea sikamea,19,,8,L,Tide,21,15,5,2.588
Crassostrea sikamea,19,,8,W,Tide,21,15,5,2.172
Crassostrea sikamea,19,,9,L,Tide,21,15,5,NA
Crassostrea sikamea,19,,9,W,Tide,21,15,5,NA
Crassostrea sikamea,19,,10,L,Tide,21,15,5,NA
Crassostrea sikamea,19,,10,W,Tide,21,15,5,NA
Crassostrea sikamea,19,,1,L,No Tide,15,15,5,2.951
Crassostrea sikamea,19,,1,W,No Tide,15,15,5,1.926
Crassostrea sikamea,19,,2,L,No Tide,15,15,5,2.39
Crassostrea sikamea,19,,2,W,No Tide,15,15,5,1.735
Crassostrea sikamea,19,,3,L,No Tide,15,15,5,2.922
Crassostrea sikamea,19,,3,W,No Tide,15,15,5,1.935
Crassostrea sikamea,19,,4,L,No Tide,15,15,5,2.995
Crassostrea sikamea,19,,4,W,No Tide,15,15,5,1.852
Crassostrea sikamea,19,,5,L,No Tide,15,15,5,2.555
Crassostrea sikamea,19,,5,W,No Tide,15,15,5,1.751
Crassostrea sikamea,19,,6,L,No Tide,15,15,5,2.63
Crassostrea sikamea,19,,6,W,No Tide,15,15,5,1.707
Crassostrea sikamea,19,,7,L,No Tide,15,15,5,2.707
Crassostrea sikamea,19,,7,W,No Tide,15,15,5,1.858
Crassostrea sikamea,19,,8,L,No Tide,15,15,5,2.18
Crassostrea sikamea,19,,8,W,No Tide,15,15,5,1.68
Crassostrea sikamea,19,,9,L,No Tide,15,15,5,3.039
Crassostrea sikamea,19,,9,W,No Tide,15,15,5,1.933
Crassostrea sikamea,19,,10,L,No Tide,15,15,5,2.863
Crassostrea sikamea,19,,10,W,No Tide,15,15,5,1.897
Crassostrea sikamea,19,,1,L,No Tide,21,15,5,3.154
Crassostrea sikamea,19,,1,W,No Tide,21,15,5,2.139
Crassostrea sikamea,19,,2,L,No Tide,21,15,5,2.878
Crassostrea sikamea,19,,2,W,No Tide,21,15,5,1.772
Crassostrea sikamea,19,,3,L,No Tide,21,15,5,2.675
Crassostrea sikamea,19,,3,W,No Tide,21,15,5,1.78
Crassostrea sikamea,19,,4,L,No Tide,21,15,5,3.291
Crassostrea sikamea,19,,4,W,No Tide,21,15,5,2.069
Crassostrea sikamea,19,,5,L,No Tide,21,15,5,3.268
Crassostrea sikamea,19,,5,W,No Tide,21,15,5,1.916
Crassostrea sikamea,19,,6,L,No Tide,21,15,5,2.337
Crassostrea sikamea,19,,6,W,No Tide,21,15,5,1.667
Crassostrea sikamea,19,,7,L,No Tide,21,15,5,2.764
Crassostrea sikamea,19,,7,W,No Tide,21,15,5,1.68
Crassostrea sikamea,19,,8,L,No Tide,21,15,5,2.583
Crassostrea sikamea,19,,8,W,No Tide,21,15,5,1.794
Crassostrea sikamea,19,,9,L,No Tide,21,15,5,3.092
Crassostrea sikamea,19,,9,W,No Tide,21,15,5,1.708
Crassostrea sikamea,19,,10,L,No Tide,21,15,5,2.806
Crassostrea sikamea,19,,10,W,No Tide,21,15,5,2.058
Crassostrea sikamea,19,,1,L,Tide,15,18,6,2.922
Crassostrea sikamea,19,,1,W,Tide,15,18,6,1.848
Crassostrea sikamea,19,,2,L,Tide,15,18,6,2.854
Crassostrea sikamea,19,,2,W,Tide,15,18,6,1.876
Crassostrea sikamea,19,,3,L,Tide,15,18,6,2.583
Crassostrea sikamea,19,,3,W,Tide,15,18,6,1.95
Crassostrea sikamea,19,,4,L,Tide,15,18,6,3.019
Crassostrea sikamea,19,,4,W,Tide,15,18,6,2.059
Crassostrea sikamea,19,,5,L,Tide,15,18,6,2.395
Crassostrea sikamea,19,,5,W,Tide,15,18,6,1.548
Crassostrea sikamea,19,,6,L,Tide,15,18,6,2.268
Crassostrea sikamea,19,,6,W,Tide,15,18,6,1.606
Crassostrea sikamea,19,,7,L,Tide,15,18,6,2.146
Crassostrea sikamea,19,,7,W,Tide,15,18,6,1.726
Crassostrea sikamea,19,,8,L,Tide,15,18,6,2.576
Crassostrea sikamea,19,,8,W,Tide,15,18,6,1.724
Crassostrea sikamea,19,,9,L,Tide,15,18,6,2.953
Crassostrea sikamea,19,,9,W,Tide,15,18,6,1.684
Crassostrea sikamea,19,,10,L,Tide,15,18,6,NA
Crassostrea sikamea,19,,10,W,Tide,15,18,6,NA
Crassostrea sikamea,19,,1,L,Tide,21,18,6,2.387
Crassostrea sikamea,19,,1,W,Tide,21,18,6,1.555
Crassostrea sikamea,19,,2,L,Tide,21,18,6,2.76
Crassostrea sikamea,19,,2,W,Tide,21,18,6,1.665
Crassostrea sikamea,19,,3,L,Tide,21,18,6,2.4
Crassostrea sikamea,19,,3,W,Tide,21,18,6,1.725
Crassostrea sikamea,19,,4,L,Tide,21,18,6,2.697
Crassostrea sikamea,19,,4,W,Tide,21,18,6,1.66
Crassostrea sikamea,19,,5,L,Tide,21,18,6,2.732
Crassostrea sikamea,19,,5,W,Tide,21,18,6,2.101
Crassostrea sikamea,19,,6,L,Tide,21,18,6,2.925
Crassostrea sikamea,19,,6,W,Tide,21,18,6,2.027
Crassostrea sikamea,19,,7,L,Tide,21,18,6,2.216
Crassostrea sikamea,19,,7,W,Tide,21,18,6,1.698
Crassostrea sikamea,19,,8,L,Tide,21,18,6,2.108
Crassostrea sikamea,19,,8,W,Tide,21,18,6,1.584
Crassostrea sikamea,19,,9,L,Tide,21,18,6,2.366
Crassostrea sikamea,19,,9,W,Tide,21,18,6,1.992
Crassostrea sikamea,19,,10,L,Tide,21,18,6,2.419
Crassostrea sikamea,19,,10,W,Tide,21,18,6,1.994
Crassostrea sikamea,19,,1,L,No Tide,15,18,6,2.703
Crassostrea sikamea,19,,1,W,No Tide,15,18,6,1.725
Crassostrea sikamea,19,,2,L,No Tide,15,18,6,2.562
Crassostrea sikamea,19,,2,W,No Tide,15,18,6,1.855
Crassostrea sikamea,19,,3,L,No Tide,15,18,6,2.567
Crassostrea sikamea,19,,3,W,No Tide,15,18,6,1.96
Crassostrea sikamea,19,,4,L,No Tide,15,18,6,3.329
Crassostrea sikamea,19,,4,W,No Tide,15,18,6,2.079
Crassostrea sikamea,19,,5,L,No Tide,15,18,6,2.336
Crassostrea sikamea,19,,5,W,No Tide,15,18,6,1.58
Crassostrea sikamea,19,,6,L,No Tide,15,18,6,2.989
Crassostrea sikamea,19,,6,W,No Tide,15,18,6,1.96
Crassostrea sikamea,19,,7,L,No Tide,15,18,6,2.041
Crassostrea sikamea,19,,7,W,No Tide,15,18,6,1.501
Crassostrea sikamea,19,,8,L,No Tide,15,18,6,2.842
Crassostrea sikamea,19,,8,W,No Tide,15,18,6,2.057
Crassostrea sikamea,19,,9,L,No Tide,15,18,6,2.351
Crassostrea sikamea,19,,9,W,No Tide,15,18,6,1.981
Crassostrea sikamea,19,,10,L,No Tide,15,18,6,2.884
Crassostrea sikamea,19,,10,W,No Tide,15,18,6,1.86
Crassostrea sikamea,19,,1,L,No Tide,21,18,6,3.031
Crassostrea sikamea,19,,1,W,No Tide,21,18,6,1.54
Crassostrea sikamea,19,,2,L,No Tide,21,18,6,2.583
Crassostrea sikamea,19,,2,W,No Tide,21,18,6,1.879
Crassostrea sikamea,19,,3,L,No Tide,21,18,6,2.406
Crassostrea sikamea,19,,3,W,No Tide,21,18,6,1.779
Crassostrea sikamea,19,,4,L,No Tide,21,18,6,3.037
Crassostrea sikamea,19,,4,W,No Tide,21,18,6,1.938
Crassostrea sikamea,19,,5,L,No Tide,21,18,6,2.824
Crassostrea sikamea,19,,5,W,No Tide,21,18,6,1.83
Crassostrea sikamea,19,,6,L,No Tide,21,18,6,2.759
Crassostrea sikamea,19,,6,W,No Tide,21,18,6,1.796
Crassostrea sikamea,19,,7,L,No Tide,21,18,6,2.664
Crassostrea sikamea,19,,7,W,No Tide,21,18,6,1.627
Crassostrea sikamea,19,,8,L,No Tide,21,18,6,2.508
Crassostrea sikamea,19,,8,W,No Tide,21,18,6,1.593
Crassostrea sikamea,19,,9,L,No Tide,21,18,6,2.815
Crassostrea sikamea,19,,9,W,No Tide,21,18,6,2
Crassostrea sikamea,19,,10,L,No Tide,21,18,6,2.611
Crassostrea sikamea,19,,10,W,No Tide,21,18,6,1.717
Crassostrea sikamea,19,,1,L,Tide,15,18,7,2.791
Crassostrea sikamea,19,,1,W,Tide,15,18,7,1.919
Crassostrea sikamea,19,,2,L,Tide,15,18,7,2.384
Crassostrea sikamea,19,,2,W,Tide,15,18,7,1.812
Crassostrea sikamea,19,,3,L,Tide,15,18,7,2.661
Crassostrea sikamea,19,,3,W,Tide,15,18,7,1.799
Crassostrea sikamea,19,,4,L,Tide,15,18,7,1.969
Crassostrea sikamea,19,,4,W,Tide,15,18,7,1.914
Crassostrea sikamea,19,,5,L,Tide,15,18,7,2.418
Crassostrea sikamea,19,,5,W,Tide,15,18,7,1.701
Crassostrea sikamea,19,,6,L,Tide,15,18,7,2.327
Crassostrea sikamea,19,,6,W,Tide,15,18,7,1.843
Crassostrea sikamea,19,,7,L,Tide,15,18,7,2.795
Crassostrea sikamea,19,,7,W,Tide,15,18,7,1.544
Crassostrea sikamea,19,,8,L,Tide,15,18,7,2.324
Crassostrea sikamea,19,,8,W,Tide,15,18,7,1.76
Crassostrea sikamea,19,,9,L,Tide,15,18,7,2.113
Crassostrea sikamea,19,,9,W,Tide,15,18,7,1.652
Crassostrea sikamea,19,,10,L,Tide,15,18,7,NA
Crassostrea sikamea,19,,10,W,Tide,15,18,7,NA
Crassostrea sikamea,19,,1,L,Tide,21,18,7,2.191
Crassostrea sikamea,19,,1,W,Tide,21,18,7,1.678
Crassostrea sikamea,19,,2,L,Tide,21,18,7,2.507
Crassostrea sikamea,19,,2,W,Tide,21,18,7,2.161
Crassostrea sikamea,19,,3,L,Tide,21,18,7,2.758
Crassostrea sikamea,19,,3,W,Tide,21,18,7,1.899
Crassostrea sikamea,19,,4,L,Tide,21,18,7,2.672
Crassostrea sikamea,19,,4,W,Tide,21,18,7,1.898
Crassostrea sikamea,19,,5,L,Tide,21,18,7,2.466
Crassostrea sikamea,19,,5,W,Tide,21,18,7,1.614
Crassostrea sikamea,19,,6,L,Tide,21,18,7,2.229
Crassostrea sikamea,19,,6,W,Tide,21,18,7,1.475
Crassostrea sikamea,19,,7,L,Tide,21,18,7,3.361
Crassostrea sikamea,19,,7,W,Tide,21,18,7,1.883
Crassostrea sikamea,19,,8,L,Tide,21,18,7,2.602
Crassostrea sikamea,19,,8,W,Tide,21,18,7,1.598
Crassostrea sikamea,19,,9,L,Tide,21,18,7,2.897
Crassostrea sikamea,19,,9,W,Tide,21,18,7,1.834
Crassostrea sikamea,19,,10,L,Tide,21,18,7,NA
Crassostrea sikamea,19,,10,W,Tide,21,18,7,NA
Crassostrea sikamea,19,,1,L,No Tide,15,18,7,2.725
Crassostrea sikamea,19,,1,W,No Tide,15,18,7,1.616
Crassostrea sikamea,19,,2,L,No Tide,15,18,7,2.566
Crassostrea sikamea,19,,2,W,No Tide,15,18,7,1.873
Crassostrea sikamea,19,,3,L,No Tide,15,18,7,2.531
Crassostrea sikamea,19,,3,W,No Tide,15,18,7,1.814
Crassostrea sikamea,19,,4,L,No Tide,15,18,7,2.942
Crassostrea sikamea,19,,4,W,No Tide,15,18,7,2.04
Crassostrea sikamea,19,,5,L,No Tide,15,18,7,2.324
Crassostrea sikamea,19,,5,W,No Tide,15,18,7,1.396
Crassostrea sikamea,19,,6,L,No Tide,15,18,7,2.821
Crassostrea sikamea,19,,6,W,No Tide,15,18,7,1.786
Crassostrea sikamea,19,,7,L,No Tide,15,18,7,2.633
Crassostrea sikamea,19,,7,W,No Tide,15,18,7,1.886
Crassostrea sikamea,19,,8,L,No Tide,15,18,7,2.86
Crassostrea sikamea,19,,8,W,No Tide,15,18,7,1.665
Crassostrea sikamea,19,,9,L,No Tide,15,18,7,2.12
Crassostrea sikamea,19,,9,W,No Tide,15,18,7,1.906
Crassostrea sikamea,19,,10,L,No Tide,15,18,7,2.859
Crassostrea sikamea,19,,10,W,No Tide,15,18,7,1.637
Crassostrea sikamea,19,,1,L,No Tide,21,18,7,2.747
Crassostrea sikamea,19,,1,W,No Tide,21,18,7,1.7
Crassostrea sikamea,19,,2,L,No Tide,21,18,7,2.41
Crassostrea sikamea,19,,2,W,No Tide,21,18,7,1.845
Crassostrea sikamea,19,,3,L,No Tide,21,18,7,2.526
Crassostrea sikamea,19,,3,W,No Tide,21,18,7,1.584
Crassostrea sikamea,19,,4,L,No Tide,21,18,7,2.685
Crassostrea sikamea,19,,4,W,No Tide,21,18,7,1.803
Crassostrea sikamea,19,,5,L,No Tide,21,18,7,2.499
Crassostrea sikamea,19,,5,W,No Tide,21,18,7,1.571
Crassostrea sikamea,19,,6,L,No Tide,21,18,7,2.885
Crassostrea sikamea,19,,6,W,No Tide,21,18,7,1.677
Crassostrea sikamea,19,,7,L,No Tide,21,18,7,2.9
Crassostrea sikamea,19,,7,W,No Tide,21,18,7,1.624
Crassostrea sikamea,19,,8,L,No Tide,21,18,7,2.952
Crassostrea sikamea,19,,8,W,No Tide,21,18,7,1.838
Crassostrea sikamea,19,,9,L,No Tide,21,18,7,3.073
Crassostrea sikamea,19,,9,W,No Tide,21,18,7,1.839
Crassostrea sikamea,19,,10,L,No Tide,21,18,7,3.033
Crassostrea sikamea,19,,10,W,No Tide,21,18,7,1.76
Crassostrea sikamea,19,,1,L,Tide,15,18,8,2.451
Crassostrea sikamea,19,,1,W,Tide,15,18,8,1.615
Crassostrea sikamea,19,,2,L,Tide,15,18,8,3.283
Crassostrea sikamea,19,,2,W,Tide,15,18,8,1.885
Crassostrea sikamea,19,,3,L,Tide,15,18,8,2.454
Crassostrea sikamea,19,,3,W,Tide,15,18,8,1.91
Crassostrea sikamea,19,,4,L,Tide,15,18,8,2.529
Crassostrea sikamea,19,,4,W,Tide,15,18,8,1.776
Crassostrea sikamea,19,,5,L,Tide,15,18,8,2.295
Crassostrea sikamea,19,,5,W,Tide,15,18,8,1.774
Crassostrea sikamea,19,,6,L,Tide,15,18,8,2.491
Crassostrea sikamea,19,,6,W,Tide,15,18,8,1.639
Crassostrea sikamea,19,,7,L,Tide,15,18,8,2.545
Crassostrea sikamea,19,,7,W,Tide,15,18,8,1.545
Crassostrea sikamea,19,,8,L,Tide,15,18,8,2.57
Crassostrea sikamea,19,,8,W,Tide,15,18,8,1.979
Crassostrea sikamea,19,,9,L,Tide,15,18,8,2.354
Crassostrea sikamea,19,,9,W,Tide,15,18,8,2.18
Crassostrea sikamea,19,,10,L,Tide,15,18,8,NA
Crassostrea sikamea,19,,10,W,Tide,15,18,8,NA
Crassostrea sikamea,19,,1,L,Tide,21,18,8,2.498
Crassostrea sikamea,19,,1,W,Tide,21,18,8,1.749
Crassostrea sikamea,19,,2,L,Tide,21,18,8,2.422
Crassostrea sikamea,19,,2,W,Tide,21,18,8,1.897
Crassostrea sikamea,19,,3,L,Tide,21,18,8,2.771
Crassostrea sikamea,19,,3,W,Tide,21,18,8,1.695
Crassostrea sikamea,19,,4,L,Tide,21,18,8,2.813
Crassostrea sikamea,19,,4,W,Tide,21,18,8,2.017
Crassostrea sikamea,19,,5,L,Tide,21,18,8,2.839
Crassostrea sikamea,19,,5,W,Tide,21,18,8,1.843
Crassostrea sikamea,19,,6,L,Tide,21,18,8,2.507
Crassostrea sikamea,19,,6,W,Tide,21,18,8,1.903
Crassostrea sikamea,19,,7,L,Tide,21,18,8,2.693
Crassostrea sikamea,19,,7,W,Tide,21,18,8,1.989
Crassostrea sikamea,19,,8,L,Tide,21,18,8,2.405
Crassostrea sikamea,19,,8,W,Tide,21,18,8,1.645
Crassostrea sikamea,19,,9,L,Tide,21,18,8,2.093
Crassostrea sikamea,19,,9,W,Tide,21,18,8,1.807
Crassostrea sikamea,19,,10,L,Tide,21,18,8,1.916
Crassostrea sikamea,19,,10,W,Tide,21,18,8,1.732
Crassostrea sikamea,19,,1,L,No Tide,15,18,8,2.261
Crassostrea sikamea,19,,1,W,No Tide,15,18,8,1.643
Crassostrea sikamea,19,,2,L,No Tide,15,18,8,2.799
Crassostrea sikamea,19,,2,W,No Tide,15,18,8,2.2
Crassostrea sikamea,19,,3,L,No Tide,15,18,8,3.411
Crassostrea sikamea,19,,3,W,No Tide,15,18,8,1.997
Crassostrea sikamea,19,,4,L,No Tide,15,18,8,2.422
Crassostrea sikamea,19,,4,W,No Tide,15,18,8,1.817
Crassostrea sikamea,19,,5,L,No Tide,15,18,8,2.684
Crassostrea sikamea,19,,5,W,No Tide,15,18,8,1.83
Crassostrea sikamea,19,,6,L,No Tide,15,18,8,2.954
Crassostrea sikamea,19,,6,W,No Tide,15,18,8,1.844
Crassostrea sikamea,19,,7,L,No Tide,15,18,8,2.603
Crassostrea sikamea,19,,7,W,No Tide,15,18,8,1.753
Crassostrea sikamea,19,,8,L,No Tide,15,18,8,2.357
Crassostrea sikamea,19,,8,W,No Tide,15,18,8,1.816
Crassostrea sikamea,19,,9,L,No Tide,15,18,8,2.547
Crassostrea sikamea,19,,9,W,No Tide,15,18,8,1.434
Crassostrea sikamea,19,,10,L,No Tide,15,18,8,2.464
Crassostrea sikamea,19,,10,W,No Tide,15,18,8,1.685
Crassostrea sikamea,19,,1,L,No Tide,21,18,8,2.966
Crassostrea sikamea,19,,1,W,No Tide,21,18,8,1.939
Crassostrea sikamea,19,,2,L,No Tide,21,18,8,2.785
Crassostrea sikamea,19,,2,W,No Tide,21,18,8,1.655
Crassostrea sikamea,19,,3,L,No Tide,21,18,8,2.544
Crassostrea sikamea,19,,3,W,No Tide,21,18,8,1.926
Crassostrea sikamea,19,,4,L,No Tide,21,18,8,3.041
Crassostrea sikamea,19,,4,W,No Tide,21,18,8,1.897
Crassostrea sikamea,19,,5,L,No Tide,21,18,8,2.949
Crassostrea sikamea,19,,5,W,No Tide,21,18,8,1.655
Crassostrea sikamea,19,,6,L,No Tide,21,18,8,2.886
Crassostrea sikamea,19,,6,W,No Tide,21,18,8,1.722
Crassostrea sikamea,19,,7,L,No Tide,21,18,8,2.881
Crassostrea sikamea,19,,7,W,No Tide,21,18,8,2.017
Crassostrea sikamea,19,,8,L,No Tide,21,18,8,3.042
Crassostrea sikamea,19,,8,W,No Tide,21,18,8,1.874
Crassostrea sikamea,19,,9,L,No Tide,21,18,8,2.758
Crassostrea sikamea,19,,9,W,No Tide,21,18,8,1.992
Crassostrea sikamea,19,,10,L,No Tide,21,18,8,2.901
Crassostrea sikamea,19,,10,W,No Tide,21,18,8,1.839
Crassostrea sikamea,19,,1,L,Tide,15,18,9,2.731
Crassostrea sikamea,19,,1,W,Tide,15,18,9,1.793
Crassostrea sikamea,19,,2,L,Tide,15,18,9,2.852
Crassostrea sikamea,19,,2,W,Tide,15,18,9,1.708
Crassostrea sikamea,19,,3,L,Tide,15,18,9,2.748
Crassostrea sikamea,19,,3,W,Tide,15,18,9,1.813
Crassostrea sikamea,19,,4,L,Tide,15,18,9,2.554
Crassostrea sikamea,19,,4,W,Tide,15,18,9,1.667
Crassostrea sikamea,19,,5,L,Tide,15,18,9,2.637
Crassostrea sikamea,19,,5,W,Tide,15,18,9,1.973
Crassostrea sikamea,19,,6,L,Tide,15,18,9,2.735
Crassostrea sikamea,19,,6,W,Tide,15,18,9,1.785
Crassostrea sikamea,19,,7,L,Tide,15,18,9,2.301
Crassostrea sikamea,19,,7,W,Tide,15,18,9,1.85
Crassostrea sikamea,19,,8,L,Tide,15,18,9,2.852
Crassostrea sikamea,19,,8,W,Tide,15,18,9,1.73
Crassostrea sikamea,19,,9,L,Tide,15,18,9,2.189
Crassostrea sikamea,19,,9,W,Tide,15,18,9,1.865
Crassostrea sikamea,19,,10,L,Tide,15,18,9,2.122
Crassostrea sikamea,19,,10,W,Tide,15,18,9,1.911
Crassostrea sikamea,19,,1,L,Tide,21,18,9,2.367
Crassostrea sikamea,19,,1,W,Tide,21,18,9,1.929
Crassostrea sikamea,19,,2,L,Tide,21,18,9,2.857
Crassostrea sikamea,19,,2,W,Tide,21,18,9,2
Crassostrea sikamea,19,,3,L,Tide,21,18,9,2.534
Crassostrea sikamea,19,,3,W,Tide,21,18,9,1.991
Crassostrea sikamea,19,,4,L,Tide,21,18,9,2.513
Crassostrea sikamea,19,,4,W,Tide,21,18,9,1.581
Crassostrea sikamea,19,,5,L,Tide,21,18,9,2.421
Crassostrea sikamea,19,,5,W,Tide,21,18,9,1.784
Crassostrea sikamea,19,,6,L,Tide,21,18,9,2.794
Crassostrea sikamea,19,,6,W,Tide,21,18,9,1.606
Crassostrea sikamea,19,,7,L,Tide,21,18,9,2.45
Crassostrea sikamea,19,,7,W,Tide,21,18,9,1.432
Crassostrea sikamea,19,,8,L,Tide,21,18,9,2.548
Crassostrea sikamea,19,,8,W,Tide,21,18,9,1.683
Crassostrea sikamea,19,,9,L,Tide,21,18,9,2.731
Crassostrea sikamea,19,,9,W,Tide,21,18,9,2.013
Crassostrea sikamea,19,,10,L,Tide,21,18,9,2.34
Crassostrea sikamea,19,,10,W,Tide,21,18,9,1.96
Crassostrea sikamea,19,,1,L,No Tide,15,18,9,2.279
Crassostrea sikamea,19,,1,W,No Tide,15,18,9,1.651
Crassostrea sikamea,19,,2,L,No Tide,15,18,9,2.756
Crassostrea sikamea,19,,2,W,No Tide,15,18,9,1.947
Crassostrea sikamea,19,,3,L,No Tide,15,18,9,2.636
Crassostrea sikamea,19,,3,W,No Tide,15,18,9,1.706
Crassostrea sikamea,19,,4,L,No Tide,15,18,9,2.342
Crassostrea sikamea,19,,4,W,No Tide,15,18,9,1.757
Crassostrea sikamea,19,,5,L,No Tide,15,18,9,2.965
Crassostrea sikamea,19,,5,W,No Tide,15,18,9,1.851
Crassostrea sikamea,19,,6,L,No Tide,15,18,9,2.985
Crassostrea sikamea,19,,6,W,No Tide,15,18,9,1.987
Crassostrea sikamea,19,,7,L,No Tide,15,18,9,3.067
Crassostrea sikamea,19,,7,W,No Tide,15,18,9,2.081
Crassostrea sikamea,19,,8,L,No Tide,15,18,9,3.121
Crassostrea sikamea,19,,8,W,No Tide,15,18,9,2.043
Crassostrea sikamea,19,,9,L,No Tide,15,18,9,1.992
Crassostrea sikamea,19,,9,W,No Tide,15,18,9,1.635
Crassostrea sikamea,19,,10,L,No Tide,15,18,9,3.148
Crassostrea sikamea,19,,10,W,No Tide,15,18,9,2.041
Crassostrea sikamea,19,,1,L,No Tide,21,18,9,2.869
Crassostrea sikamea,19,,1,W,No Tide,21,18,9,1.844
Crassostrea sikamea,19,,2,L,No Tide,21,18,9,2.754
Crassostrea sikamea,19,,2,W,No Tide,21,18,9,1.909
Crassostrea sikamea,19,,3,L,No Tide,21,18,9,2.816
Crassostrea sikamea,19,,3,W,No Tide,21,18,9,1.882
Crassostrea sikamea,19,,4,L,No Tide,21,18,9,2.691
Crassostrea sikamea,19,,4,W,No Tide,21,18,9,1.934
Crassostrea sikamea,19,,5,L,No Tide,21,18,9,2.482
Crassostrea sikamea,19,,5,W,No Tide,21,18,9,1.655
Crassostrea sikamea,19,,6,L,No Tide,21,18,9,2.758
Crassostrea sikamea,19,,6,W,No Tide,21,18,9,1.931
Crassostrea sikamea,19,,7,L,No Tide,21,18,9,2.392
Crassostrea sikamea,19,,7,W,No Tide,21,18,9,1.697
Crassostrea sikamea,19,,8,L,No Tide,21,18,9,2.804
Crassostrea sikamea,19,,8,W,No Tide,21,18,9,1.724
Crassostrea sikamea,19,,9,L,No Tide,21,18,9,2.884
Crassostrea sikamea,19,,9,W,No Tide,21,18,9,1.883
Crassostrea sikamea,19,,10,L,No Tide,21,18,9,3.305
Crassostrea sikamea,19,,10,W,No Tide,21,18,9,1.82
Crassostrea sikamea,19,,1,L,Tide,15,18,10,2.278
Crassostrea sikamea,19,,1,W,Tide,15,18,10,2.007
Crassostrea sikamea,19,,2,L,Tide,15,18,10,2.715
Crassostrea sikamea,19,,2,W,Tide,15,18,10,2.162
Crassostrea sikamea,19,,3,L,Tide,15,18,10,2.522
Crassostrea sikamea,19,,3,W,Tide,15,18,10,1.655
Crassostrea sikamea,19,,4,L,Tide,15,18,10,2.007
Crassostrea sikamea,19,,4,W,Tide,15,18,10,1.833
Crassostrea sikamea,19,,5,L,Tide,15,18,10,2.13
Crassostrea sikamea,19,,5,W,Tide,15,18,10,1.573
Crassostrea sikamea,19,,6,L,Tide,15,18,10,2.671
Crassostrea sikamea,19,,6,W,Tide,15,18,10,1.863
Crassostrea sikamea,19,,7,L,Tide,15,18,10,2.513
Crassostrea sikamea,19,,7,W,Tide,15,18,10,2.103
Crassostrea sikamea,19,,8,L,Tide,15,18,10,2.512
Crassostrea sikamea,19,,8,W,Tide,15,18,10,2.054
Crassostrea sikamea,19,,9,L,Tide,15,18,10,2.432
Crassostrea sikamea,19,,9,W,Tide,15,18,10,1.767
Crassostrea sikamea,19,,10,L,Tide,15,18,10,NA
Crassostrea sikamea,19,,10,W,Tide,15,18,10,NA
Crassostrea sikamea,19,,1,L,Tide,21,18,10,2.387
Crassostrea sikamea,19,,1,W,Tide,21,18,10,1.722
Crassostrea sikamea,19,,2,L,Tide,21,18,10,2.405
Crassostrea sikamea,19,,2,W,Tide,21,18,10,1.495
Crassostrea sikamea,19,,3,L,Tide,21,18,10,2.388
Crassostrea sikamea,19,,3,W,Tide,21,18,10,1.631
Crassostrea sikamea,19,,4,L,Tide,21,18,10,3.079
Crassostrea sikamea,19,,4,W,Tide,21,18,10,1.728
Crassostrea sikamea,19,,5,L,Tide,21,18,10,2.657
Crassostrea sikamea,19,,5,W,Tide,21,18,10,2.04
Crassostrea sikamea,19,,6,L,Tide,21,18,10,2.861
Crassostrea sikamea,19,,6,W,Tide,21,18,10,1.721
Crassostrea sikamea,19,,7,L,Tide,21,18,10,2.237
Crassostrea sikamea,19,,7,W,Tide,21,18,10,1.615
Crassostrea sikamea,19,,8,L,Tide,21,18,10,2.57
Crassostrea sikamea,19,,8,W,Tide,21,18,10,2.127
Crassostrea sikamea,19,,9,L,Tide,21,18,10,2.808
Crassostrea sikamea,19,,9,W,Tide,21,18,10,1.898
Crassostrea sikamea,19,,10,L,Tide,21,18,10,2.319
Crassostrea sikamea,19,,10,W,Tide,21,18,10,1.927
Crassostrea sikamea,19,,1,L,No Tide,15,18,10,2.771
Crassostrea sikamea,19,,1,W,No Tide,15,18,10,1.885
Crassostrea sikamea,19,,2,L,No Tide,15,18,10,3.01
Crassostrea sikamea,19,,2,W,No Tide,15,18,10,2.212
Crassostrea sikamea,19,,3,L,No Tide,15,18,10,2.767
Crassostrea sikamea,19,,3,W,No Tide,15,18,10,1.818
Crassostrea sikamea,19,,4,L,No Tide,15,18,10,2.74
Crassostrea sikamea,19,,4,W,No Tide,15,18,10,1.777
Crassostrea sikamea,19,,5,L,No Tide,15,18,10,2.912
Crassostrea sikamea,19,,5,W,No Tide,15,18,10,1.98
Crassostrea sikamea,19,,6,L,No Tide,15,18,10,2.912
Crassostrea sikamea,19,,6,W,No Tide,15,18,10,1.926
Crassostrea sikamea,19,,7,L,No Tide,15,18,10,2.515
Crassostrea sikamea,19,,7,W,No Tide,15,18,10,1.713
Crassostrea sikamea,19,,8,L,No Tide,15,18,10,2.209
Crassostrea sikamea,19,,8,W,No Tide,15,18,10,1.719
Crassostrea sikamea,19,,9,L,No Tide,15,18,10,2.997
Crassostrea sikamea,19,,9,W,No Tide,15,18,10,1.953
Crassostrea sikamea,19,,10,L,No Tide,15,18,10,2.726
Crassostrea sikamea,19,,10,W,No Tide,15,18,10,2.129
Crassostrea sikamea,19,,1,L,No Tide,21,18,10,3.313
Crassostrea sikamea,19,,1,W,No Tide,21,18,10,1.933
Crassostrea sikamea,19,,2,L,No Tide,21,18,10,2.675
Crassostrea sikamea,19,,2,W,No Tide,21,18,10,1.982
Crassostrea sikamea,19,,3,L,No Tide,21,18,10,2.784
Crassostrea sikamea,19,,3,W,No Tide,21,18,10,2.058
Crassostrea sikamea,19,,4,L,No Tide,21,18,10,2.62
Crassostrea sikamea,19,,4,W,No Tide,21,18,10,1.6
Crassostrea sikamea,19,,5,L,No Tide,21,18,10,2.536
Crassostrea sikamea,19,,5,W,No Tide,21,18,10,1.725
Crassostrea sikamea,19,,6,L,No Tide,21,18,10,3.037
Crassostrea sikamea,19,,6,W,No Tide,21,18,10,1.966
Crassostrea sikamea,19,,7,L,No Tide,21,18,10,2.829
Crassostrea sikamea,19,,7,W,No Tide,21,18,10,1.967
Crassostrea sikamea,19,,8,L,No Tide,21,18,10,2.659
Crassostrea sikamea,19,,8,W,No Tide,21,18,10,1.953
Crassostrea sikamea,19,,9,L,No Tide,21,18,10,2.555
Crassostrea sikamea,19,,9,W,No Tide,21,18,10,1.819
Crassostrea sikamea,19,,10,L,No Tide,21,18,10,NA
Crassostrea sikamea,19,,10,W,No Tide,21,18,10,NA
Crassostrea sikamea,19,,1,L,Tide,15,24,11,2.819
Crassostrea sikamea,19,,1,W,Tide,15,24,11,1.853
Crassostrea sikamea,19,,2,L,Tide,15,24,11,2.209
Crassostrea sikamea,19,,2,W,Tide,15,24,11,1.923
Crassostrea sikamea,19,,3,L,Tide,15,24,11,2.861
Crassostrea sikamea,19,,3,W,Tide,15,24,11,1.906
Crassostrea sikamea,19,,4,L,Tide,15,24,11,2.777
Crassostrea sikamea,19,,4,W,Tide,15,24,11,2.178
Crassostrea sikamea,19,,5,L,Tide,15,24,11,2.68
Crassostrea sikamea,19,,5,W,Tide,15,24,11,1.855
Crassostrea sikamea,19,,6,L,Tide,15,24,11,2.833
Crassostrea sikamea,19,,6,W,Tide,15,24,11,1.839
Crassostrea sikamea,19,,7,L,Tide,15,24,11,2.617
Crassostrea sikamea,19,,7,W,Tide,15,24,11,1.96
Crassostrea sikamea,19,,8,L,Tide,15,24,11,2.939
Crassostrea sikamea,19,,8,W,Tide,15,24,11,1.759
Crassostrea sikamea,19,,9,L,Tide,15,24,11,NA
Crassostrea sikamea,19,,9,W,Tide,15,24,11,NA
Crassostrea sikamea,19,,10,L,Tide,15,24,11,NA
Crassostrea sikamea,19,,10,W,Tide,15,24,11,NA
Crassostrea sikamea,19,,1,L,Tide,21,24,11,2.39
Crassostrea sikamea,19,,1,W,Tide,21,24,11,1.783
Crassostrea sikamea,19,,2,L,Tide,21,24,11,2.277
Crassostrea sikamea,19,,2,W,Tide,21,24,11,1.799
Crassostrea sikamea,19,,3,L,Tide,21,24,11,2.253
Crassostrea sikamea,19,,3,W,Tide,21,24,11,1.552
Crassostrea sikamea,19,,4,L,Tide,21,24,11,2.475
Crassostrea sikamea,19,,4,W,Tide,21,24,11,1.436
Crassostrea sikamea,19,,5,L,Tide,21,24,11,2.42
Crassostrea sikamea,19,,5,W,Tide,21,24,11,1.571
Crassostrea sikamea,19,,6,L,Tide,21,24,11,2.806
Crassostrea sikamea,19,,6,W,Tide,21,24,11,2.247
Crassostrea sikamea,19,,7,L,Tide,21,24,11,2.299
Crassostrea sikamea,19,,7,W,Tide,21,24,11,1.605
Crassostrea sikamea,19,,8,L,Tide,21,24,11,2.537
Crassostrea sikamea,19,,8,W,Tide,21,24,11,1.852
Crassostrea sikamea,19,,9,L,Tide,21,24,11,2.664
Crassostrea sikamea,19,,9,W,Tide,21,24,11,1.722
Crassostrea sikamea,19,,10,L,Tide,21,24,11,2.47
Crassostrea sikamea,19,,10,W,Tide,21,24,11,1.933
Crassostrea sikamea,19,,1,L,No Tide,15,24,11,2.654
Crassostrea sikamea,19,,1,W,No Tide,15,24,11,1.732
Crassostrea sikamea,19,,2,L,No Tide,15,24,11,3.306
Crassostrea sikamea,19,,2,W,No Tide,15,24,11,1.879
Crassostrea sikamea,19,,3,L,No Tide,15,24,11,2.043
Crassostrea sikamea,19,,3,W,No Tide,15,24,11,1.672
Crassostrea sikamea,19,,4,L,No Tide,15,24,11,2.496
Crassostrea sikamea,19,,4,W,No Tide,15,24,11,1.801
Crassostrea sikamea,19,,5,L,No Tide,15,24,11,2.969
Crassostrea sikamea,19,,5,W,No Tide,15,24,11,1.8
Crassostrea sikamea,19,,6,L,No Tide,15,24,11,3.007
Crassostrea sikamea,19,,6,W,No Tide,15,24,11,2.046
Crassostrea sikamea,19,,7,L,No Tide,15,24,11,2.66
Crassostrea sikamea,19,,7,W,No Tide,15,24,11,1.759
Crassostrea sikamea,19,,8,L,No Tide,15,24,11,2.724
Crassostrea sikamea,19,,8,W,No Tide,15,24,11,1.973
Crassostrea sikamea,19,,9,L,No Tide,15,24,11,2.508
Crassostrea sikamea,19,,9,W,No Tide,15,24,11,1.762
Crassostrea sikamea,19,,10,L,No Tide,15,24,11,2.457
Crassostrea sikamea,19,,10,W,No Tide,15,24,11,1.758
Crassostrea sikamea,19,,1,L,No Tide,21,24,11,2.48
Crassostrea sikamea,19,,1,W,No Tide,21,24,11,1.786
Crassostrea sikamea,19,,2,L,No Tide,21,24,11,2.993
Crassostrea sikamea,19,,2,W,No Tide,21,24,11,1.732
Crassostrea sikamea,19,,3,L,No Tide,21,24,11,2.927
Crassostrea sikamea,19,,3,W,No Tide,21,24,11,1.705
Crassostrea sikamea,19,,4,L,No Tide,21,24,11,3.387
Crassostrea sikamea,19,,4,W,No Tide,21,24,11,2.09
Crassostrea sikamea,19,,5,L,No Tide,21,24,11,2.794
Crassostrea sikamea,19,,5,W,No Tide,21,24,11,1.688
Crassostrea sikamea,19,,6,L,No Tide,21,24,11,2.514
Crassostrea sikamea,19,,6,W,No Tide,21,24,11,1.517
Crassostrea sikamea,19,,7,L,No Tide,21,24,11,2.967
Crassostrea sikamea,19,,7,W,No Tide,21,24,11,1.653
Crassostrea sikamea,19,,8,L,No Tide,21,24,11,2.285
Crassostrea sikamea,19,,8,W,No Tide,21,24,11,1.6
Crassostrea sikamea,19,,9,L,No Tide,21,24,11,2.659
Crassostrea sikamea,19,,9,W,No Tide,21,24,11,1.56
Crassostrea sikamea,19,,10,L,No Tide,21,24,11,3.428
Crassostrea sikamea,19,,10,W,No Tide,21,24,11,1.986
Crassostrea sikamea,19,,1,L,Tide,15,24,12,2.723
Crassostrea sikamea,19,,1,W,Tide,15,24,12,1.968
Crassostrea sikamea,19,,2,L,Tide,15,24,12,2.662
Crassostrea sikamea,19,,2,W,Tide,15,24,12,1.7
Crassostrea sikamea,19,,3,L,Tide,15,24,12,3.179
Crassostrea sikamea,19,,3,W,Tide,15,24,12,1.887
Crassostrea sikamea,19,,4,L,Tide,15,24,12,2.842
Crassostrea sikamea,19,,4,W,Tide,15,24,12,1.738
Crassostrea sikamea,19,,5,L,Tide,15,24,12,2.623
Crassostrea sikamea,19,,5,W,Tide,15,24,12,1.67
Crassostrea sikamea,19,,6,L,Tide,15,24,12,3.214
Crassostrea sikamea,19,,6,W,Tide,15,24,12,1.709
Crassostrea sikamea,19,,7,L,Tide,15,24,12,2.649
Crassostrea sikamea,19,,7,W,Tide,15,24,12,1.914
Crassostrea sikamea,19,,8,L,Tide,15,24,12,2.512
Crassostrea sikamea,19,,8,W,Tide,15,24,12,1.778
Crassostrea sikamea,19,,9,L,Tide,15,24,12,2.28
Crassostrea sikamea,19,,9,W,Tide,15,24,12,1.595
Crassostrea sikamea,19,,10,L,Tide,15,24,12,2.824
Crassostrea sikamea,19,,10,W,Tide,15,24,12,1.724
Crassostrea sikamea,19,,1,L,Tide,21,24,12,2.403
Crassostrea sikamea,19,,1,W,Tide,21,24,12,1.833
Crassostrea sikamea,19,,2,L,Tide,21,24,12,2.514
Crassostrea sikamea,19,,2,W,Tide,21,24,12,1.522
Crassostrea sikamea,19,,3,L,Tide,21,24,12,2.799
Crassostrea sikamea,19,,3,W,Tide,21,24,12,2.172
Crassostrea sikamea,19,,4,L,Tide,21,24,12,2.798
Crassostrea sikamea,19,,4,W,Tide,21,24,12,1.849
Crassostrea sikamea,19,,5,L,Tide,21,24,12,2.579
Crassostrea sikamea,19,,5,W,Tide,21,24,12,1.988
Crassostrea sikamea,19,,6,L,Tide,21,24,12,2.532
Crassostrea sikamea,19,,6,W,Tide,21,24,12,1.59
Crassostrea sikamea,19,,7,L,Tide,21,24,12,1.895
Crassostrea sikamea,19,,7,W,Tide,21,24,12,1.457
Crassostrea sikamea,19,,8,L,Tide,21,24,12,2.485
Crassostrea sikamea,19,,8,W,Tide,21,24,12,1.826
Crassostrea sikamea,19,,9,L,Tide,21,24,12,2.878
Crassostrea sikamea,19,,9,W,Tide,21,24,12,1.834
Crassostrea sikamea,19,,10,L,Tide,21,24,12,NA
Crassostrea sikamea,19,,10,W,Tide,21,24,12,NA
Crassostrea sikamea,19,,1,L,No Tide,15,24,12,3.084
Crassostrea sikamea,19,,1,W,No Tide,15,24,12,1.996
Crassostrea sikamea,19,,2,L,No Tide,15,24,12,2.97
Crassostrea sikamea,19,,2,W,No Tide,15,24,12,1.793
Crassostrea sikamea,19,,3,L,No Tide,15,24,12,2.87
Crassostrea sikamea,19,,3,W,No Tide,15,24,12,1.894
Crassostrea sikamea,19,,4,L,No Tide,15,24,12,2.908
Crassostrea sikamea,19,,4,W,No Tide,15,24,12,1.807
Crassostrea sikamea,19,,5,L,No Tide,15,24,12,2.547
Crassostrea sikamea,19,,5,W,No Tide,15,24,12,1.833
Crassostrea sikamea,19,,6,L,No Tide,15,24,12,2.518
Crassostrea sikamea,19,,6,W,No Tide,15,24,12,1.456
Crassostrea sikamea,19,,7,L,No Tide,15,24,12,2.742
Crassostrea sikamea,19,,7,W,No Tide,15,24,12,1.795
Crassostrea sikamea,19,,8,L,No Tide,15,24,12,2.672
Crassostrea sikamea,19,,8,W,No Tide,15,24,12,2.01
Crassostrea sikamea,19,,9,L,No Tide,15,24,12,2.888
Crassostrea sikamea,19,,9,W,No Tide,15,24,12,1.685
Crassostrea sikamea,19,,10,L,No Tide,15,24,12,2.878
Crassostrea sikamea,19,,10,W,No Tide,15,24,12,2.2
Crassostrea sikamea,19,,1,L,No Tide,21,24,12,3.031
Crassostrea sikamea,19,,1,W,No Tide,21,24,12,2.158
Crassostrea sikamea,19,,2,L,No Tide,21,24,12,3.057
Crassostrea sikamea,19,,2,W,No Tide,21,24,12,1.822
Crassostrea sikamea,19,,3,L,No Tide,21,24,12,2.692
Crassostrea sikamea,19,,3,W,No Tide,21,24,12,1.547
Crassostrea sikamea,19,,4,L,No Tide,21,24,12,2.905
Crassostrea sikamea,19,,4,W,No Tide,21,24,12,1.833
Crassostrea sikamea,19,,5,L,No Tide,21,24,12,2.403
Crassostrea sikamea,19,,5,W,No Tide,21,24,12,1.47
Crassostrea sikamea,19,,6,L,No Tide,21,24,12,2.711
Crassostrea sikamea,19,,6,W,No Tide,21,24,12,1.535
Crassostrea sikamea,19,,7,L,No Tide,21,24,12,2.514
Crassostrea sikamea,19,,7,W,No Tide,21,24,12,1.905
Crassostrea sikamea,19,,8,L,No Tide,21,24,12,2.674
Crassostrea sikamea,19,,8,W,No Tide,21,24,12,1.547
Crassostrea sikamea,19,,9,L,No Tide,21,24,12,2.639
Crassostrea sikamea,19,,9,W,No Tide,21,24,12,1.778
Crassostrea sikamea,19,,10,L,No Tide,21,24,12,NA
Crassostrea sikamea,19,,10,W,No Tide,21,24,12,NA
Crassostrea sikamea,19,,1,L,Tide,15,24,13,2.501
Crassostrea sikamea,19,,1,W,Tide,15,24,13,1.891
Crassostrea sikamea,19,,2,L,Tide,15,24,13,2.643
Crassostrea sikamea,19,,2,W,Tide,15,24,13,1.797
Crassostrea sikamea,19,,3,L,Tide,15,24,13,2.435
Crassostrea sikamea,19,,3,W,Tide,15,24,13,1.81
Crassostrea sikamea,19,,4,L,Tide,15,24,13,2.599
Crassostrea sikamea,19,,4,W,Tide,15,24,13,1.538
Crassostrea sikamea,19,,5,L,Tide,15,24,13,2.136
Crassostrea sikamea,19,,5,W,Tide,15,24,13,1.959
Crassostrea sikamea,19,,6,L,Tide,15,24,13,2.272
Crassostrea sikamea,19,,6,W,Tide,15,24,13,2.138
Crassostrea sikamea,19,,7,L,Tide,15,24,13,2.346
Crassostrea sikamea,19,,7,W,Tide,15,24,13,1.932
Crassostrea sikamea,19,,8,L,Tide,15,24,13,2.544
Crassostrea sikamea,19,,8,W,Tide,15,24,13,1.932
Crassostrea sikamea,19,,9,L,Tide,15,24,13,2.65
Crassostrea sikamea,19,,9,W,Tide,15,24,13,1.919
Crassostrea sikamea,19,,10,L,Tide,15,24,13,NA
Crassostrea sikamea,19,,10,W,Tide,15,24,13,NA
Crassostrea sikamea,19,,1,L,Tide,21,24,13,2.857
Crassostrea sikamea,19,,1,W,Tide,21,24,13,1.878
Crassostrea sikamea,19,,2,L,Tide,21,24,13,2.558
Crassostrea sikamea,19,,2,W,Tide,21,24,13,1.606
Crassostrea sikamea,19,,3,L,Tide,21,24,13,2.75
Crassostrea sikamea,19,,3,W,Tide,21,24,13,1.853
Crassostrea sikamea,19,,4,L,Tide,21,24,13,2.789
Crassostrea sikamea,19,,4,W,Tide,21,24,13,1.646
Crassostrea sikamea,19,,5,L,Tide,21,24,13,2.901
Crassostrea sikamea,19,,5,W,Tide,21,24,13,1.892
Crassostrea sikamea,19,,6,L,Tide,21,24,13,2.681
Crassostrea sikamea,19,,6,W,Tide,21,24,13,1.634
Crassostrea sikamea,19,,7,L,Tide,21,24,13,2.57
Crassostrea sikamea,19,,7,W,Tide,21,24,13,1.741
Crassostrea sikamea,19,,8,L,Tide,21,24,13,2.695
Crassostrea sikamea,19,,8,W,Tide,21,24,13,1.823
Crassostrea sikamea,19,,9,L,Tide,21,24,13,2.817
Crassostrea sikamea,19,,9,W,Tide,21,24,13,1.897
Crassostrea sikamea,19,,10,L,Tide,21,24,13,2.395
Crassostrea sikamea,19,,10,W,Tide,21,24,13,1.715
Crassostrea sikamea,19,,1,L,No Tide,15,24,13,2.685
Crassostrea sikamea,19,,1,W,No Tide,15,24,13,2.176
Crassostrea sikamea,19,,2,L,No Tide,15,24,13,2.899
Crassostrea sikamea,19,,2,W,No Tide,15,24,13,1.937
Crassostrea sikamea,19,,3,L,No Tide,15,24,13,2.818
Crassostrea sikamea,19,,3,W,No Tide,15,24,13,1.741
Crassostrea sikamea,19,,4,L,No Tide,15,24,13,2.996
Crassostrea sikamea,19,,4,W,No Tide,15,24,13,1.782
Crassostrea sikamea,19,,5,L,No Tide,15,24,13,3.036
Crassostrea sikamea,19,,5,W,No Tide,15,24,13,1.92
Crassostrea sikamea,19,,6,L,No Tide,15,24,13,2.773
Crassostrea sikamea,19,,6,W,No Tide,15,24,13,1.868
Crassostrea sikamea,19,,7,L,No Tide,15,24,13,2.339
Crassostrea sikamea,19,,7,W,No Tide,15,24,13,1.579
Crassostrea sikamea,19,,8,L,No Tide,15,24,13,2.871
Crassostrea sikamea,19,,8,W,No Tide,15,24,13,1.963
Crassostrea sikamea,19,,9,L,No Tide,15,24,13,2.315
Crassostrea sikamea,19,,9,W,No Tide,15,24,13,2.01
Crassostrea sikamea,19,,10,L,No Tide,15,24,13,2.368
Crassostrea sikamea,19,,10,W,No Tide,15,24,13,1.703
Crassostrea sikamea,19,,1,L,No Tide,21,24,13,2.6
Crassostrea sikamea,19,,1,W,No Tide,21,24,13,1.694
Crassostrea sikamea,19,,2,L,No Tide,21,24,13,2.904
Crassostrea sikamea,19,,2,W,No Tide,21,24,13,1.953
Crassostrea sikamea,19,,3,L,No Tide,21,24,13,2.802
Crassostrea sikamea,19,,3,W,No Tide,21,24,13,1.605
Crassostrea sikamea,19,,4,L,No Tide,21,24,13,3.144
Crassostrea sikamea,19,,4,W,No Tide,21,24,13,1.906
Crassostrea sikamea,19,,5,L,No Tide,21,24,13,3.168
Crassostrea sikamea,19,,5,W,No Tide,21,24,13,1.851
Crassostrea sikamea,19,,6,L,No Tide,21,24,13,2.995
Crassostrea sikamea,19,,6,W,No Tide,21,24,13,1.81
Crassostrea sikamea,19,,7,L,No Tide,21,24,13,2.804
Crassostrea sikamea,19,,7,W,No Tide,21,24,13,1.783
Crassostrea sikamea,19,,8,L,No Tide,21,24,13,3.21
Crassostrea sikamea,19,,8,W,No Tide,21,24,13,1.946
Crassostrea sikamea,19,,9,L,No Tide,21,24,13,3.08
Crassostrea sikamea,19,,9,W,No Tide,21,24,13,1.895
Crassostrea sikamea,19,,10,L,No Tide,21,24,13,2.537
Crassostrea sikamea,19,,10,W,No Tide,21,24,13,1.973
Crassostrea sikamea,19,,1,L,Tide,15,24,14,2.571
Crassostrea sikamea,19,,1,W,Tide,15,24,14,1.829
Crassostrea sikamea,19,,2,L,Tide,15,24,14,2.851
Crassostrea sikamea,19,,2,W,Tide,15,24,14,2.006
Crassostrea sikamea,19,,3,L,Tide,15,24,14,2.348
Crassostrea sikamea,19,,3,W,Tide,15,24,14,1.826
Crassostrea sikamea,19,,4,L,Tide,15,24,14,2.663
Crassostrea sikamea,19,,4,W,Tide,15,24,14,1.949
Crassostrea sikamea,19,,5,L,Tide,15,24,14,2.744
Crassostrea sikamea,19,,5,W,Tide,15,24,14,1.912
Crassostrea sikamea,19,,6,L,Tide,15,24,14,2.979
Crassostrea sikamea,19,,6,W,Tide,15,24,14,2.142
Crassostrea sikamea,19,,7,L,Tide,15,24,14,2.432
Crassostrea sikamea,19,,7,W,Tide,15,24,14,1.75
Crassostrea sikamea,19,,8,L,Tide,15,24,14,2.954
Crassostrea sikamea,19,,8,W,Tide,15,24,14,1.98
Crassostrea sikamea,19,,9,L,Tide,15,24,14,2.703
Crassostrea sikamea,19,,9,W,Tide,15,24,14,1.702
Crassostrea sikamea,19,,10,L,Tide,15,24,14,2.284
Crassostrea sikamea,19,,10,W,Tide,15,24,14,1.79
Crassostrea sikamea,19,,1,L,Tide,21,24,14,3.241
Crassostrea sikamea,19,,1,W,Tide,21,24,14,1.924
Crassostrea sikamea,19,,2,L,Tide,21,24,14,3.068
Crassostrea sikamea,19,,2,W,Tide,21,24,14,2.1
Crassostrea sikamea,19,,3,L,Tide,21,24,14,2.924
Crassostrea sikamea,19,,3,W,Tide,21,24,14,2.006
Crassostrea sikamea,19,,4,L,Tide,21,24,14,3.147
Crassostrea sikamea,19,,4,W,Tide,21,24,14,2.007
Crassostrea sikamea,19,,5,L,Tide,21,24,14,2.869
Crassostrea sikamea,19,,5,W,Tide,21,24,14,1.867
Crassostrea sikamea,19,,6,L,Tide,21,24,14,2.761
Crassostrea sikamea,19,,6,W,Tide,21,24,14,2.224
Crassostrea sikamea,19,,7,L,Tide,21,24,14,2.919
Crassostrea sikamea,19,,7,W,Tide,21,24,14,1.87
Crassostrea sikamea,19,,8,L,Tide,21,24,14,2.8
Crassostrea sikamea,19,,8,W,Tide,21,24,14,1.895
Crassostrea sikamea,19,,9,L,Tide,21,24,14,2.499
Crassostrea sikamea,19,,9,W,Tide,21,24,14,1.785
Crassostrea sikamea,19,,10,L,Tide,21,24,14,2.225
Crassostrea sikamea,19,,10,W,Tide,21,24,14,1.497
Crassostrea sikamea,19,,1,L,No Tide,15,24,14,2.824
Crassostrea sikamea,19,,1,W,No Tide,15,24,14,1.909
Crassostrea sikamea,19,,2,L,No Tide,15,24,14,2.692
Crassostrea sikamea,19,,2,W,No Tide,15,24,14,1.799
Crassostrea sikamea,19,,3,L,No Tide,15,24,14,2.997
Crassostrea sikamea,19,,3,W,No Tide,15,24,14,1.833
Crassostrea sikamea,19,,4,L,No Tide,15,24,14,3.215
Crassostrea sikamea,19,,4,W,No Tide,15,24,14,1.979
Crassostrea sikamea,19,,5,L,No Tide,15,24,14,2.551
Crassostrea sikamea,19,,5,W,No Tide,15,24,14,1.737
Crassostrea sikamea,19,,6,L,No Tide,15,24,14,3.143
Crassostrea sikamea,19,,6,W,No Tide,15,24,14,2.142
Crassostrea sikamea,19,,7,L,No Tide,15,24,14,2.665
Crassostrea sikamea,19,,7,W,No Tide,15,24,14,1.908
Crassostrea sikamea,19,,8,L,No Tide,15,24,14,2.571
Crassostrea sikamea,19,,8,W,No Tide,15,24,14,1.867
Crassostrea sikamea,19,,9,L,No Tide,15,24,14,2.408
Crassostrea sikamea,19,,9,W,No Tide,15,24,14,1.584
Crassostrea sikamea,19,,10,L,No Tide,15,24,14,2.81
Crassostrea sikamea,19,,10,W,No Tide,15,24,14,1.778
Crassostrea sikamea,19,,1,L,No Tide,21,24,14,2.715
Crassostrea sikamea,19,,1,W,No Tide,21,24,14,1.586
Crassostrea sikamea,19,,2,L,No Tide,21,24,14,3.185
Crassostrea sikamea,19,,2,W,No Tide,21,24,14,2.032
Crassostrea sikamea,19,,3,L,No Tide,21,24,14,3.125
Crassostrea sikamea,19,,3,W,No Tide,21,24,14,2.174
Crassostrea sikamea,19,,4,L,No Tide,21,24,14,3.319
Crassostrea sikamea,19,,4,W,No Tide,21,24,14,1.904
Crassostrea sikamea,19,,5,L,No Tide,21,24,14,3.185
Crassostrea sikamea,19,,5,W,No Tide,21,24,14,1.827
Crassostrea sikamea,19,,6,L,No Tide,21,24,14,3.034
Crassostrea sikamea,19,,6,W,No Tide,21,24,14,2.018
Crassostrea sikamea,19,,7,L,No Tide,21,24,14,3.112
Crassostrea sikamea,19,,7,W,No Tide,21,24,14,1.936
Crassostrea sikamea,19,,8,L,No Tide,21,24,14,2.485
Crassostrea sikamea,19,,8,W,No Tide,21,24,14,1.621
Crassostrea sikamea,19,,9,L,No Tide,21,24,14,2.453
Crassostrea sikamea,19,,9,W,No Tide,21,24,14,1.442
Crassostrea sikamea,19,,10,L,No Tide,21,24,14,2.554
Crassostrea sikamea,19,,10,W,No Tide,21,24,14,1.597
Crassostrea sikamea,19,,1,L,Tide,15,24,15,2.671
Crassostrea sikamea,19,,1,W,Tide,15,24,15,1.732
Crassostrea sikamea,19,,2,L,Tide,15,24,15,2.718
Crassostrea sikamea,19,,2,W,Tide,15,24,15,1.71
Crassostrea sikamea,19,,3,L,Tide,15,24,15,2.064
Crassostrea sikamea,19,,3,W,Tide,15,24,15,1.46
Crassostrea sikamea,19,,4,L,Tide,15,24,15,2.964
Crassostrea sikamea,19,,4,W,Tide,15,24,15,1.816
Crassostrea sikamea,19,,5,L,Tide,15,24,15,2.265
Crassostrea sikamea,19,,5,W,Tide,15,24,15,1.687
Crassostrea sikamea,19,,6,L,Tide,15,24,15,2.355
Crassostrea sikamea,19,,6,W,Tide,15,24,15,1.735
Crassostrea sikamea,19,,7,L,Tide,15,24,15,2.584
Crassostrea sikamea,19,,7,W,Tide,15,24,15,1.871
Crassostrea sikamea,19,,8,L,Tide,15,24,15,2.648
Crassostrea sikamea,19,,8,W,Tide,15,24,15,1.842
Crassostrea sikamea,19,,9,L,Tide,15,24,15,2.452
Crassostrea sikamea,19,,9,W,Tide,15,24,15,1.847
Crassostrea sikamea,19,,10,L,Tide,15,24,15,2.515
Crassostrea sikamea,19,,10,W,Tide,15,24,15,1.806
Crassostrea sikamea,19,,1,L,Tide,21,24,15,2.277
Crassostrea sikamea,19,,1,W,Tide,21,24,15,1.599
Crassostrea sikamea,19,,2,L,Tide,21,24,15,2.622
Crassostrea sikamea,19,,2,W,Tide,21,24,15,1.455
Crassostrea sikamea,19,,3,L,Tide,21,24,15,2.216
Crassostrea sikamea,19,,3,W,Tide,21,24,15,2.056
Crassostrea sikamea,19,,4,L,Tide,21,24,15,2.388
Crassostrea sikamea,19,,4,W,Tide,21,24,15,1.979
Crassostrea sikamea,19,,5,L,Tide,21,24,15,2.652
Crassostrea sikamea,19,,5,W,Tide,21,24,15,1.752
Crassostrea sikamea,19,,6,L,Tide,21,24,15,2.838
Crassostrea sikamea,19,,6,W,Tide,21,24,15,1.907
Crassostrea sikamea,19,,7,L,Tide,21,24,15,2.584
Crassostrea sikamea,19,,7,W,Tide,21,24,15,1.996
Crassostrea sikamea,19,,8,L,Tide,21,24,15,2.478
Crassostrea sikamea,19,,8,W,Tide,21,24,15,2.078
Crassostrea sikamea,19,,9,L,Tide,21,24,15,2.53
Crassostrea sikamea,19,,9,W,Tide,21,24,15,1.698
Crassostrea sikamea,19,,10,L,Tide,21,24,15,NA
Crassostrea sikamea,19,,10,W,Tide,21,24,15,NA
Crassostrea sikamea,19,,1,L,No Tide,15,24,15,3.323
Crassostrea sikamea,19,,1,W,No Tide,15,24,15,2.053
Crassostrea sikamea,19,,2,L,No Tide,15,24,15,2.647
Crassostrea sikamea,19,,2,W,No Tide,15,24,15,1.803
Crassostrea sikamea,19,,3,L,No Tide,15,24,15,2.635
Crassostrea sikamea,19,,3,W,No Tide,15,24,15,2.173
Crassostrea sikamea,19,,4,L,No Tide,15,24,15,2.532
Crassostrea sikamea,19,,4,W,No Tide,15,24,15,1.725
Crassostrea sikamea,19,,5,L,No Tide,15,24,15,2.883
Crassostrea sikamea,19,,5,W,No Tide,15,24,15,1.891
Crassostrea sikamea,19,,6,L,No Tide,15,24,15,2.333
Crassostrea sikamea,19,,6,W,No Tide,15,24,15,1.607
Crassostrea sikamea,19,,7,L,No Tide,15,24,15,3.248
Crassostrea sikamea,19,,7,W,No Tide,15,24,15,2.013
Crassostrea sikamea,19,,8,L,No Tide,15,24,15,2.801
Crassostrea sikamea,19,,8,W,No Tide,15,24,15,1.768
Crassostrea sikamea,19,,9,L,No Tide,15,24,15,2.505
Crassostrea sikamea,19,,9,W,No Tide,15,24,15,1.814
Crassostrea sikamea,19,,10,L,No Tide,15,24,15,2.851
Crassostrea sikamea,19,,10,W,No Tide,15,24,15,1.834
Crassostrea sikamea,19,,1,L,No Tide,21,24,15,2.907
Crassostrea sikamea,19,,1,W,No Tide,21,24,15,1.811
Crassostrea sikamea,19,,2,L,No Tide,21,24,15,2.556
Crassostrea sikamea,19,,2,W,No Tide,21,24,15,1.637
Crassostrea sikamea,19,,3,L,No Tide,21,24,15,2.726
Crassostrea sikamea,19,,3,W,No Tide,21,24,15,1.864
Crassostrea sikamea,19,,4,L,No Tide,21,24,15,2.673
Crassostrea sikamea,19,,4,W,No Tide,21,24,15,1.731
Crassostrea sikamea,19,,5,L,No Tide,21,24,15,2.46
Crassostrea sikamea,19,,5,W,No Tide,21,24,15,1.807
Crassostrea sikamea,19,,6,L,No Tide,21,24,15,3.017
Crassostrea sikamea,19,,6,W,No Tide,21,24,15,1.794
Crassostrea sikamea,19,,7,L,No Tide,21,24,15,2.434
Crassostrea sikamea,19,,7,W,No Tide,21,24,15,1.768
Crassostrea sikamea,19,,8,L,No Tide,21,24,15,2.35
Crassostrea sikamea,19,,8,W,No Tide,21,24,15,1.576
Crassostrea sikamea,19,,9,L,No Tide,21,24,15,2.934
Crassostrea sikamea,19,,9,W,No Tide,21,24,15,1.956
Crassostrea sikamea,19,,10,L,No Tide,21,24,15,2.763
Crassostrea sikamea,19,,10,W,No Tide,21,24,15,1.698
Crassostrea sikamea,19,,1,L,Tide,15,21,16,2.516
Crassostrea sikamea,19,,1,W,Tide,15,21,16,2.093
Crassostrea sikamea,19,,2,L,Tide,15,21,16,3.008
Crassostrea sikamea,19,,2,W,Tide,15,21,16,1.827
Crassostrea sikamea,19,,3,L,Tide,15,21,16,2.518
Crassostrea sikamea,19,,3,W,Tide,15,21,16,1.708
Crassostrea sikamea,19,,4,L,Tide,15,21,16,3.01
Crassostrea sikamea,19,,4,W,Tide,15,21,16,1.758
Crassostrea sikamea,19,,5,L,Tide,15,21,16,2.953
Crassostrea sikamea,19,,5,W,Tide,15,21,16,1.807
Crassostrea sikamea,19,,6,L,Tide,15,21,16,3.117
Crassostrea sikamea,19,,6,W,Tide,15,21,16,1.709
Crassostrea sikamea,19,,7,L,Tide,15,21,16,2.815
Crassostrea sikamea,19,,7,W,Tide,15,21,16,2.162
Crassostrea sikamea,19,,8,L,Tide,15,21,16,2.389
Crassostrea sikamea,19,,8,W,Tide,15,21,16,1.595
Crassostrea sikamea,19,,9,L,Tide,15,21,16,2.484
Crassostrea sikamea,19,,9,W,Tide,15,21,16,1.643
Crassostrea sikamea,19,,10,L,Tide,15,21,16,2.339
Crassostrea sikamea,19,,10,W,Tide,15,21,16,1.701
Crassostrea sikamea,19,,1,L,Tide,21,21,16,3.137
Crassostrea sikamea,19,,1,W,Tide,21,21,16,1.995
Crassostrea sikamea,19,,2,L,Tide,21,21,16,2.769
Crassostrea sikamea,19,,2,W,Tide,21,21,16,1.756
Crassostrea sikamea,19,,3,L,Tide,21,21,16,2.618
Crassostrea sikamea,19,,3,W,Tide,21,21,16,1.791
Crassostrea sikamea,19,,4,L,Tide,21,21,16,2.334
Crassostrea sikamea,19,,4,W,Tide,21,21,16,1.655
Crassostrea sikamea,19,,5,L,Tide,21,21,16,3.049
Crassostrea sikamea,19,,5,W,Tide,21,21,16,1.832
Crassostrea sikamea,19,,6,L,Tide,21,21,16,2.392
Crassostrea sikamea,19,,6,W,Tide,21,21,16,1.695
Crassostrea sikamea,19,,7,L,Tide,21,21,16,2.94
Crassostrea sikamea,19,,7,W,Tide,21,21,16,1.873
Crassostrea sikamea,19,,8,L,Tide,21,21,16,2.434
Crassostrea sikamea,19,,8,W,Tide,21,21,16,1.737
Crassostrea sikamea,19,,9,L,Tide,21,21,16,NA
Crassostrea sikamea,19,,9,W,Tide,21,21,16,NA
Crassostrea sikamea,19,,10,L,Tide,21,21,16,NA
Crassostrea sikamea,19,,10,W,Tide,21,21,16,NA
Crassostrea sikamea,19,,1,L,No Tide,15,21,16,3.365
Crassostrea sikamea,19,,1,W,No Tide,15,21,16,2.027
Crassostrea sikamea,19,,2,L,No Tide,15,21,16,2.473
Crassostrea sikamea,19,,2,W,No Tide,15,21,16,1.794
Crassostrea sikamea,19,,3,L,No Tide,15,21,16,3.278
Crassostrea sikamea,19,,3,W,No Tide,15,21,16,2.067
Crassostrea sikamea,19,,4,L,No Tide,15,21,16,3.35
Crassostrea sikamea,19,,4,W,No Tide,15,21,16,1.823
Crassostrea sikamea,19,,5,L,No Tide,15,21,16,2.933
Crassostrea sikamea,19,,5,W,No Tide,15,21,16,1.972
Crassostrea sikamea,19,,6,L,No Tide,15,21,16,2.68
Crassostrea sikamea,19,,6,W,No Tide,15,21,16,1.806
Crassostrea sikamea,19,,7,L,No Tide,15,21,16,2.945
Crassostrea sikamea,19,,7,W,No Tide,15,21,16,1.919
Crassostrea sikamea,19,,8,L,No Tide,15,21,16,2.598
Crassostrea sikamea,19,,8,W,No Tide,15,21,16,1.709
Crassostrea sikamea,19,,9,L,No Tide,15,21,16,3.158
Crassostrea sikamea,19,,9,W,No Tide,15,21,16,2.003
Crassostrea sikamea,19,,10,L,No Tide,15,21,16,2.476
Crassostrea sikamea,19,,10,W,No Tide,15,21,16,1.586
Crassostrea sikamea,19,,1,L,No Tide,21,21,16,2.982
Crassostrea sikamea,19,,1,W,No Tide,21,21,16,2.202
Crassostrea sikamea,19,,2,L,No Tide,21,21,16,3.117
Crassostrea sikamea,19,,2,W,No Tide,21,21,16,2.14
Crassostrea sikamea,19,,3,L,No Tide,21,21,16,2.751
Crassostrea sikamea,19,,3,W,No Tide,21,21,16,1.586
Crassostrea sikamea,19,,4,L,No Tide,21,21,16,3.295
Crassostrea sikamea,19,,4,W,No Tide,21,21,16,2.037
Crassostrea sikamea,19,,5,L,No Tide,21,21,16,2.752
Crassostrea sikamea,19,,5,W,No Tide,21,21,16,1.791
Crassostrea sikamea,19,,6,L,No Tide,21,21,16,3.281
Crassostrea sikamea,19,,6,W,No Tide,21,21,16,2.119
Crassostrea sikamea,19,,7,L,No Tide,21,21,16,3.064
Crassostrea sikamea,19,,7,W,No Tide,21,21,16,2.162
Crassostrea sikamea,19,,8,L,No Tide,21,21,16,3.186
Crassostrea sikamea,19,,8,W,No Tide,21,21,16,1.887
Crassostrea sikamea,19,,9,L,No Tide,21,21,16,2.953
Crassostrea sikamea,19,,9,W,No Tide,21,21,16,1.627
Crassostrea sikamea,19,,10,L,No Tide,21,21,16,2.598
Crassostrea sikamea,19,,10,W,No Tide,21,21,16,1.819
Crassostrea sikamea,19,,1,L,Tide,15,21,17,2.46
Crassostrea sikamea,19,,1,W,Tide,15,21,17,1.879
Crassostrea sikamea,19,,2,L,Tide,15,21,17,2.691
Crassostrea sikamea,19,,2,W,Tide,15,21,17,1.711
Crassostrea sikamea,19,,3,L,Tide,15,21,17,2.7
Crassostrea sikamea,19,,3,W,Tide,15,21,17,1.639
Crassostrea sikamea,19,,4,L,Tide,15,21,17,2.655
Crassostrea sikamea,19,,4,W,Tide,15,21,17,1.607
Crassostrea sikamea,19,,5,L,Tide,15,21,17,3.001
Crassostrea sikamea,19,,5,W,Tide,15,21,17,2.282
Crassostrea sikamea,19,,6,L,Tide,15,21,17,2.702
Crassostrea sikamea,19,,6,W,Tide,15,21,17,1.987
Crassostrea sikamea,19,,7,L,Tide,15,21,17,3.106
Crassostrea sikamea,19,,7,W,Tide,15,21,17,1.823
Crassostrea sikamea,19,,8,L,Tide,15,21,17,2.422
Crassostrea sikamea,19,,8,W,Tide,15,21,17,1.539
Crassostrea sikamea,19,,9,L,Tide,15,21,17,2.944
Crassostrea sikamea,19,,9,W,Tide,15,21,17,1.852
Crassostrea sikamea,19,,10,L,Tide,15,21,17,2.696
Crassostrea sikamea,19,,10,W,Tide,15,21,17,1.853
Crassostrea sikamea,19,,1,L,Tide,21,21,17,2.73
Crassostrea sikamea,19,,1,W,Tide,21,21,17,1.914
Crassostrea sikamea,19,,2,L,Tide,21,21,17,3.315
Crassostrea sikamea,19,,2,W,Tide,21,21,17,2.119
Crassostrea sikamea,19,,3,L,Tide,21,21,17,2.752
Crassostrea sikamea,19,,3,W,Tide,21,21,17,2.018
Crassostrea sikamea,19,,4,L,Tide,21,21,17,2.675
Crassostrea sikamea,19,,4,W,Tide,21,21,17,2.097
Crassostrea sikamea,19,,5,L,Tide,21,21,17,2.722
Crassostrea sikamea,19,,5,W,Tide,21,21,17,1.839
Crassostrea sikamea,19,,6,L,Tide,21,21,17,3.204
Crassostrea sikamea,19,,6,W,Tide,21,21,17,2.089
Crassostrea sikamea,19,,7,L,Tide,21,21,17,3.04
Crassostrea sikamea,19,,7,W,Tide,21,21,17,1.999
Crassostrea sikamea,19,,8,L,Tide,21,21,17,2.823
Crassostrea sikamea,19,,8,W,Tide,21,21,17,1.885
Crassostrea sikamea,19,,9,L,Tide,21,21,17,2.642
Crassostrea sikamea,19,,9,W,Tide,21,21,17,1.701
Crassostrea sikamea,19,,10,L,Tide,21,21,17,NA
Crassostrea sikamea,19,,10,W,Tide,21,21,17,NA
Crassostrea sikamea,19,,1,L,No Tide,15,21,17,3.309
Crassostrea sikamea,19,,1,W,No Tide,15,21,17,2.013
Crassostrea sikamea,19,,2,L,No Tide,15,21,17,2.719
Crassostrea sikamea,19,,2,W,No Tide,15,21,17,1.687
Crassostrea sikamea,19,,3,L,No Tide,15,21,17,2.485
Crassostrea sikamea,19,,3,W,No Tide,15,21,17,1.661
Crassostrea sikamea,19,,4,L,No Tide,15,21,17,2.847
Crassostrea sikamea,19,,4,W,No Tide,15,21,17,1.742
Crassostrea sikamea,19,,5,L,No Tide,15,21,17,2.89
Crassostrea sikamea,19,,5,W,No Tide,15,21,17,1.91
Crassostrea sikamea,19,,6,L,No Tide,15,21,17,3.175
Crassostrea sikamea,19,,6,W,No Tide,15,21,17,1.891
Crassostrea sikamea,19,,7,L,No Tide,15,21,17,3.026
Crassostrea sikamea,19,,7,W,No Tide,15,21,17,2.134
Crassostrea sikamea,19,,8,L,No Tide,15,21,17,2.466
Crassostrea sikamea,19,,8,W,No Tide,15,21,17,1.729
Crassostrea sikamea,19,,9,L,No Tide,15,21,17,2.559
Crassostrea sikamea,19,,9,W,No Tide,15,21,17,1.773
Crassostrea sikamea,19,,10,L,No Tide,15,21,17,3.324
Crassostrea sikamea,19,,10,W,No Tide,15,21,17,1.864
Crassostrea sikamea,19,,1,L,No Tide,21,21,17,2.302
Crassostrea sikamea,19,,1,W,No Tide,21,21,17,1.769
Crassostrea sikamea,19,,2,L,No Tide,21,21,17,2.593
Crassostrea sikamea,19,,2,W,No Tide,21,21,17,1.757
Crassostrea sikamea,19,,3,L,No Tide,21,21,17,2.795
Crassostrea sikamea,19,,3,W,No Tide,21,21,17,1.769
Crassostrea sikamea,19,,4,L,No Tide,21,21,17,2.674
Crassostrea sikamea,19,,4,W,No Tide,21,21,17,1.607
Crassostrea sikamea,19,,5,L,No Tide,21,21,17,2.543
Crassostrea sikamea,19,,5,W,No Tide,21,21,17,1.877
Crassostrea sikamea,19,,6,L,No Tide,21,21,17,2.922
Crassostrea sikamea,19,,6,W,No Tide,21,21,17,1.743
Crassostrea sikamea,19,,7,L,No Tide,21,21,17,2.487
Crassostrea sikamea,19,,7,W,No Tide,21,21,17,1.567
Crassostrea sikamea,19,,8,L,No Tide,21,21,17,2.984
Crassostrea sikamea,19,,8,W,No Tide,21,21,17,2.104
Crassostrea sikamea,19,,9,L,No Tide,21,21,17,2.87
Crassostrea sikamea,19,,9,W,No Tide,21,21,17,1.823
Crassostrea sikamea,19,,10,L,No Tide,21,21,17,NA
Crassostrea sikamea,19,,10,W,No Tide,21,21,17,NA
Crassostrea sikamea,19,,1,L,Tide,15,21,18,2.65
Crassostrea sikamea,19,,1,W,Tide,15,21,18,1.805
Crassostrea sikamea,19,,2,L,Tide,15,21,18,3.226
Crassostrea sikamea,19,,2,W,Tide,15,21,18,2.052
Crassostrea sikamea,19,,3,L,Tide,15,21,18,2.541
Crassostrea sikamea,19,,3,W,Tide,15,21,18,1.64
Crassostrea sikamea,19,,4,L,Tide,15,21,18,2.255
Crassostrea sikamea,19,,4,W,Tide,15,21,18,1.966
Crassostrea sikamea,19,,5,L,Tide,15,21,18,2.69
Crassostrea sikamea,19,,5,W,Tide,15,21,18,1.857
Crassostrea sikamea,19,,6,L,Tide,15,21,18,2.394
Crassostrea sikamea,19,,6,W,Tide,15,21,18,1.747
Crassostrea sikamea,19,,7,L,Tide,15,21,18,2.676
Crassostrea sikamea,19,,7,W,Tide,15,21,18,1.748
Crassostrea sikamea,19,,8,L,Tide,15,21,18,2.587
Crassostrea sikamea,19,,8,W,Tide,15,21,18,1.713
Crassostrea sikamea,19,,9,L,Tide,15,21,18,2.599
Crassostrea sikamea,19,,9,W,Tide,15,21,18,1.766
Crassostrea sikamea,19,,10,L,Tide,15,21,18,NA
Crassostrea sikamea,19,,10,W,Tide,15,21,18,NA
Crassostrea sikamea,19,,1,L,Tide,21,21,18,2.177
Crassostrea sikamea,19,,1,W,Tide,21,21,18,1.491
Crassostrea sikamea,19,,2,L,Tide,21,21,18,3.253
Crassostrea sikamea,19,,2,W,Tide,21,21,18,2.077
Crassostrea sikamea,19,,3,L,Tide,21,21,18,2.367
Crassostrea sikamea,19,,3,W,Tide,21,21,18,1.993
Crassostrea sikamea,19,,4,L,Tide,21,21,18,2.939
Crassostrea sikamea,19,,4,W,Tide,21,21,18,1.953
Crassostrea sikamea,19,,5,L,Tide,21,21,18,2.894
Crassostrea sikamea,19,,5,W,Tide,21,21,18,1.952
Crassostrea sikamea,19,,6,L,Tide,21,21,18,2.841
Crassostrea sikamea,19,,6,W,Tide,21,21,18,1.843
Crassostrea sikamea,19,,7,L,Tide,21,21,18,2.938
Crassostrea sikamea,19,,7,W,Tide,21,21,18,1.735
Crassostrea sikamea,19,,8,L,Tide,21,21,18,2.921
Crassostrea sikamea,19,,8,W,Tide,21,21,18,1.87
Crassostrea sikamea,19,,9,L,Tide,21,21,18,NA
Crassostrea sikamea,19,,9,W,Tide,21,21,18,NA
Crassostrea sikamea,19,,10,L,Tide,21,21,18,NA
Crassostrea sikamea,19,,10,W,Tide,21,21,18,NA
Crassostrea sikamea,19,,1,L,No Tide,15,21,18,2.137
Crassostrea sikamea,19,,1,W,No Tide,15,21,18,1.597
Crassostrea sikamea,19,,2,L,No Tide,15,21,18,2.6
Crassostrea sikamea,19,,2,W,No Tide,15,21,18,1.694
Crassostrea sikamea,19,,3,L,No Tide,15,21,18,2.983
Crassostrea sikamea,19,,3,W,No Tide,15,21,18,1.885
Crassostrea sikamea,19,,4,L,No Tide,15,21,18,2.95
Crassostrea sikamea,19,,4,W,No Tide,15,21,18,1.625
Crassostrea sikamea,19,,5,L,No Tide,15,21,18,3.156
Crassostrea sikamea,19,,5,W,No Tide,15,21,18,2.021
Crassostrea sikamea,19,,6,L,No Tide,15,21,18,3.031
Crassostrea sikamea,19,,6,W,No Tide,15,21,18,1.898
Crassostrea sikamea,19,,7,L,No Tide,15,21,18,3.427
Crassostrea sikamea,19,,7,W,No Tide,15,21,18,2.116
Crassostrea sikamea,19,,8,L,No Tide,15,21,18,2.837
Crassostrea sikamea,19,,8,W,No Tide,15,21,18,1.916
Crassostrea sikamea,19,,9,L,No Tide,15,21,18,2.578
Crassostrea sikamea,19,,9,W,No Tide,15,21,18,1.892
Crassostrea sikamea,19,,10,L,No Tide,15,21,18,3.02
Crassostrea sikamea,19,,10,W,No Tide,15,21,18,1.763
Crassostrea sikamea,19,,1,L,No Tide,21,21,18,2.73
Crassostrea sikamea,19,,1,W,No Tide,21,21,18,1.843
Crassostrea sikamea,19,,2,L,No Tide,21,21,18,2.909
Crassostrea sikamea,19,,2,W,No Tide,21,21,18,2.143
Crassostrea sikamea,19,,3,L,No Tide,21,21,18,2.676
Crassostrea sikamea,19,,3,W,No Tide,21,21,18,1.953
Crassostrea sikamea,19,,4,L,No Tide,21,21,18,2.655
Crassostrea sikamea,19,,4,W,No Tide,21,21,18,1.441
Crassostrea sikamea,19,,5,L,No Tide,21,21,18,2.608
Crassostrea sikamea,19,,5,W,No Tide,21,21,18,1.778
Crassostrea sikamea,19,,6,L,No Tide,21,21,18,3.17
Crassostrea sikamea,19,,6,W,No Tide,21,21,18,2.144
Crassostrea sikamea,19,,7,L,No Tide,21,21,18,2.822
Crassostrea sikamea,19,,7,W,No Tide,21,21,18,1.625
Crassostrea sikamea,19,,8,L,No Tide,21,21,18,2.669
Crassostrea sikamea,19,,8,W,No Tide,21,21,18,1.844
Crassostrea sikamea,19,,9,L,No Tide,21,21,18,2.655
Crassostrea sikamea,19,,9,W,No Tide,21,21,18,1.708
Crassostrea sikamea,19,,10,L,No Tide,21,21,18,2.309
Crassostrea sikamea,19,,10,W,No Tide,21,21,18,1.488
Crassostrea sikamea,19,,1,L,Tide,15,21,19,2.752
Crassostrea sikamea,19,,1,W,Tide,15,21,19,1.917
Crassostrea sikamea,19,,2,L,Tide,15,21,19,2.619
Crassostrea sikamea,19,,2,W,Tide,15,21,19,2.034
Crassostrea sikamea,19,,3,L,Tide,15,21,19,2.332
Crassostrea sikamea,19,,3,W,Tide,15,21,19,1.777
Crassostrea sikamea,19,,4,L,Tide,15,21,19,2.88
Crassostrea sikamea,19,,4,W,Tide,15,21,19,1.875
Crassostrea sikamea,19,,5,L,Tide,15,21,19,2.984
Crassostrea sikamea,19,,5,W,Tide,15,21,19,1.844
Crassostrea sikamea,19,,6,L,Tide,15,21,19,2.592
Crassostrea sikamea,19,,6,W,Tide,15,21,19,1.953
Crassostrea sikamea,19,,7,L,Tide,15,21,19,2.538
Crassostrea sikamea,19,,7,W,Tide,15,21,19,2.007
Crassostrea sikamea,19,,8,L,Tide,15,21,19,3.027
Crassostrea sikamea,19,,8,W,Tide,15,21,19,1.912
Crassostrea sikamea,19,,9,L,Tide,15,21,19,NA
Crassostrea sikamea,19,,9,W,Tide,15,21,19,NA
Crassostrea sikamea,19,,10,L,Tide,15,21,19,NA
Crassostrea sikamea,19,,10,W,Tide,15,21,19,NA
Crassostrea sikamea,19,,1,L,Tide,21,21,19,2.979
Crassostrea sikamea,19,,1,W,Tide,21,21,19,2.084
Crassostrea sikamea,19,,2,L,Tide,21,21,19,3.096
Crassostrea sikamea,19,,2,W,Tide,21,21,19,2.095
Crassostrea sikamea,19,,3,L,Tide,21,21,19,2.595
Crassostrea sikamea,19,,3,W,Tide,21,21,19,1.949
Crassostrea sikamea,19,,4,L,Tide,21,21,19,2.967
Crassostrea sikamea,19,,4,W,Tide,21,21,19,1.763
Crassostrea sikamea,19,,5,L,Tide,21,21,19,3.397
Crassostrea sikamea,19,,5,W,Tide,21,21,19,1.865
Crassostrea sikamea,19,,6,L,Tide,21,21,19,3.124
Crassostrea sikamea,19,,6,W,Tide,21,21,19,1.628
Crassostrea sikamea,19,,7,L,Tide,21,21,19,2.595
Crassostrea sikamea,19,,7,W,Tide,21,21,19,1.682
Crassostrea sikamea,19,,8,L,Tide,21,21,19,2.782
Crassostrea sikamea,19,,8,W,Tide,21,21,19,1.899
Crassostrea sikamea,19,,9,L,Tide,21,21,19,2.625
Crassostrea sikamea,19,,9,W,Tide,21,21,19,1.857
Crassostrea sikamea,19,,10,L,Tide,21,21,19,NA
Crassostrea sikamea,19,,10,W,Tide,21,21,19,NA
Crassostrea sikamea,19,,1,L,No Tide,15,21,19,2.685
Crassostrea sikamea,19,,1,W,No Tide,15,21,19,1.722
Crassostrea sikamea,19,,2,L,No Tide,15,21,19,2.997
Crassostrea sikamea,19,,2,W,No Tide,15,21,19,1.939
Crassostrea sikamea,19,,3,L,No Tide,15,21,19,2.906
Crassostrea sikamea,19,,3,W,No Tide,15,21,19,1.832
Crassostrea sikamea,19,,4,L,No Tide,15,21,19,2.783
Crassostrea sikamea,19,,4,W,No Tide,15,21,19,1.724
Crassostrea sikamea,19,,5,L,No Tide,15,21,19,2.742
Crassostrea sikamea,19,,5,W,No Tide,15,21,19,1.573
Crassostrea sikamea,19,,6,L,No Tide,15,21,19,3.447
Crassostrea sikamea,19,,6,W,No Tide,15,21,19,2.075
Crassostrea sikamea,19,,7,L,No Tide,15,21,19,2.712
Crassostrea sikamea,19,,7,W,No Tide,15,21,19,1.683
Crassostrea sikamea,19,,8,L,No Tide,15,21,19,2.886
Crassostrea sikamea,19,,8,W,No Tide,15,21,19,1.858
Crassostrea sikamea,19,,9,L,No Tide,15,21,19,2.622
Crassostrea sikamea,19,,9,W,No Tide,15,21,19,1.576
Crassostrea sikamea,19,,10,L,No Tide,15,21,19,2.795
Crassostrea sikamea,19,,10,W,No Tide,15,21,19,1.73
Crassostrea sikamea,19,,1,L,No Tide,21,21,19,2.644
Crassostrea sikamea,19,,1,W,No Tide,21,21,19,1.9
Crassostrea sikamea,19,,2,L,No Tide,21,21,19,2.889
Crassostrea sikamea,19,,2,W,No Tide,21,21,19,1.885
Crassostrea sikamea,19,,3,L,No Tide,21,21,19,2.753
Crassostrea sikamea,19,,3,W,No Tide,21,21,19,1.479
Crassostrea sikamea,19,,4,L,No Tide,21,21,19,2.647
Crassostrea sikamea,19,,4,W,No Tide,21,21,19,2.102
Crassostrea sikamea,19,,5,L,No Tide,21,21,19,2.612
Crassostrea sikamea,19,,5,W,No Tide,21,21,19,1.75
Crassostrea sikamea,19,,6,L,No Tide,21,21,19,3.157
Crassostrea sikamea,19,,6,W,No Tide,21,21,19,2.024
Crassostrea sikamea,19,,7,L,No Tide,21,21,19,2.667
Crassostrea sikamea,19,,7,W,No Tide,21,21,19,2.021
Crassostrea sikamea,19,,8,L,No Tide,21,21,19,2.62
Crassostrea sikamea,19,,8,W,No Tide,21,21,19,1.858
Crassostrea sikamea,19,,9,L,No Tide,21,21,19,2.447
Crassostrea sikamea,19,,9,W,No Tide,21,21,19,1.9
Crassostrea sikamea,19,,10,L,No Tide,21,21,19,2.646
Crassostrea sikamea,19,,10,W,No Tide,21,21,19,1.668
Crassostrea sikamea,19,,1,L,Tide,15,21,20,2.603
Crassostrea sikamea,19,,1,W,Tide,15,21,20,1.877
Crassostrea sikamea,19,,2,L,Tide,15,21,20,2.855
Crassostrea sikamea,19,,2,W,Tide,15,21,20,1.812
Crassostrea sikamea,19,,3,L,Tide,15,21,20,2.992
Crassostrea sikamea,19,,3,W,Tide,15,21,20,1.864
Crassostrea sikamea,19,,4,L,Tide,15,21,20,2.444
Crassostrea sikamea,19,,4,W,Tide,15,21,20,1.961
Crassostrea sikamea,19,,5,L,Tide,15,21,20,2.483
Crassostrea sikamea,19,,5,W,Tide,15,21,20,1.85
Crassostrea sikamea,19,,6,L,Tide,15,21,20,2.701
Crassostrea sikamea,19,,6,W,Tide,15,21,20,1.822
Crassostrea sikamea,19,,7,L,Tide,15,21,20,2.372
Crassostrea sikamea,19,,7,W,Tide,15,21,20,1.786
Crassostrea sikamea,19,,8,L,Tide,15,21,20,2.716
Crassostrea sikamea,19,,8,W,Tide,15,21,20,1.973
Crassostrea sikamea,19,,9,L,Tide,15,21,20,3.428
Crassostrea sikamea,19,,9,W,Tide,15,21,20,1.933
Crassostrea sikamea,19,,10,L,Tide,15,21,20,NA
Crassostrea sikamea,19,,10,W,Tide,15,21,20,NA
Crassostrea sikamea,19,,1,L,Tide,21,21,20,2.671
Crassostrea sikamea,19,,1,W,Tide,21,21,20,1.742
Crassostrea sikamea,19,,2,L,Tide,21,21,20,2.247
Crassostrea sikamea,19,,2,W,Tide,21,21,20,1.466
Crassostrea sikamea,19,,3,L,Tide,21,21,20,2.91
Crassostrea sikamea,19,,3,W,Tide,21,21,20,1.952
Crassostrea sikamea,19,,4,L,Tide,21,21,20,2.603
Crassostrea sikamea,19,,4,W,Tide,21,21,20,1.836
Crassostrea sikamea,19,,5,L,Tide,21,21,20,2.781
Crassostrea sikamea,19,,5,W,Tide,21,21,20,1.824
Crassostrea sikamea,19,,6,L,Tide,21,21,20,2.455
Crassostrea sikamea,19,,6,W,Tide,21,21,20,1.695
Crassostrea sikamea,19,,7,L,Tide,21,21,20,2.577
Crassostrea sikamea,19,,7,W,Tide,21,21,20,1.822
Crassostrea sikamea,19,,8,L,Tide,21,21,20,2.953
Crassostrea sikamea,19,,8,W,Tide,21,21,20,1.63
Crassostrea sikamea,19,,9,L,Tide,21,21,20,NA
Crassostrea sikamea,19,,9,W,Tide,21,21,20,NA
Crassostrea sikamea,19,,10,L,Tide,21,21,20,NA
Crassostrea sikamea,19,,10,W,Tide,21,21,20,NA
Crassostrea sikamea,19,,1,L,No Tide,15,21,20,2.499
Crassostrea sikamea,19,,1,W,No Tide,15,21,20,1.452
Crassostrea sikamea,19,,2,L,No Tide,15,21,20,2.329
Crassostrea sikamea,19,,2,W,No Tide,15,21,20,1.945
Crassostrea sikamea,19,,3,L,No Tide,15,21,20,3.233
Crassostrea sikamea,19,,3,W,No Tide,15,21,20,2.033
Crassostrea sikamea,19,,4,L,No Tide,15,21,20,3.18
Crassostrea sikamea,19,,4,W,No Tide,15,21,20,1.836
Crassostrea sikamea,19,,5,L,No Tide,15,21,20,2.555
Crassostrea sikamea,19,,5,W,No Tide,15,21,20,1.543
Crassostrea sikamea,19,,6,L,No Tide,15,21,20,2.458
Crassostrea sikamea,19,,6,W,No Tide,15,21,20,1.688
Crassostrea sikamea,19,,7,L,No Tide,15,21,20,2.697
Crassostrea sikamea,19,,7,W,No Tide,15,21,20,1.73
Crassostrea sikamea,19,,8,L,No Tide,15,21,20,2.853
Crassostrea sikamea,19,,8,W,No Tide,15,21,20,1.685
Crassostrea sikamea,19,,9,L,No Tide,15,21,20,2.645
Crassostrea sikamea,19,,9,W,No Tide,15,21,20,1.863
Crassostrea sikamea,19,,10,L,No Tide,15,21,20,2.599
Crassostrea sikamea,19,,10,W,No Tide,15,21,20,2
Crassostrea sikamea,19,,1,L,No Tide,21,21,20,NA
Crassostrea sikamea,19,,1,W,No Tide,21,21,20,NA
Crassostrea sikamea,19,,2,L,No Tide,21,21,20,2.795
Crassostrea sikamea,19,,2,W,No Tide,21,21,20,1.85
Crassostrea sikamea,19,,3,L,No Tide,21,21,20,2.662
Crassostrea sikamea,19,,3,W,No Tide,21,21,20,1.754
Crassostrea sikamea,19,,4,L,No Tide,21,21,20,2.963
Crassostrea sikamea,19,,4,W,No Tide,21,21,20,1.836
Crassostrea sikamea,19,,5,L,No Tide,21,21,20,2.617
Crassostrea sikamea,19,,5,W,No Tide,21,21,20,1.795
Crassostrea sikamea,19,,6,L,No Tide,21,21,20,2.288
Crassostrea sikamea,19,,6,W,No Tide,21,21,20,1.575
Crassostrea sikamea,19,,7,L,No Tide,21,21,20,3.268
Crassostrea sikamea,19,,7,W,No Tide,21,21,20,1.933
Crassostrea sikamea,19,,8,L,No Tide,21,21,20,2.918
Crassostrea sikamea,19,,8,W,No Tide,21,21,20,1.66
Crassostrea sikamea,19,,9,L,No Tide,21,21,20,2.945
Crassostrea sikamea,19,,9,W,No Tide,21,21,20,2.015
Crassostrea sikamea,19,,10,L,No Tide,21,21,20,3.26
Crassostrea sikamea,19,,10,W,No Tide,21,21,20,1.754
